model,config,seed,best_mAP50,last_mAP50,delta
yolo11s,domain_fold0,42,0.5775661574399117,0.5775661574399117,0.0
yolo11s,domain_fold0,1,0.22798261063140024,0.22798261063140024,0.0
yolo11s,domain_fold0,2,0.4369857926273826,0.2880884143165462,0.14889737831083638
yolo11s,domain_fold1,42,0.4463458004966997,0.3462858051835456,0.10005999531315407
yolo11s,domain_fold1,1,0.4750382206288617,0.3693595488421817,0.10567867178668
yolo11s,domain_fold1,2,0.5174250361691317,0.481443639356499,0.03598139681263274
yolo11s,domain_fold2,42,0.6269867423219322,0.6229224034944529,0.0040643388274792525
yolo11s,domain_fold2,1,0.6055139672134491,0.5975297981905492,0.00798416902289989
yolo11s,domain_fold2,2,0.47496059608913443,0.47496059608913443,0.0
yolo11s,domain_fold3,42,0.5303664411849291,0.3920912990660166,0.13827514211891256
yolo11s,domain_fold3,1,0.564838368742566,0.4646276350054893,0.10021073373707667
yolo11s,domain_fold3,2,0.5542184314265745,0.4802655683643323,0.07395286306224214
yolo11s,domain_fold4,42,0.586952635400161,0.5837258581419134,0.003226777258247604
yolo11s,domain_fold4,1,0.6240340938511149,0.5743291078420941,0.049704986009020735
yolo11s,domain_fold4,2,0.5929928521017862,0.5659395243417783,0.027053327760007906
yolo11s,random_fold0,42,0.6643608233649347,0.6643608233649347,0.0
yolo11s,random_fold0,1,0.654019543858495,0.6498198538395902,0.004199690018904856
yolo11s,random_fold0,2,0.6691239137648854,0.6678057046688651,0.0013182090960203174
yolo11s,random_fold1,42,0.6662963592663926,0.6662648631566466,3.1496109746065315e-05
yolo11s,random_fold1,1,0.6693536646635795,0.6693536646635795,0.0
yolo11s,random_fold1,2,0.6669429131687442,0.6669963579635749,-5.344479483071485e-05
yolo11s,random_fold2,42,0.6768488913884696,0.67329319886011,0.003555692528359633
yolo11s,random_fold2,1,0.6767485296230544,0.6767485296230544,0.0
yolo11s,random_fold2,2,0.6800147748198309,0.6802050244524769,-0.00019024963264602235
yolo11s,random_fold3,42,0.6777147176995858,0.6777147176995858,0.0
yolo11s,random_fold3,1,0.6832761934237869,0.6832761934237869,0.0
yolo11s,random_fold3,2,0.6889307839564971,0.6889307839564971,0.0
yolo11s,random_fold4,42,0.6762036852035249,0.6758509066573959,0.0003527785461290289
yolo11s,random_fold4,1,0.6828335809620253,0.6828335809620253,0.0
yolo11s,random_fold4,2,0.6669801654089818,0.6566264541222937,0.01035371128668805
yolo11n,domain_fold0,42,0.44831217006863533,0.33591426628176035,0.11239790378687498
yolo11n,domain_fold0,1,0.4410462071704581,0.30972105693995183,0.13132515023050628
yolo11n,domain_fold0,2,0.44670148618448907,0.3691509183943773,0.07755056779011177
yolo11n,domain_fold1,42,0.6025008001250443,0.5942166374976501,0.008284162627394176
yolo11n,domain_fold1,1,0.4536845212947533,0.45304993160942,0.0006345896853333088
yolo11n,domain_fold1,2,0.4044434681818903,0.33918394729799084,0.06525952088389947
yolo11n,domain_fold2,42,0.6035013805236629,0.5771887048887427,0.026312675634920124
yolo11n,domain_fold2,1,0.5902449872268785,0.5788339080639244,0.01141107916295403
yolo11n,domain_fold2,2,0.5621699710928345,0.5611094065328845,0.0010605645599499613
yolo11n,domain_fold3,42,0.5541911725528252,0.429969816739857,0.12422135581296823
yolo11n,domain_fold3,1,0.5255849023481913,0.37773866568925457,0.14784623665893676
yolo11n,domain_fold3,2,0.550490169396094,0.4941796532665754,0.05631051612951854
yolo11n,domain_fold4,42,0.5235003937683382,0.4877091008698924,0.03579129289844585
yolo11n,domain_fold4,1,0.49952131169181574,0.4947946860198046,0.004726625672011153
yolo11n,domain_fold4,2,0.5290945457585203,0.45257209670753207,0.07652244905098826
yolo11n,random_fold0,42,0.6495727113196799,0.6435283171225115,0.006044394197168401
yolo11n,random_fold0,1,0.6351131600314754,0.6340359524330951,0.0010772075983803697
yolo11n,random_fold0,2,0.6522106253177693,0.6508276547682895,0.0013829705494797784
yolo11n,random_fold1,42,0.6304422992368122,0.6304422992368122,0.0
yolo11n,random_fold1,1,0.6240007380250624,0.6229620466031375,0.00103869142192492
yolo11n,random_fold1,2,0.637841739454883,0.637841739454883,0.0
yolo11n,random_fold2,42,0.6477334485523996,0.6423320457967934,0.005401402755606188
yolo11n,random_fold2,1,0.6476436214931537,0.6415760900603955,0.0060675314327581775
yolo11n,random_fold2,2,0.6451214196862987,0.6441139351814772,0.0010074845048214653
yolo11n,random_fold3,42,0.6608367966439814,0.6608367966439814,0.0
yolo11n,random_fold3,1,0.6566543894432741,0.654687337139799,0.0019670523034751586
yolo11n,random_fold3,2,0.6006409630217958,0.5929381864424892,0.007702776579306625
yolo11n,random_fold4,42,0.6526506536682468,0.6471742891197654,0.005476364548481438
yolo11n,random_fold4,1,0.6403282706156875,0.6397226702683615,0.0006056003473260407
