model,config,seed,eval_on,mAP50,mAP50_95,precision,recall
yolo11s,domain_fold0,42,gwhd,0.5775945310747668,0.4007482901176809,0.7595331285939997,0.5377680682493813
yolo11s,domain_fold1,42,gwhd,0.4462903669835588,0.26543274236181574,0.5126948559902076,0.5004219409282701
yolo11s,domain_fold2,42,gwhd,0.6270641561850909,0.434923879666502,0.7916883595184014,0.5780160299781409
yolo11s,domain_fold3,42,gwhd,0.530481483947594,0.3313332246738396,0.6405620272508962,0.5018356596846567
yolo11s,domain_fold4,42,gwhd,0.5869266056229103,0.4223948859910176,0.7424026872482974,0.5526876627989581
yolo11s,random_fold0,42,gwhd,0.6643418228226478,0.4836040969154175,0.8355432677302831,0.5999605960739361
yolo11s,random_fold1,42,gwhd,0.6662359116297432,0.48084136872447053,0.8377054740272222,0.600454669455306
yolo11s,random_fold2,42,gwhd,0.6768065578052345,0.4892649890746135,0.848619865234053,0.6077292286456305
yolo11s,random_fold3,42,gwhd,0.6776855036422097,0.49383087960577177,0.8454307602217556,0.6136163097315999
yolo11s,random_fold4,42,gwhd,0.6761744947832344,0.4891776534977346,0.8535722070616204,0.6092876334325757
