model,config,seed,best_top1,last_top1,delta,best_top5,last_top5
yolo11n-cls,patient_fold0,42,0.9433842301368713,0.9338422417640686,0.009541988372802734,1.0,1.0
yolo11n-cls,patient_fold0,1,0.944656491279602,0.9204834699630737,0.02417302131652832,1.0,1.0
yolo11n-cls,patient_fold0,2,0.9548345804214478,0.9300254583358765,0.02480912208557129,1.0,1.0
yolo11n-cls,patient_fold0,3,0.9427480697631836,0.9255725145339966,0.01717555522918701,1.0,1.0
yolo11n-cls,patient_fold0,4,0.945292592048645,0.9249364137649536,0.020356178283691406,1.0,1.0
yolo11n-cls,patient_fold1,42,0.8695380687713623,0.8483145833015442,0.021223485469818115,1.0,1.0
yolo11n-cls,patient_fold1,1,0.8732833862304688,0.8607990145683289,0.012484371662139893,1.0,1.0
yolo11n-cls,patient_fold1,2,0.8695380687713623,0.8501872420310974,0.019350826740264893,1.0,1.0
yolo11n-cls,patient_fold1,3,0.8614231944084167,0.8370786309242249,0.024344563484191895,1.0,1.0
yolo11n-cls,patient_fold1,4,0.86329585313797,0.8458177447319031,0.017478108406066895,1.0,1.0
yolo11n-cls,patient_fold2,42,0.887532114982605,0.8412596583366394,0.046272456645965576,1.0,1.0
yolo11n-cls,patient_fold2,1,0.872107982635498,0.8168380260467529,0.05526995658874512,1.0,1.0
yolo11n-cls,patient_fold2,2,0.8746786713600159,0.8361182808876038,0.03856039047241211,1.0,1.0
yolo11n-cls,patient_fold2,3,0.8791773915290833,0.8457583785057068,0.033419013023376465,1.0,1.0
yolo11n-cls,patient_fold2,4,0.8740360140800476,0.8483290672302246,0.025706946849822998,1.0,1.0
yolo11n-cls,patient_fold3,42,0.9474343061447144,0.9161452054977417,0.031289100646972656,1.0,1.0
yolo11n-cls,patient_fold3,1,0.9474343061447144,0.9055069088935852,0.04192739725112915,1.0,1.0
yolo11n-cls,patient_fold3,2,0.9518147706985474,0.9255319237709045,0.026282846927642822,1.0,1.0
yolo11n-cls,patient_fold3,3,0.944931149482727,0.9236545562744141,0.02127659320831299,1.0,1.0
yolo11n-cls,patient_fold3,4,0.9418022632598877,0.927409291267395,0.014392971992492676,1.0,1.0
yolo11n-cls,patient_fold4,42,0.9291587471961975,0.9076533913612366,0.021505355834960938,1.0,1.0
yolo11n-cls,patient_fold4,1,0.918406069278717,0.913345992565155,0.005060076713562012,1.0,1.0
yolo11n-cls,patient_fold4,2,0.9203035831451416,0.9038583040237427,0.016445279121398926,1.0,1.0
yolo11n-cls,patient_fold4,3,0.9285262227058411,0.8969007134437561,0.03162550926208496,1.0,1.0
yolo11n-cls,patient_fold4,4,0.9291587471961975,0.9114484786987305,0.01771026849746704,1.0,1.0
yolo11n-cls,random_fold0,42,0.991782546043396,0.9879899024963379,0.0037926435470581055,1.0,1.0
yolo11n-cls,random_fold0,1,0.991150438785553,0.9892541170120239,0.0018963217735290527,1.0,1.0
yolo11n-cls,random_fold0,2,0.991782546043396,0.991150438785553,0.0006321072578430176,1.0,1.0
yolo11n-cls,random_fold0,3,0.991150438785553,0.9898862242698669,0.0012642145156860352,1.0,1.0
yolo11n-cls,random_fold0,4,0.992414653301239,0.991782546043396,0.0006321072578430176,1.0,1.0
yolo11n-cls,random_fold1,42,0.992414653301239,0.991782546043396,0.0006321072578430176,1.0,1.0
yolo11n-cls,random_fold1,1,0.992414653301239,0.991150438785553,0.0012642145156860352,1.0,1.0
yolo11n-cls,random_fold1,2,0.991782546043396,0.991782546043396,0.0,1.0,1.0
yolo11n-cls,random_fold1,3,0.9898862242698669,0.99051833152771,-0.0006321072578430176,1.0,1.0
yolo11n-cls,random_fold1,4,0.993046760559082,0.991782546043396,0.0012642145156860352,1.0,1.0
yolo11n-cls,random_fold2,42,0.992414653301239,0.99051833152771,0.0018963217735290527,1.0,1.0
yolo11n-cls,random_fold2,1,0.9892541170120239,0.9892541170120239,0.0,1.0,1.0
yolo11n-cls,random_fold2,2,0.9898862242698669,0.9879899024963379,0.0018963217735290527,1.0,1.0
yolo11n-cls,random_fold2,3,0.9873577952384949,0.985461413860321,0.0018963813781738281,1.0,1.0
yolo11n-cls,random_fold2,4,0.9879899024963379,0.9879899024963379,0.0,1.0,1.0
yolo11n-cls,random_fold3,42,0.993046760559082,0.993046760559082,0.0,1.0,1.0
yolo11n-cls,random_fold3,1,0.993678867816925,0.991782546043396,0.0018963217735290527,1.0,1.0
yolo11n-cls,random_fold3,2,0.9943109750747681,0.9943109750747681,0.0,1.0,1.0
yolo11n-cls,random_fold3,3,0.99051833152771,0.99051833152771,0.0,1.0,1.0
yolo11n-cls,random_fold3,4,0.99051833152771,0.9892541170120239,0.0012642145156860352,1.0,1.0
yolo11n-cls,random_fold4,42,0.9911448359489441,0.9886147975921631,0.002530038356781006,1.0,1.0
yolo11n-cls,random_fold4,1,0.992409884929657,0.9911448359489441,0.0012650489807128906,1.0,1.0
yolo11n-cls,random_fold4,2,0.9930423498153687,0.992409884929657,0.0006324648857116699,1.0,1.0
yolo11n-cls,random_fold4,3,0.9917773604393005,0.9917773604393005,0.0,1.0,1.0
yolo11n-cls,random_fold4,4,0.9917773604393005,0.9905123114585876,0.0012650489807128906,1.0,1.0
yolo11s-cls,patient_fold0,42,0.9427480697631836,0.9249364137649536,0.01781165599822998,1.0,1.0
yolo11s-cls,patient_fold0,1,0.945292592048645,0.9083969593048096,0.03689563274383545,1.0,1.0
yolo11s-cls,patient_fold0,2,0.9376590251922607,0.9230279922485352,0.014631032943725586,1.0,1.0
yolo11s-cls,patient_fold0,3,0.8256997466087341,0.7989822030067444,0.026717543601989746,1.0,1.0
yolo11s-cls,patient_fold0,4,0.9484732747077942,0.9147582650184631,0.033715009689331055,1.0,1.0
yolo11s-cls,patient_fold1,42,0.8782771825790405,0.8620474338531494,0.016229748725891113,1.0,1.0
yolo11s-cls,patient_fold1,1,0.8651685118675232,0.8495630621910095,0.015605449676513672,1.0,1.0
yolo11s-cls,patient_fold1,2,0.8739076256752014,0.8520599007606506,0.02184772491455078,1.0,1.0
yolo11s-cls,patient_fold1,3,0.8651685118675232,0.8526841402053833,0.012484371662139893,1.0,1.0
yolo11s-cls,patient_fold1,4,0.8770287036895752,0.853308379650116,0.02372032403945923,1.0,1.0
yolo11s-cls,patient_fold2,42,0.8766067028045654,0.8277634978294373,0.048843204975128174,1.0,1.0
yolo11s-cls,patient_fold2,1,0.8541131019592285,0.8354755640029907,0.018637537956237793,1.0,1.0
yolo11s-cls,patient_fold2,2,0.8733932971954346,0.8502570986747742,0.0231361985206604,1.0,1.0
yolo11s-cls,patient_fold2,3,0.877892017364502,0.8316195607185364,0.046272456645965576,1.0,1.0
yolo11s-cls,patient_fold2,4,0.8695372939109802,0.8239074349403381,0.04562985897064209,1.0,1.0
yolo11s-cls,patient_fold3,42,0.9380475878715515,0.8654568195343018,0.07259076833724976,1.0,1.0
yolo11s-cls,patient_fold3,1,0.9443053603172302,0.9311639666557312,0.013141393661499023,1.0,1.0
yolo11s-cls,patient_fold3,2,0.9418022632598877,0.9061326384544373,0.03566962480545044,1.0,1.0
yolo11s-cls,patient_fold3,3,0.9555694460868835,0.9255319237709045,0.030037522315979004,1.0,1.0
yolo11s-cls,patient_fold3,4,0.9436795711517334,0.8554443120956421,0.08823525905609131,1.0,1.0
yolo11s-cls,patient_fold4,42,0.9278937578201294,0.9044908285140991,0.023402929306030273,1.0,1.0
yolo11s-cls,patient_fold4,1,0.929791271686554,0.9165085554122925,0.013282716274261475,1.0,1.0
yolo11s-cls,patient_fold4,2,0.9222011566162109,0.9076533913612366,0.014547765254974365,1.0,1.0
yolo11s-cls,patient_fold4,3,0.9190385937690735,0.9032257795333862,0.015812814235687256,1.0,1.0
yolo11s-cls,patient_fold4,4,0.9240986704826355,0.9032257795333862,0.020872890949249268,1.0,1.0
yolo11s-cls,random_fold0,42,0.992414653301239,0.992414653301239,0.0,1.0,1.0
yolo11s-cls,random_fold0,1,0.991150438785553,0.9892541170120239,0.0018963217735290527,1.0,1.0
yolo11s-cls,random_fold0,2,0.991150438785553,0.991150438785553,0.0,1.0,1.0
yolo11s-cls,random_fold0,3,0.993046760559082,0.9898862242698669,0.003160536289215088,1.0,1.0
yolo11s-cls,random_fold0,4,0.991782546043396,0.991150438785553,0.0006321072578430176,1.0,1.0
yolo11s-cls,random_fold1,42,0.9955752491950989,0.993046760559082,0.0025284886360168457,1.0,1.0
yolo11s-cls,random_fold1,1,0.992414653301239,0.991150438785553,0.0012642145156860352,1.0,1.0
yolo11s-cls,random_fold1,2,0.9943109750747681,0.992414653301239,0.0018963217735290527,1.0,1.0
yolo11s-cls,random_fold1,3,0.9949430823326111,0.993678867816925,0.0012642145156860352,1.0,1.0
yolo11s-cls,random_fold1,4,0.993678867816925,0.993046760559082,0.0006321072578430176,1.0,1.0
yolo11s-cls,random_fold2,42,0.991150438785553,0.99051833152771,0.0006321072578430176,1.0,1.0
yolo11s-cls,random_fold2,1,0.991782546043396,0.9886220097541809,0.003160536289215088,1.0,1.0
yolo11s-cls,random_fold2,2,0.9898862242698669,0.984829306602478,0.005056917667388916,1.0,1.0
yolo11s-cls,random_fold2,3,0.9898862242698669,0.9873577952384949,0.0025284290313720703,1.0,1.0
yolo11s-cls,random_fold2,4,0.992414653301239,0.992414653301239,0.0,1.0,1.0
yolo11s-cls,random_fold3,42,0.992414653301239,0.991782546043396,0.0006321072578430176,1.0,1.0
yolo11s-cls,random_fold3,1,0.993678867816925,0.992414653301239,0.0012642145156860352,1.0,1.0
yolo11s-cls,random_fold3,2,0.993678867816925,0.993046760559082,0.0006321072578430176,1.0,1.0
yolo11s-cls,random_fold3,3,0.993678867816925,0.993678867816925,0.0,1.0,1.0
yolo11s-cls,random_fold3,4,0.9949430823326111,0.993046760559082,0.0018963217735290527,1.0,1.0
yolo11s-cls,random_fold4,42,0.9943073987960815,0.9936748743057251,0.0006325244903564453,1.0,1.0
yolo11s-cls,random_fold4,1,0.9943073987960815,0.9943073987960815,0.0,1.0,1.0
yolo11s-cls,random_fold4,2,0.9936748743057251,0.9936748743057251,0.0,1.0,1.0
yolo11s-cls,random_fold4,3,0.9962049126625061,0.9962049126625061,0.0,1.0,1.0
yolo11s-cls,random_fold4,4,0.9943073987960815,0.9930423498153687,0.0012650489807128906,1.0,1.0
