unit,n,mean_max_prob,mean_entropy,mean_margin,score
14-10147,64,0.8664312437176704,0.2841060036363038,0.7328624882564441,0.346875
14-10926,39,0.9069527678000622,0.1986302570176081,0.8139055306896807,0.8615384697914124
14-11031,60,0.9151855359474818,0.2007450045410854,0.8303710701575775,0.846666669845581
14-11520,98,0.9964510695058472,0.0119258579257355,0.9929021393068774,1.0
14-11951,100,0.9936806654930116,0.0185556215744233,0.9873613328688284,0.9740000009536743
14-12204,103,0.9998973359182044,0.0007470202891615,0.9997946691737762,1.0
14-12312,146,0.972099150288595,0.071269030950075,0.9441983006435836,0.9575342416763306
14-12465,74,0.9999727614828058,0.0002440041436377,0.9999455207117032,0.9864864826202393
14-12773,90,0.9316838403542836,0.1566287811417325,0.8633676796529112,0.8977777838706971
14-13200,65,0.9293269184919504,0.1712340664864209,0.8586538344436401,0.9630769252777099
14-13412,246,0.9582952958781544,0.0952273618836332,0.9165905936150408,0.9235772252082824
14-13413,119,0.9998525661580704,0.0011529696884153,0.999705130382944,0.9798319339752197
14-13418DE,55,0.922489187934182,0.1913663026285647,0.8449783806117691,0.7563636422157287
14-13993,145,0.9983175051623376,0.0076922897521162,0.9966350120761788,1.0
14-14015,95,0.999977876010694,0.0002128004022784,0.9999557532831777,1.0
14-14134,142,0.9879485557616596,0.0296931981310523,0.9758971111209894,0.9112676024436951
14-14134E,94,0.9815711277596494,0.0465710047665988,0.963142261564886,0.978723406791687
14-14926,73,0.9965977636102128,0.0145669725277088,0.9931955239675232,0.8931506872177124
14-14946,131,0.9934018563678246,0.0205735201558895,0.9868037073428784,0.9709923744201661
14-15275,53,0.8912385196056006,0.256708129868098,0.7824770372482027,0.8113207578659057
14-15570,201,0.972193307247921,0.0726510311528882,0.9443866140012817,0.9402984976768494
14-15570C,125,0.9752550768852234,0.0613131445661902,0.9505101520335172,0.9871999979019165
14-15572,80,0.9999059088528156,0.0006811427523221,0.9998118139803148,1.0
14-15687B,62,0.8966104167122995,0.2528034994036477,0.7932208324207075,0.26774193644523614
14-15696,83,0.9995359713772692,0.0025181184176474,0.999071940830048,1.0
14-15704,127,0.9845416376909872,0.0342083766852627,0.9690832761157802,0.9952755928039551
14-15792,55,0.9552589069713244,0.1232819349239719,0.9105178172048248,0.9709090948104858
14-16184,132,0.9469536380334334,0.1274684884769826,0.8939072738807303,0.8863636374473571
14-16184CD,124,0.9521149353634928,0.1096442678347455,0.9042298667592072,0.7919354796409607
14-16188,87,0.9995064954648072,0.0026966455712403,0.9990129865578542,0.9954022884368896
14-16196,74,0.9905452253045264,0.0241819876924534,0.9810904571641418,1.0
14-16336,60,0.997914989789327,0.0082271949363121,0.99582997591629,1.0
14-16448,53,0.9842241608871604,0.0370250244442862,0.9684483215700712,0.9849056720733642
14-16456,178,0.9475800391663326,0.1152268208676772,0.895160080288712,0.8528089880943298
14-16601,45,0.9993843250804476,0.0028540987614332,0.9987686430874784,0.9955555558204651
14-16716,137,0.9997419540899514,0.0014699998548266,0.9994839053321016,1.0
14-16875,61,0.9600507177290368,0.0940642775506546,0.9201014401880754,0.9967213153839112
14-17614,129,0.9999863643978916,0.000128216505371,0.9999727251004686,1.0
14-17901,104,0.9999976215454248,2.7874371041203222e-05,0.9999952428536596,1.0
14-17915,79,0.9999792206136486,0.0001624482373162,0.9999584357075246,0.9544303774833679
14-18650,108,0.9932596534490584,0.0254500762592717,0.9865193130127088,1.0
14-18842,62,0.9999946134705696,5.549136764263209e-05,0.9999892255558264,1.0
14-18842D,64,0.9482786962762476,0.1108889739895528,0.8965573959031864,0.90625
14-19440,142,0.999674769354538,0.0020835704457384,0.9993495371926074,0.9901408553123474
14-19854C,64,0.9858967317268252,0.0363324641719166,0.9717934646386456,0.8125
14-19979,98,0.918961273772376,0.2050208537261882,0.8379225501751729,0.9755102038383484
14-19979C,62,0.975374048756015,0.0579033028943614,0.9507480943920044,0.8838709712028503
14-20629,125,0.9991905364990236,0.0044143943946199,0.9983810711667672,0.9983999967575073
14-20636,111,0.9996363418596284,0.0020378045729662,0.9992726760468296,1.0
14-21978AB,65,0.933512152158297,0.1593390090836384,0.8670243054611435,0.8523077011108399
14-21998AB,235,0.9525071156785844,0.120807160940954,0.9050142324840668,0.6714893579483032
14-21998CD,137,0.975602453642518,0.0703658272437356,0.9512049074467596,0.9912408828735352
14-21998EF,121,0.9701763150120568,0.0816667001818556,0.940352625327404,0.9669421553611756
14-22549AB,121,0.9751578081737864,0.0587414087126485,0.9503156139031936,0.9322314143180848
14-22549CD,132,0.9493815980174324,0.1166132238898095,0.8987631946847502,0.8545454502105713
14-22549G,130,0.9234033621274508,0.1752926474671482,0.8468067261956537,0.5600000113248825
14-22704,158,0.9824149718012992,0.0432581983452807,0.9648299383468214,0.9784809947013855
14-23060AB,81,0.9667228445594692,0.0901454182910229,0.9334456961170248,0.9679012417793273
14-23060CD,57,0.975639353718674,0.066286816696164,0.9512787090582592,0.9929824590682983
14-23222AB,68,0.9667560063740788,0.0929507883900719,0.9335120153550764,0.9352941274642944
14-25197,120,0.907611504693826,0.2079913509014169,0.8152230057676387,0.33833333551883693
14-2523,75,0.9980617459615072,0.008281992308363,0.9961234980055572,0.9946666717529297
14-2773,144,0.9836297349797356,0.0436734621789655,0.9672594702779488,0.9847222208976746
14-29315EF,60,0.8356601347525915,0.3572889189908764,0.6713202726035282,0.7666666746139527
14-2980,84,0.9998615930477778,0.0009853765137125,0.9997231840967928,0.9976190447807312
14-2985,59,0.9943020131628392,0.0147678515498364,0.9886040279050824,0.996610164642334
14-29960AB,68,0.9878260572167004,0.0384878937207375,0.975652119734508,0.06176470685750242
14-29960CD,61,0.9940353358378176,0.0153642807867732,0.9880706662092544,1.0
14-3411F,66,0.8853491391196395,0.2500799950990552,0.7706982729596774,0.799999988079071
14-3909,95,0.941038193200764,0.1451867340660544,0.8820763859588442,0.7410526394844055
14-4364,44,0.9937249191782692,0.0247923390505929,0.987449828946014,0.9636363625526428
14-4372,84,0.9992237381991886,0.0050000888028004,0.9984474779700064,1.0
14-5287,88,0.9999503601681102,0.0003924846527804,0.9999007138895384,0.9977272748947144
14-5694,90,0.996075799730089,0.0074050548327732,0.992151597488143,0.9933333277702332
14-5695,90,0.9998225887616476,0.0009877999205708,0.9996451733655763,1.0
14-6241,78,0.992917911364482,0.030835299093639,0.9858358291159868,0.9820512652397155
14-8168,38,0.9952268584778434,0.024972491613339,0.9904537196186668,1.0
14-9133,126,0.9710043488986908,0.0841724059858819,0.942008696278888,0.9571428537368775
14-9146,90,0.8818119731214311,0.2697084620624975,0.7636239460438244,0.8088888764381409
14-9461,155,0.9850839503349796,0.0542962449145459,0.9701679063294748,0.9858064532279969
15-190EF,65,0.8873146735704862,0.2600007820238738,0.7746293521990433,0.7661538600921631
