dataset,pair,n_units,d,pool_flip_at_half,k_for_5pct_population,k_for_5pct_within_pool,reachable_in_pool
durian farms,frcnn-r50 vs rtdetr-l,8,0.056,0.465,863,8,True
durian farms,frcnn-r50 vs yolo11l,8,0.268,0.2573,38,7,True
durian farms,frcnn-r50 vs yolo11m,8,0.268,0.25,38,7,True
durian farms,frcnn-r50 vs yolo11n,8,0.022,0.4837,5591,8,True
durian farms,frcnn-r50 vs yolo11s,8,0.144,0.3597,131,8,True
durian farms,rtdetr-l vs yolo11l,8,0.263,0.3317,40,7,True
durian farms,rtdetr-l vs yolo11m,8,0.25,0.381,44,7,True
durian farms,rtdetr-l vs yolo11n,8,0.04,0.4447,1692,8,True
durian farms,rtdetr-l vs yolo11s,8,0.11,0.4687,224,8,True
durian farms,yolo11l vs yolo11m,8,0.149,0.3693,122,8,True
durian farms,yolo11l vs yolo11n,8,0.303,0.1837,30,7,True
durian farms,yolo11l vs yolo11s,8,0.776,0.0133,5,3,True
durian farms,yolo11m vs yolo11n,8,0.269,0.321,38,7,True
durian farms,yolo11m vs yolo11s,8,0.843,0.0153,4,3,True
durian farms,yolo11n vs yolo11s,8,0.327,0.1967,26,7,True
GWHD sessions,yolo11n vs yolo11s,47,0.208,0.1637,63,27,True
BreaKHis patients,yolo11n-cls vs yolo11s-cls,81,0.211,0.057,61,35,True
HAR subjects,mlp256 vs rf,30,0.519,0.016,11,8,True
