dataset,unit_id,model,score
durian,byfarm_fold0,frcnn-r50,0.1758
durian,byfarm_fold0,rtdetr-l,0.2123
durian,byfarm_fold0,yolo11l,0.1923
durian,byfarm_fold0,yolo11m,0.1947
durian,byfarm_fold0,yolo11n,0.1875
durian,byfarm_fold0,yolo11s,0.2086
durian,byfarm_fold1,frcnn-r50,0.295
durian,byfarm_fold1,rtdetr-l,0.2572
durian,byfarm_fold1,yolo11l,0.4059
durian,byfarm_fold1,yolo11m,0.3893
durian,byfarm_fold1,yolo11n,0.3982
durian,byfarm_fold1,yolo11s,0.3927
durian,byfarm_fold2,frcnn-r50,0.1391
durian,byfarm_fold2,rtdetr-l,0.1332
durian,byfarm_fold2,yolo11l,0.1025
durian,byfarm_fold2,yolo11m,0.1151
durian,byfarm_fold2,yolo11n,0.1134
durian,byfarm_fold2,yolo11s,0.104
durian,byfarm_fold3,frcnn-r50,0.2754
durian,byfarm_fold3,rtdetr-l,0.2822
durian,byfarm_fold3,yolo11l,0.3034
durian,byfarm_fold3,yolo11m,0.3014
durian,byfarm_fold3,yolo11n,0.3403
durian,byfarm_fold3,yolo11s,0.2994
durian,byfarm_fold4,frcnn-r50,0.2835
durian,byfarm_fold4,rtdetr-l,0.277
durian,byfarm_fold4,yolo11l,0.2702
durian,byfarm_fold4,yolo11m,0.2727
durian,byfarm_fold4,yolo11n,0.1848
durian,byfarm_fold4,yolo11s,0.2274
durian,byfarm_fold5,frcnn-r50,0.272
durian,byfarm_fold5,rtdetr-l,0.2822
durian,byfarm_fold5,yolo11l,0.2946
durian,byfarm_fold5,yolo11m,0.2604
durian,byfarm_fold5,yolo11n,0.2349
durian,byfarm_fold5,yolo11s,0.2237
durian,byfarm_fold6,frcnn-r50,0.1345
durian,byfarm_fold6,rtdetr-l,0.1004
durian,byfarm_fold6,yolo11l,0.079
durian,byfarm_fold6,yolo11m,0.0974
durian,byfarm_fold6,yolo11n,0.0932
durian,byfarm_fold6,yolo11s,0.0578
durian,byfarm_fold7,frcnn-r50,0.2003
durian,byfarm_fold7,rtdetr-l,0.2198
durian,byfarm_fold7,yolo11l,0.2372
durian,byfarm_fold7,yolo11m,0.2345
durian,byfarm_fold7,yolo11n,0.2349
durian,byfarm_fold7,yolo11s,0.1959
gwhd,ARC_1,yolo11n,0.4352
gwhd,ARC_1,yolo11s,0.5059
gwhd,Arvalis_1,yolo11n,0.6495
gwhd,Arvalis_1,yolo11s,0.6669
gwhd,Arvalis_10,yolo11n,0.4424
gwhd,Arvalis_10,yolo11s,0.4465
gwhd,Arvalis_11,yolo11n,0.3214
gwhd,Arvalis_11,yolo11s,0.3529
gwhd,Arvalis_12,yolo11n,0.3137
gwhd,Arvalis_12,yolo11s,0.284
gwhd,Arvalis_2,yolo11n,0.5333
gwhd,Arvalis_2,yolo11s,0.4773
gwhd,Arvalis_3,yolo11n,0.4632
gwhd,Arvalis_3,yolo11s,0.5101
gwhd,Arvalis_4,yolo11n,0.3238
gwhd,Arvalis_4,yolo11s,0.4703
gwhd,Arvalis_5,yolo11n,0.4208
gwhd,Arvalis_5,yolo11s,0.5052
gwhd,Arvalis_6,yolo11n,0.509
gwhd,Arvalis_6,yolo11s,0.5844
gwhd,Arvalis_7,yolo11n,0.452
gwhd,Arvalis_7,yolo11s,0.2173
gwhd,Arvalis_8,yolo11n,0.4186
gwhd,Arvalis_8,yolo11s,0.4459
gwhd,Arvalis_9,yolo11n,0.0988
gwhd,Arvalis_9,yolo11s,0.0705
gwhd,CIMMYT_1,yolo11n,0.4114
gwhd,CIMMYT_1,yolo11s,0.4683
gwhd,CIMMYT_2,yolo11n,0.6251
gwhd,CIMMYT_2,yolo11s,0.66
gwhd,CIMMYT_3,yolo11n,0.5811
gwhd,CIMMYT_3,yolo11s,0.595
gwhd,ETHZ_1,yolo11n,0.405
gwhd,ETHZ_1,yolo11s,0.2098
gwhd,Inrae_1,yolo11n,0.7464
gwhd,Inrae_1,yolo11s,0.769
gwhd,KSU_1,yolo11n,0.564
gwhd,KSU_1,yolo11s,0.5989
gwhd,KSU_2,yolo11n,0.6171
gwhd,KSU_2,yolo11s,0.5483
gwhd,KSU_3,yolo11n,0.6352
gwhd,KSU_3,yolo11s,0.662
gwhd,KSU_4,yolo11n,0.6282
gwhd,KSU_4,yolo11s,0.6615
gwhd,NAU_1,yolo11n,0.5426
gwhd,NAU_1,yolo11s,0.5404
gwhd,NAU_2,yolo11n,0.5131
gwhd,NAU_2,yolo11s,0.607
gwhd,NAU_3,yolo11n,0.4649
gwhd,NAU_3,yolo11s,0.5791
gwhd,NMBU_1,yolo11n,0.4118
gwhd,NMBU_1,yolo11s,0.4226
gwhd,NMBU_2,yolo11n,0.4035
gwhd,NMBU_2,yolo11s,0.3984
gwhd,Rres_1,yolo11n,0.5619
gwhd,Rres_1,yolo11s,0.6592
gwhd,Terraref_1,yolo11n,0.2888
gwhd,Terraref_1,yolo11s,0.3839
gwhd,Terraref_2,yolo11n,0.3023
gwhd,Terraref_2,yolo11s,0.3512
gwhd,ULiège-GxABT_1,yolo11n,0.2633
gwhd,ULiège-GxABT_1,yolo11s,0.1904
gwhd,UQ_1,yolo11n,0.4364
gwhd,UQ_1,yolo11s,0.4424
gwhd,UQ_10,yolo11n,0.3775
gwhd,UQ_10,yolo11s,0.4106
gwhd,UQ_11,yolo11n,0.2996
gwhd,UQ_11,yolo11s,0.3539
gwhd,UQ_2,yolo11n,0.4741
gwhd,UQ_2,yolo11s,0.6037
gwhd,UQ_3,yolo11n,0.4204
gwhd,UQ_3,yolo11s,0.5145
gwhd,UQ_4,yolo11n,0.3758
gwhd,UQ_4,yolo11s,0.4738
gwhd,UQ_5,yolo11n,0.3284
gwhd,UQ_5,yolo11s,0.368
gwhd,UQ_6,yolo11n,0.4907
gwhd,UQ_6,yolo11s,0.4894
gwhd,UQ_7,yolo11n,0.3541
gwhd,UQ_7,yolo11s,0.4823
gwhd,UQ_8,yolo11n,0.3473
gwhd,UQ_8,yolo11s,0.3404
gwhd,UQ_9,yolo11n,0.3635
gwhd,UQ_9,yolo11s,0.3046
gwhd,Ukyoto_1,yolo11n,0.2604
gwhd,Ukyoto_1,yolo11s,0.2856
gwhd,Usask_1,yolo11n,0.44
gwhd,Usask_1,yolo11s,0.5378
gwhd,Utokyo_1,yolo11n,0.7921
gwhd,Utokyo_1,yolo11s,0.8143
gwhd,Utokyo_2,yolo11n,0.7446
gwhd,Utokyo_2,yolo11s,0.4834
gwhd,Utokyo_3,yolo11n,0.5708
gwhd,Utokyo_3,yolo11s,0.5068
breakhis,14-10147,yolo11n-cls,0.1969
breakhis,14-10147,yolo11s-cls,0.1656
breakhis,14-10926,yolo11n-cls,0.9333
breakhis,14-10926,yolo11s-cls,0.8718
breakhis,14-11031,yolo11n-cls,0.91
breakhis,14-11031,yolo11s-cls,0.95
breakhis,14-11520,yolo11n-cls,0.998
breakhis,14-11520,yolo11s-cls,1.0
breakhis,14-11951,yolo11n-cls,1.0
breakhis,14-11951,yolo11s-cls,1.0
breakhis,14-12204,yolo11n-cls,0.9981
breakhis,14-12204,yolo11s-cls,1.0
breakhis,14-12312,yolo11n-cls,0.8603
breakhis,14-12312,yolo11s-cls,0.9151
breakhis,14-12465,yolo11n-cls,0.9459
breakhis,14-12465,yolo11s-cls,0.9946
breakhis,14-12773,yolo11n-cls,0.5911
breakhis,14-12773,yolo11s-cls,0.62
breakhis,14-13200,yolo11n-cls,0.9477
breakhis,14-13200,yolo11s-cls,0.9662
breakhis,14-13412,yolo11n-cls,0.8846
breakhis,14-13412,yolo11s-cls,0.8472
breakhis,14-13413,yolo11n-cls,1.0
breakhis,14-13413,yolo11s-cls,1.0
breakhis,14-13418DE,yolo11n-cls,0.5418
breakhis,14-13418DE,yolo11s-cls,0.6218
breakhis,14-13993,yolo11n-cls,0.9945
breakhis,14-13993,yolo11s-cls,0.9876
breakhis,14-14015,yolo11n-cls,1.0
breakhis,14-14015,yolo11s-cls,1.0
breakhis,14-14134,yolo11n-cls,0.9113
breakhis,14-14134,yolo11s-cls,0.9113
breakhis,14-14134E,yolo11n-cls,0.9574
breakhis,14-14134E,yolo11s-cls,0.9021
breakhis,14-14926,yolo11n-cls,0.9699
breakhis,14-14926,yolo11s-cls,0.9534
breakhis,14-14946,yolo11n-cls,0.9099
breakhis,14-14946,yolo11s-cls,0.9115
breakhis,14-15275,yolo11n-cls,0.7736
breakhis,14-15275,yolo11s-cls,0.8453
breakhis,14-15570,yolo11n-cls,0.9353
breakhis,14-15570,yolo11s-cls,0.8547
breakhis,14-15570C,yolo11n-cls,0.9936
breakhis,14-15570C,yolo11s-cls,0.9904
breakhis,14-15572,yolo11n-cls,1.0
breakhis,14-15572,yolo11s-cls,0.995
breakhis,14-15687B,yolo11n-cls,0.1774
breakhis,14-15687B,yolo11s-cls,0.1355
breakhis,14-15696,yolo11n-cls,0.9976
breakhis,14-15696,yolo11s-cls,0.9952
breakhis,14-15704,yolo11n-cls,0.9984
breakhis,14-15704,yolo11s-cls,0.9921
breakhis,14-15792,yolo11n-cls,0.9236
breakhis,14-15792,yolo11s-cls,0.9345
breakhis,14-16184,yolo11n-cls,0.9242
breakhis,14-16184,yolo11s-cls,0.9682
breakhis,14-16184CD,yolo11n-cls,0.5097
breakhis,14-16184CD,yolo11s-cls,0.3887
breakhis,14-16188,yolo11n-cls,1.0
breakhis,14-16188,yolo11s-cls,1.0
breakhis,14-16196,yolo11n-cls,0.9973
breakhis,14-16196,yolo11s-cls,0.9892
breakhis,14-16336,yolo11n-cls,1.0
breakhis,14-16336,yolo11s-cls,1.0
breakhis,14-16448,yolo11n-cls,0.9925
breakhis,14-16448,yolo11s-cls,0.9585
breakhis,14-16456,yolo11n-cls,0.791
breakhis,14-16456,yolo11s-cls,0.6674
breakhis,14-16601,yolo11n-cls,1.0
breakhis,14-16601,yolo11s-cls,0.9911
breakhis,14-16716,yolo11n-cls,1.0
breakhis,14-16716,yolo11s-cls,1.0
breakhis,14-16875,yolo11n-cls,0.9934
breakhis,14-16875,yolo11s-cls,0.9836
breakhis,14-17614,yolo11n-cls,0.9969
breakhis,14-17614,yolo11s-cls,1.0
breakhis,14-17901,yolo11n-cls,1.0
breakhis,14-17901,yolo11s-cls,1.0
breakhis,14-17915,yolo11n-cls,1.0
breakhis,14-17915,yolo11s-cls,1.0
breakhis,14-18650,yolo11n-cls,1.0
breakhis,14-18650,yolo11s-cls,0.9926
breakhis,14-18842,yolo11n-cls,1.0
breakhis,14-18842,yolo11s-cls,1.0
breakhis,14-18842D,yolo11n-cls,0.9375
breakhis,14-18842D,yolo11s-cls,0.8938
breakhis,14-19440,yolo11n-cls,0.9873
breakhis,14-19440,yolo11s-cls,0.9465
breakhis,14-19854C,yolo11n-cls,0.8844
breakhis,14-19854C,yolo11s-cls,0.75
breakhis,14-19979,yolo11n-cls,0.8776
breakhis,14-19979,yolo11s-cls,0.8633
breakhis,14-19979C,yolo11n-cls,0.9839
breakhis,14-19979C,yolo11s-cls,0.9613
breakhis,14-20629,yolo11n-cls,0.9952
breakhis,14-20629,yolo11s-cls,0.9824
breakhis,14-20636,yolo11n-cls,0.9856
breakhis,14-20636,yolo11s-cls,0.9892
breakhis,14-21978AB,yolo11n-cls,0.8554
breakhis,14-21978AB,yolo11s-cls,0.8092
breakhis,14-21998AB,yolo11n-cls,0.7396
breakhis,14-21998AB,yolo11s-cls,0.6834
breakhis,14-21998CD,yolo11n-cls,0.9869
breakhis,14-21998CD,yolo11s-cls,0.9679
breakhis,14-21998EF,yolo11n-cls,0.9835
breakhis,14-21998EF,yolo11s-cls,0.9901
breakhis,14-22549AB,yolo11n-cls,0.919
breakhis,14-22549AB,yolo11s-cls,0.957
breakhis,14-22549CD,yolo11n-cls,0.8848
breakhis,14-22549CD,yolo11s-cls,0.8227
breakhis,14-22549G,yolo11n-cls,0.3892
breakhis,14-22549G,yolo11s-cls,0.3369
breakhis,14-22704,yolo11n-cls,0.9658
breakhis,14-22704,yolo11s-cls,0.8949
breakhis,14-23060AB,yolo11n-cls,0.916
breakhis,14-23060AB,yolo11s-cls,0.9235
breakhis,14-23060CD,yolo11n-cls,0.993
breakhis,14-23060CD,yolo11s-cls,0.9614
breakhis,14-23222AB,yolo11n-cls,0.6588
breakhis,14-23222AB,yolo11s-cls,0.7441
breakhis,14-25197,yolo11n-cls,0.0467
breakhis,14-25197,yolo11s-cls,0.06
breakhis,14-2523,yolo11n-cls,0.968
breakhis,14-2523,yolo11s-cls,0.9493
breakhis,14-2773,yolo11n-cls,0.9333
breakhis,14-2773,yolo11s-cls,0.9208
breakhis,14-29315EF,yolo11n-cls,0.81
breakhis,14-29315EF,yolo11s-cls,0.7467
breakhis,14-2980,yolo11n-cls,1.0
breakhis,14-2980,yolo11s-cls,1.0
breakhis,14-2985,yolo11n-cls,0.9932
breakhis,14-2985,yolo11s-cls,0.9932
breakhis,14-29960AB,yolo11n-cls,0.0647
breakhis,14-29960AB,yolo11s-cls,0.1
breakhis,14-29960CD,yolo11n-cls,0.9574
breakhis,14-29960CD,yolo11s-cls,0.9705
breakhis,14-3411F,yolo11n-cls,0.8364
breakhis,14-3411F,yolo11s-cls,0.8242
breakhis,14-3909,yolo11n-cls,0.6947
breakhis,14-3909,yolo11s-cls,0.6821
breakhis,14-4364,yolo11n-cls,0.95
breakhis,14-4364,yolo11s-cls,0.8864
breakhis,14-4372,yolo11n-cls,1.0
breakhis,14-4372,yolo11s-cls,0.9976
breakhis,14-5287,yolo11n-cls,1.0
breakhis,14-5287,yolo11s-cls,0.9977
breakhis,14-5694,yolo11n-cls,1.0
breakhis,14-5694,yolo11s-cls,1.0
breakhis,14-5695,yolo11n-cls,1.0
breakhis,14-5695,yolo11s-cls,1.0
breakhis,14-6241,yolo11n-cls,0.9077
breakhis,14-6241,yolo11s-cls,0.959
breakhis,14-8168,yolo11n-cls,0.9632
breakhis,14-8168,yolo11s-cls,0.9684
breakhis,14-9133,yolo11n-cls,0.827
breakhis,14-9133,yolo11s-cls,0.9714
breakhis,14-9146,yolo11n-cls,0.6467
breakhis,14-9146,yolo11s-cls,0.66
breakhis,14-9461,yolo11n-cls,0.8929
breakhis,14-9461,yolo11s-cls,0.8194
breakhis,15-190EF,yolo11n-cls,0.7969
breakhis,15-190EF,yolo11s-cls,0.7477
har,1,mlp256,0.9886
har,1,rf,0.9657
har,2,mlp256,0.9823
har,2,rf,0.9489
har,3,mlp256,0.9823
har,3,rf,0.9803
har,4,mlp256,0.9811
har,4,rf,0.9585
har,5,mlp256,0.9228
har,5,rf,0.8804
har,6,mlp256,0.8697
har,6,rf,0.8574
har,7,mlp256,0.9241
har,7,rf,0.9558
har,8,mlp256,0.966
har,8,rf,0.8875
har,9,mlp256,0.9186
har,9,rf,0.8855
har,10,mlp256,0.8884
har,10,rf,0.879
har,11,mlp256,0.9889
har,11,rf,0.9904
har,12,mlp256,0.9672
har,12,rf,0.9885
har,13,mlp256,0.9896
har,13,rf,0.948
har,14,mlp256,0.7562
har,14,rf,0.7428
har,15,mlp256,0.997
har,15,rf,0.9897
har,16,mlp256,0.9248
har,16,rf,0.9177
har,17,mlp256,0.9763
har,17,rf,0.9713
har,18,mlp256,0.9439
har,18,rf,0.8223
har,19,mlp256,0.9296
har,19,rf,0.8825
har,20,mlp256,0.8961
har,20,rf,0.9522
har,21,mlp256,0.9678
har,21,rf,0.967
har,22,mlp256,0.9772
har,22,rf,0.9432
har,23,mlp256,0.9783
har,23,rf,0.977
har,24,mlp256,0.9983
har,24,rf,1.0
har,25,mlp256,0.9208
har,25,rf,0.807
har,26,mlp256,0.9823
har,26,rf,0.9976
har,27,mlp256,0.9854
har,27,rf,0.9893
har,28,mlp256,0.9144
har,28,rf,0.9059
har,29,mlp256,0.9936
har,29,rf,0.9655
har,30,mlp256,0.9961
har,30,rf,0.9738
