dataset,pair,n_units,d,d_lo,d_hi,k_point,k_lo,k_hi,ci_includes_zero_effect
durian farms,frcnn-r50 vs rtdetr-l,8,0.056,0.026,0.856,875,4,3903,True
durian farms,frcnn-r50 vs yolo11l,8,0.268,0.036,0.983,38,3,2080,True
durian farms,frcnn-r50 vs yolo11m,8,0.268,0.033,0.873,38,4,2467,True
durian farms,frcnn-r50 vs yolo11n,8,0.022,0.022,0.794,5455,5,5604,True
durian farms,frcnn-r50 vs yolo11s,8,0.143,0.024,1.11,132,3,4660,True
durian farms,rtdetr-l vs yolo11l,8,0.263,0.062,0.832,40,4,696,False
durian farms,rtdetr-l vs yolo11m,8,0.25,0.066,0.879,44,4,601,False
durian farms,rtdetr-l vs yolo11n,8,0.04,0.027,0.873,1662,4,3841,True
durian farms,rtdetr-l vs yolo11s,8,0.109,0.022,1.976,226,1,5537,True
durian farms,yolo11l vs yolo11m,8,0.148,0.029,0.839,124,4,2987,True
durian farms,yolo11l vs yolo11n,8,0.303,0.039,0.87,30,4,1796,True
durian farms,yolo11l vs yolo11s,8,0.775,0.314,1.534,5,2,28,False
durian farms,yolo11m vs yolo11n,8,0.269,0.042,0.817,38,5,1519,True
durian farms,yolo11m vs yolo11s,8,0.843,0.3,1.811,4,1,31,False
durian farms,yolo11n vs yolo11s,8,0.326,0.034,1.48,26,2,2223,True
GWHD sessions,yolo11n vs yolo11s,47,0.208,0.026,0.575,63,9,3948,True
BreaKHis patients,yolo11n-cls vs yolo11s-cls,81,0.211,0.047,0.41,61,17,1223,True
HAR subjects,mlp256 vs rf,30,0.52,0.272,0.803,11,5,37,False
