dataset,pair,n_units,d,d_lo,d_hi,k_population,k_lo,k_hi,k_ci_excludes_n
durian farms,frcnn-r50 vs rtdetr-l,8,0.056,0.025,0.825,868,4,4474,False
durian farms,frcnn-r50 vs yolo11l,8,0.268,0.035,0.946,38,3,2250,False
durian farms,frcnn-r50 vs yolo11m,8,0.268,0.032,0.885,38,3,2703,False
durian farms,frcnn-r50 vs yolo11n,8,0.022,0.022,0.818,5455,4,5655,False
durian farms,frcnn-r50 vs yolo11s,8,0.144,0.028,1.033,132,3,3415,False
durian farms,rtdetr-l vs yolo11l,8,0.263,0.056,0.79,40,4,864,False
durian farms,rtdetr-l vs yolo11m,8,0.25,0.069,0.885,44,3,567,False
durian farms,rtdetr-l vs yolo11n,8,0.04,0.023,0.949,1656,3,5338,False
durian farms,rtdetr-l vs yolo11s,8,0.11,0.027,1.931,226,1,3795,False
durian farms,yolo11l vs yolo11m,8,0.149,0.016,0.806,123,4,10731,False
durian farms,yolo11l vs yolo11n,8,0.303,0.039,0.895,30,3,1748,False
durian farms,yolo11l vs yolo11s,8,0.776,0.305,1.526,5,1,29,False
durian farms,yolo11m vs yolo11n,8,0.269,0.042,0.822,38,4,1501,False
durian farms,yolo11m vs yolo11s,8,0.843,0.327,1.784,4,1,25,False
durian farms,yolo11n vs yolo11s,8,0.327,0.027,1.361,26,1,3702,False
GWHD sessions,yolo11n vs yolo11s,47,0.208,0.02,0.563,63,9,6526,False
BreaKHis patients,yolo11n-cls vs yolo11s-cls,81,0.211,0.046,0.404,61,17,1256,False
HAR subjects,mlp256 vs rf,30,0.519,0.284,0.787,11,4,34,False
