dataset,unit,model,metric,item,unit_level,overstatement_pct,item_last,unit_last,n_seeds
durian,farm,frcnn-r50,mAP50,0.3656,0.222,39.29,0.3595,0.2076,3.0
durian,farm,rtdetr-l,mAP50,0.4987,0.2205,55.78,0.5007,0.2198,5.0
durian,farm,yolo11l,mAP50,0.4721,0.2356,50.08,0.4729,0.2353,5.0
durian,farm,yolo11m,mAP50,0.4652,0.2332,49.87,0.4627,0.229,5.0
durian,farm,yolo11n,mAP50,0.4281,0.2234,47.81,0.4291,0.2218,5.0
durian,farm,yolo11s,mAP50,0.4622,0.2137,53.77,0.4648,0.2137,5.0
durian,sabah,rtdetr-l,mAP50,,0.2664,,0.0115,0.2205,
durian,sabah,yolo11l,mAP50,,0.2811,,0.008,0.2356,
durian,sabah,yolo11m,mAP50,,0.2623,,0.0121,0.2332,
durian,sabah,yolo11n,mAP50,,0.2558,,0.0156,0.2234,
durian,sabah,yolo11s,mAP50,,0.2526,,0.0183,0.2137,
gwhd,session,yolo11n,mAP50,0.6357,0.4926,22.51,0.6322,0.4762,3.0
gwhd,session,yolo11s,mAP50,0.6723,0.4765,29.12,0.671,0.475,3.0
breakhis,patient,yolo11n-cls,top1,0.9527,0.8759,8.06,0.9594,0.8692,5.0
breakhis,patient,yolo11s-cls,top1,0.9504,0.8627,9.23,0.9594,0.8737,5.0
har,subject,mlp256,macro_f1,0.9885,0.9519,3.7,,,5.0
har,subject,rf,macro_f1,0.979,0.9347,4.52,,,5.0
