dataset,pair,n_units,mean_diff,sd_diff,d,wins_frac,flip_k2,flip_k4,flip_k6,k_for_5pct,flip_k10,flip_k16,flip_k32
durian farms,frcnn-r50 vs rtdetr-l,8,0.00142,0.02539,0.056,0.5,0.531,0.465,0.435,868,,,
durian farms,frcnn-r50 vs yolo11l,8,-0.01369,0.05118,0.268,0.375,0.3527,0.2573,0.1373,38,,,
durian farms,frcnn-r50 vs yolo11m,8,-0.01123,0.04189,0.268,0.5,0.3593,0.25,0.111,38,,,
durian farms,frcnn-r50 vs yolo11n,8,-0.00145,0.06509,0.022,0.5,0.505,0.4837,0.4227,5455,,,
durian farms,frcnn-r50 vs yolo11s,8,0.00828,0.05765,0.144,0.625,0.3603,0.3597,0.2577,132,,,
durian farms,rtdetr-l vs yolo11l,8,-0.01511,0.05737,0.263,0.5,0.4887,0.3317,0.2123,40,,,
durian farms,rtdetr-l vs yolo11m,8,-0.01265,0.05055,0.25,0.625,0.4987,0.381,0.2557,44,,,
durian farms,rtdetr-l vs yolo11n,8,-0.00287,0.07092,0.04,0.625,0.529,0.4447,0.3893,1656,,,
durian farms,rtdetr-l vs yolo11s,8,0.00686,0.06258,0.11,0.75,0.277,0.4687,0.3583,226,,,
durian farms,yolo11l vs yolo11m,8,0.00246,0.01656,0.149,0.5,0.4513,0.3693,0.211,123,,,
durian farms,yolo11l vs yolo11n,8,0.01224,0.04041,0.303,0.625,0.439,0.1837,0.0347,30,,,
durian farms,yolo11l vs yolo11s,8,0.02197,0.02833,0.776,0.75,0.1043,0.0133,0.0,5,,,
durian farms,yolo11m vs yolo11n,8,0.00978,0.0364,0.269,0.625,0.367,0.321,0.2123,38,,,
durian farms,yolo11m vs yolo11s,8,0.01951,0.02313,0.843,0.75,0.149,0.0153,0.0,4,,,
durian farms,yolo11n vs yolo11s,8,0.00973,0.02974,0.327,0.75,0.3603,0.1967,0.0363,26,,,
GWHD sessions,yolo11n vs yolo11s,47,-0.01769,0.08493,0.208,0.298,0.28,0.2963,0.289,63,0.235,0.1637,0.013
BreaKHis patients,yolo11n-cls vs yolo11s-cls,81,0.00932,0.0441,0.211,0.519,0.3777,0.3257,0.302,61,0.245,0.175,0.057
HAR subjects,mlp256 vs rf,30,0.01921,0.03702,0.519,0.767,0.187,0.1313,0.077,11,0.016,0.0,
