dataset,component,point,unit_lo,unit_hi,fold_lo,fold_hi,n_units,n_folds
gwhd,unit,67.99,43.83,75.0,46.02,86.93,47,5
gwhd,fold,9.57,4.76,31.82,0.02,14.55,47,5
gwhd,model,0.31,0.0,1.55,0.0,2.48,47,5
gwhd,seed,0.06,0.01,0.45,0.0,1.18,47,5
gwhd,residual,22.06,14.24,32.31,7.97,44.22,47,5
breakhis,unit,88.09,74.64,89.28,80.13,92.62,81,5
breakhis,fold,1.9,1.41,12.97,0.11,2.53,81,5
breakhis,model,0.04,0.0,0.17,0.0,0.11,81,5
breakhis,seed,0.04,0.02,0.31,0.01,0.56,81,5
breakhis,residual,9.93,6.25,17.83,6.48,17.36,81,5
har,unit,73.33,45.39,79.02,64.7,81.87,30,5
har,fold,13.31,6.16,43.15,0.9,20.47,30,5
har,model,2.73,0.51,8.08,0.24,8.31,30,5
har,seed,0.02,0.01,0.12,0.01,0.07,30,5
har,residual,10.61,4.61,21.64,5.0,19.68,30,5
