dataset,component,point,lo,hi,design
durian,unit,82.37,57.94,87.19,crossed
durian,model,0.0,0.0,5.05,crossed
durian,interaction,7.79,1.21,18.26,crossed
durian,seed,9.84,7.88,21.12,crossed
gwhd,unit,67.99,46.02,86.53,nested
gwhd,fold,9.57,0.03,14.55,nested
gwhd,model,0.31,0.0,2.46,nested
gwhd,seed,0.06,0.0,1.18,nested
gwhd,residual,22.06,8.76,43.33,nested
breakhis,unit,88.09,80.13,92.83,nested
breakhis,fold,1.9,0.11,2.53,nested
breakhis,model,0.04,0.0,0.11,nested
breakhis,seed,0.04,0.01,0.57,nested
breakhis,residual,9.93,6.48,17.37,nested
har,unit,73.33,64.85,81.87,nested
har,fold,13.31,0.9,19.89,nested
har,model,2.73,0.24,8.31,nested
har,seed,0.02,0.01,0.07,nested
har,residual,10.61,5.18,19.89,nested
