dataset,min_items,units,mean,sd,min,max
Durian bursts,5,58,0.3298,0.2474,0.0,0.995
Durian bursts,10,29,0.2801,0.1975,0.0,0.7995
Durian bursts,20,8,0.2883,0.2349,0.0399,0.6185
GWHD sessions,5,47,0.4833,0.1282,0.1898,0.7468
GWHD sessions,10,47,0.4833,0.1282,0.1898,0.7468
GWHD sessions,20,44,0.4836,0.1307,0.1898,0.7468
GWHD sessions,30,39,0.4897,0.1351,0.1898,0.7468
GWHD sessions,50,31,0.5204,0.1244,0.2509,0.7468
BreaKHis patients,5,81,0.9023,0.1747,0.0618,1.0
BreaKHis patients,10,81,0.9023,0.1747,0.0618,1.0
BreaKHis patients,20,81,0.9023,0.1747,0.0618,1.0
BreaKHis patients,30,81,0.9023,0.1747,0.0618,1.0
BreaKHis patients,50,77,0.8995,0.1784,0.0618,1.0
HAR subjects,5,30,0.9502,0.0518,0.7562,0.9983
HAR subjects,10,30,0.9502,0.0518,0.7562,0.9983
HAR subjects,20,30,0.9502,0.0518,0.7562,0.9983
HAR subjects,30,30,0.9502,0.0518,0.7562,0.9983
HAR subjects,50,30,0.9502,0.0518,0.7562,0.9983
