run,config,heldout,k,m,draw,seed,train_farms,n_train,eval_on,mAP50,mAP50_95,precision,recall,AP50::Algal,AP50::Leaf_rot,AP50::Phomopsis,AP50::Psyllid,AP50::Psyllid_damage,AP50::leaf_hopper_damage
fb_h0_k1_m15_d0_s42,fb_h0_k1_m15_d0,0,1,15,0,42,7,15,heldout,0.017295136030888426,0.009890407575236355,0.23456188001070571,0.04130706691682301,0.0,0.0333407262183759,,0.00045073287051282623,0.0011123769543724316,0.05157184411118096
fb_h0_k1_m15_d0_s42,fb_h0_k1_m15_d0,0,1,15,0,42,7,15,sabah,0.012518044770353775,0.006395368469483571,0.37382083672603833,0.058936820726642025,0.0,0.05203816127096783,0.0,0.007928228596755524,0.011729536977473098,0.0034123417769262097
fb_h0_k1_m50_d0_s42,fb_h0_k1_m50_d0,0,1,50,0,42,7,50,heldout,0.036813125935471855,0.0214045520295403,0.06780378810314519,0.055941213258286424,0.0,0.09942357127335788,,0.0009788993778236236,0.0038141123966246677,0.0798490466295531
fb_h0_k1_m50_d0_s42,fb_h0_k1_m50_d0,0,1,50,0,42,7,50,sabah,0.037466162449304986,0.02268732708910088,0.07722991692144072,0.09644395886458491,0.0,0.206984826060155,0.0,0.003976066462284905,0.00622074617170477,0.007615336001685275
fb_h0_k1_mall_d0_s42,fb_h0_k1_mall_d0,0,1,all,0,42,7,57,heldout,0.04843593097830842,0.024119696671889145,0.1406183625186676,0.06776176690034275,0.0,0.10629120627668157,,0.022277036976809314,0.005045672998671264,0.10856573863937999
fb_h0_k1_mall_d0_s42,fb_h0_k1_mall_d0,0,1,all,0,42,7,57,sabah,0.035184699501002274,0.021377814269981206,0.07157962453745959,0.08103911900454812,0.0,0.1865927517212192,0.0,0.005471649553795776,0.010586093873542977,0.008457701857455677
fb_h0_k1_m15_d1_s42,fb_h0_k1_m15_d1,0,1,15,1,42,5,15,heldout,0.04579308235701645,0.02291071232386153,0.4874324621484664,0.07403074050132873,0.22466008977244334,0.0,,0.0025085265083074518,0.001743160224236098,5.3635280095351613e-05
fb_h0_k1_m15_d1_s42,fb_h0_k1_m15_d1,0,1,15,1,42,5,15,sabah,0.07117017755806156,0.032361710224491955,0.3374663802412036,0.10192954929741732,0.22795441077507772,0.0,0.15429363890128628,0.03424664173655388,0.010526373935451425,0.0
fb_h0_k1_m50_d1_s42,fb_h0_k1_m50_d1,0,1,50,1,42,5,50,heldout,0.07334271861749556,0.03127460523324316,0.13132928918341563,0.10511671335200748,0.2983179175484664,0.015404875088930362,,0.00876948615657696,0.00048267651428888657,0.04373863777921518
fb_h0_k1_m50_d1_s42,fb_h0_k1_m50_d1,0,1,50,1,42,5,50,sabah,0.1305649377562297,0.06210786957318491,0.2882837878760146,0.13612572470736903,0.4710780461337869,0.05697625143174399,0.22369165657343565,0.023189165683401687,0.008391636892524907,6.28698224852071e-05
fb_h0_k1_mall_d1_s42,fb_h0_k1_mall_d1,0,1,all,1,42,5,135,heldout,0.09401439863451277,0.04065800256910727,0.3521210035660099,0.11628527070986087,0.37589861646047806,0.016283057640862346,,0.011041925754713938,0.0002088292693388235,0.06663956404717065
fb_h0_k1_mall_d1_s42,fb_h0_k1_mall_d1,0,1,all,1,42,5,135,sabah,0.13247911162707454,0.06441652616026784,0.35274075690664786,0.14949543771579013,0.47882041294378264,0.05237028915290323,0.21133971796752946,0.030416241273059124,0.01248356398072831,0.009444444444444443
fb_h0_k2_m15_d0_s42,fb_h0_k2_m15_d0,0,2,15,0,42,4;7,30,heldout,0.054276671313243444,0.02884811726506496,0.23170250319841798,0.15018166738048289,0.020340772710699034,0.15293247463010057,,0.016048947788797042,0.0020747775072549467,0.0799863839293656
fb_h0_k2_m15_d0_s42,fb_h0_k2_m15_d0,0,2,15,0,42,4;7,30,sabah,0.07048857904903086,0.03892353825577501,0.32034398993124585,0.10725779809723518,0.04754162645691342,0.26868816808184437,2.3809523809523814e-05,0.07874665654345225,0.009447707243942897,0.01848350644422269
fb_h0_k2_m50_d0_s42,fb_h0_k2_m50_d0,0,2,50,0,42,4;7,100,heldout,0.09568221543157056,0.0357002599242386,0.3596284037811979,0.15240697611581408,0.007595890410958904,0.1139837318673694,,0.07368886595587616,0.00021429760712174736,0.28292829131652664
fb_h0_k2_m50_d0_s42,fb_h0_k2_m50_d0,0,2,50,0,42,4;7,100,sabah,0.0911334929850139,0.05475309581982066,0.18401657331159835,0.13236976193494737,0.02414859660092223,0.3755538840146819,0.0,0.09406024631805468,0.011889265862517899,0.041148965113906685
fb_h0_k2_mall_d0_s42,fb_h0_k2_mall_d0,0,2,all,0,42,4;7,158,heldout,0.06693589453041718,0.03326252209804787,0.16308236042056437,0.15380383047527954,0.012991385546130071,0.19969163874198206,,0.027570862679105697,0.0011977256091468568,0.0932278600757212
fb_h0_k2_mall_d0_s42,fb_h0_k2_mall_d0,0,2,all,0,42,4;7,158,sabah,0.1349261019942066,0.06845924973035779,0.44066428896127635,0.13795558048217002,0.04606468528212919,0.40272249842207875,0.0,0.07943738453976228,0.019665884813153334,0.26166615890811595
fb_h0_k2_m15_d1_s42,fb_h0_k2_m15_d1,0,2,15,1,42,4;5,30,heldout,0.08287777403110547,0.03987014925011484,0.15688085111450595,0.13048970810505536,0.25775355336653905,0.14058004192337945,,0.005068710629871883,0.002298508507944521,0.0086880557277924
fb_h0_k2_m15_d1_s42,fb_h0_k2_m15_d1,0,2,15,1,42,4;5,30,sabah,0.1254046878848593,0.06362399572592171,0.24105413709821902,0.177205944406978,0.27034256663832607,0.28099900798765365,0.09107183776848957,0.08073663313237728,0.007833964819497392,0.02144411696281183
fb_h0_k2_m50_d1_s42,fb_h0_k2_m50_d1,0,2,50,1,42,4;5,100,heldout,0.09749570745791504,0.042874772690186094,0.23181340149209512,0.18558971646478417,0.2511966235758283,0.11275970548502688,,0.07949909216799635,0.0021184597346988795,0.041904656326024824
fb_h0_k2_m50_d1_s42,fb_h0_k2_m50_d1,0,2,50,1,42,4;5,100,sabah,0.19315787482841884,0.10375581018538481,0.3051467879017503,0.224223561084663,0.4336262422894538,0.33922592831054665,0.23839828510482947,0.10875737747928693,0.02430491286241981,0.014634502923976608
fb_h0_k2_mall_d1_s42,fb_h0_k2_mall_d1,0,2,all,1,42,4;5,236,heldout,0.14285232490917704,0.06889239272967801,0.24201880708311027,0.2582269818496504,0.3379206549569428,0.26566713881981685,,0.057157015110556264,0.0028394471501902194,0.05067736850837896
fb_h0_k2_mall_d1_s42,fb_h0_k2_mall_d1,0,2,all,1,42,4;5,236,sabah,0.19221652514870202,0.10627861019259457,0.3777745529672787,0.22173085443092153,0.3877347252311576,0.3664747592040535,0.23095691354320408,0.10823352520268964,0.01922951557239271,0.04066971213871483
fb_h0_k4_m15_d0_s42,fb_h0_k4_m15_d0,0,4,15,0,42,2;3;4;7,60,heldout,0.0770418915232133,0.03523654784136479,0.14805965867334372,0.18175330169591292,0.27195520588923233,0.07449194139173007,,0.01983125744829864,0.0017306369291575608,0.017200415957647947
fb_h0_k4_m15_d0_s42,fb_h0_k4_m15_d0,0,4,15,0,42,2;3;4;7,60,sabah,0.13537791382097003,0.0673839131154561,0.20326563475757342,0.1750691396700191,0.45515087014146144,0.24132029908705002,0.01984795716413481,0.08537206416045273,0.00863762666253469,0.0019386657101865136
fb_h0_k4_m50_d0_s42,fb_h0_k4_m50_d0,0,4,50,0,42,2;3;4;7,200,heldout,0.10180807184232891,0.04766690491042661,0.198920501464666,0.16520472354044807,0.23641955355390432,0.1521308516938707,,0.007961084648713415,0.00035739223535983616,0.11217147707979627
fb_h0_k4_m50_d0_s42,fb_h0_k4_m50_d0,0,4,50,0,42,2;3;4;7,200,sabah,0.1476187438547403,0.07743521894416679,0.23401416040080827,0.21258320219508298,0.40544352286371754,0.34094549508457156,0.027014411189300102,0.06568149536655252,0.03108471982867724,0.015542818795622937
fb_h0_k4_mall_d0_s42,fb_h0_k4_mall_d0,0,4,all,0,42,2;3;4;7,367,heldout,0.10814179705882494,0.05517225032582446,0.23414649565845735,0.16937213909954224,0.23099709722418127,0.14445268759416957,,0.010909464765112183,1.8477457501847746e-05,0.1543312582531598
fb_h0_k4_mall_d0_s42,fb_h0_k4_mall_d0,0,4,all,0,42,2;3;4;7,367,sabah,0.1894311649458301,0.10385957796656313,0.29332865889040943,0.2552501550409336,0.4736952700897875,0.43328914292834864,0.014470926919256319,0.07506234075691877,0.026426451837812143,0.11364285714285714
fb_h0_k4_m15_d1_s42,fb_h0_k4_m15_d1,0,4,15,1,42,3;5;6;7,60,heldout,0.08924033381443922,0.037597389335253625,0.15568387747963486,0.14835348773655804,0.27015674430004677,0.024543568977922335,,0.03393353597777278,0.0001984126984126984,0.11736940711804147
fb_h0_k4_m15_d1_s42,fb_h0_k4_m15_d1,0,4,15,1,42,3;5;6;7,60,sabah,0.15398786147332194,0.08047139612628658,0.2853964990387426,0.17719438596678047,0.48211084920809955,0.10260724163908397,0.2804272236278255,0.017169949662303854,0.01925347887614777,0.02235842582647094
fb_h0_k4_m50_d1_s42,fb_h0_k4_m50_d1,0,4,50,1,42,3;5;6;7,200,heldout,0.14387074569373576,0.06714707745186009,0.27445482881355815,0.17718787112615186,0.33181660491382214,0.08932619851690148,,0.0017575520220821982,0.00010416666666666666,0.29634920634920636
fb_h0_k4_m50_d1_s42,fb_h0_k4_m50_d1,0,4,50,1,42,3;5;6;7,200,sabah,0.19449484578326567,0.11163902816510106,0.32036726566052415,0.2205048320397622,0.53652073575092,0.33257940268147435,0.23117038145596291,0.02648267102072998,0.021971836171459074,0.018244047619047618
fb_h0_k4_mall_d1_s42,fb_h0_k4_mall_d1,0,4,all,1,42,3;5;6;7,336,heldout,0.1643757124178747,0.08200712318602531,0.22616536362342682,0.19906691674588803,0.37624279071031264,0.300630463499077,,0.0028179190751445086,0.0010192321685445456,0.14116815663629473
fb_h0_k4_mall_d1_s42,fb_h0_k4_mall_d1,0,4,all,1,42,3;5;6;7,336,sabah,0.20568684434523385,0.12052441026335935,0.31981268933127815,0.23795764062499294,0.5506269057710919,0.3489777627043957,0.25398745117267757,0.042105345441941146,0.028728076137703326,0.009695524843593534
fb_h0_k7_m15_d0_s42,fb_h0_k7_m15_d0,0,7,15,0,42,1;2;3;4;5;6;7,105,heldout,0.10033225105728891,0.05419470680056104,0.210042337965736,0.17786055009871365,0.26138362848580154,0.1643181451692715,,0.02076907780670099,0.0029859399036789307,0.05220446392099155
fb_h0_k7_m15_d0_s42,fb_h0_k7_m15_d0,0,7,15,0,42,1;2;3;4;5;6;7,105,sabah,0.17284433503758687,0.09397109199986871,0.28374164359092513,0.20671924746491513,0.48723296621940093,0.31811056894828726,0.0949902174224363,0.0766634026423007,0.03173552165976246,0.02833333333333333
fb_h0_k7_m50_d0_s42,fb_h0_k7_m50_d0,0,7,50,0,42,1;2;3;4;5;6;7,350,heldout,0.2111374513358652,0.1154351425409085,0.394792999319236,0.23594486176459611,0.3630029969216199,0.3631682363870017,,0.013962186049464169,0.012264735815643938,0.3032891015055964
fb_h0_k7_m50_d0_s42,fb_h0_k7_m50_d0,0,7,50,0,42,1;2;3;4;5;6;7,350,sabah,0.23468821664051165,0.12452676816249508,0.3437883112639426,0.2605792143337054,0.5259643033647736,0.42898844607423814,0.14685224002819108,0.08573191839588519,0.036609880056293606,0.18398251192368842
fb_h0_k7_mall_d0_s42,fb_h0_k7_mall_d0,0,7,all,0,42,1;2;3;4;5;6;7,686,heldout,0.22406907586519145,0.1105125908799302,0.41746382174936675,0.2531664617172881,0.36921884652431625,0.4040612371867222,,0.03430616582685142,0.007042397245247825,0.3057167325428195
fb_h0_k7_mall_d0_s42,fb_h0_k7_mall_d0,0,7,all,0,42,1;2;3;4;5;6;7,686,sabah,0.26828807433844054,0.15096317120414024,0.42652887228578856,0.31079360252345706,0.5161373142574429,0.4904812114514273,0.2837682426438049,0.09827232210507415,0.04983629696483535,0.1712330586080586
fb_h1_k1_m15_d0_s42,fb_h1_k1_m15_d0,1,1,15,0,42,0,15,heldout,0.02686776368391427,0.013804707732993327,0.6492746202364996,0.05128205128205128,0.12194759046430964,0.0003166220915222554,,1.4351320321469576e-06,0.0,0.012073170731707317
fb_h1_k1_m15_d0_s42,fb_h1_k1_m15_d0,1,1,15,0,42,0,15,sabah,0.06077909976335277,0.028140941447319857,0.7525685187606598,0.06735856735856736,0.3640650261644176,0.0005729802097650746,6.038647342995169e-06,0.0,0.0,3.055355859094177e-05
fb_h1_k1_m50_d0_s42,fb_h1_k1_m50_d0,1,1,50,0,42,0,50,heldout,0.12908294840405884,0.07545092465100635,0.16365128807539858,0.2551282051282051,0.09133566955913978,0.30249274652060193,,0.0002380952380952381,0.0030148973691240255,0.2483333333333333
fb_h1_k1_m50_d0_s42,fb_h1_k1_m50_d0,1,1,50,0,42,0,50,sabah,0.10722552788943666,0.05957044863606975,0.19434091788565633,0.12461849834106932,0.34216688826550834,0.28624971785902653,0.0,0.009176959243128682,0.005597078068382858,0.00016252390057361376
fb_h1_k1_mall_d0_s42,fb_h1_k1_mall_d0,1,1,all,0,42,0,141,heldout,0.18899547421218407,0.11585731134070593,0.21613492181726673,0.3232488106974133,0.1308612211056811,0.5577086364028147,,0.003221120885673878,0.005686392666750701,0.2475
fb_h1_k1_mall_d0_s42,fb_h1_k1_mall_d0,1,1,all,0,42,0,141,sabah,0.14591922386912515,0.08336960465543199,0.23918827155294764,0.1615552441013456,0.4484590270857233,0.38274207823248124,0.0,0.014388716382914243,0.029925521513632064,0.0
fb_h1_k1_m15_d1_s42,fb_h1_k1_m15_d1,1,1,15,1,42,7,15,heldout,0.004342408161342717,0.001565524973441048,0.21415725978338424,0.08042379788101059,0.0,0.013358011654712745,,0.004888460217120267,0.003465568934880571,0.0
fb_h1_k1_m15_d1_s42,fb_h1_k1_m15_d1,1,1,15,1,42,7,15,sabah,0.022671891602740555,0.011685961943879912,0.38776570534107985,0.04907129221470468,0.0,0.1262701338016767,0.0,0.0015696657046444034,0.007972717218875542,0.00021883289124668433
fb_h1_k1_m50_d1_s42,fb_h1_k1_m50_d1,1,1,50,1,42,7,50,heldout,0.003627261059099653,0.0018465753535921259,0.017372783357679496,0.030273993868125897,0.0,0.01092862370491199,,0.005304917582632214,0.001902764007954057,0.0
fb_h1_k1_m50_d1_s42,fb_h1_k1_m50_d1,1,1,50,1,42,7,50,sabah,0.03949960001920096,0.023619485803174477,0.10653973781834171,0.06890381751639196,0.0,0.18259840489465126,0.0,0.009794842039863454,0.009341835096971233,0.035262518083719836
fb_h1_k1_mall_d1_s42,fb_h1_k1_mall_d1,1,1,all,1,42,7,57,heldout,0.004716072503378679,0.001182853783496419,0.007012507470974494,0.2306019327046222,0.0,0.00446808779691652,,0.005709478084787426,0.0035027966351894478,0.009899999999999999
fb_h1_k1_mall_d1_s42,fb_h1_k1_mall_d1,1,1,all,1,42,7,57,sabah,0.035184699501002274,0.021377814269981206,0.07157962453745959,0.08103911900454812,0.0,0.1865927517212192,0.0,0.005471649553795776,0.010586093873542977,0.008457701857455677
fb_h1_k2_m15_d0_s42,fb_h1_k2_m15_d0,1,2,15,0,42,0;4,30,heldout,0.12451910313396217,0.07413071135249201,0.19089667082516895,0.17595578423206784,0.09627952620451849,0.40212774243740745,,0.10548632765372862,0.0080602081442097,0.010641711229946522
fb_h1_k2_m15_d0_s42,fb_h1_k2_m15_d0,1,2,15,0,42,0;4,30,sabah,0.1184106962418112,0.07325850507816321,0.38573787589386616,0.16499226387855928,0.15023577870391613,0.3759317916092906,2.2727272727272726e-05,0.05592337265238901,0.002229540492680151,0.12612096671986403
fb_h1_k2_m50_d0_s42,fb_h1_k2_m50_d0,1,2,50,0,42,0;4,100,heldout,0.16523280934923093,0.09205506508347434,0.20393223284428608,0.440893271357819,0.13154512691320783,0.3854323922924836,,0.11726346409314656,0.06942306344731661,0.12249999999999997
fb_h1_k2_m50_d0_s42,fb_h1_k2_m50_d0,1,2,50,0,42,0;4,100,sabah,0.1718586055966501,0.09383405510600465,0.3024143120625885,0.1919242121920954,0.23122832572846158,0.4722985634535648,0.0,0.07431031807615741,0.0094530071569273,0.24386141916478948
fb_h1_k2_mall_d0_s42,fb_h1_k2_mall_d0,1,2,all,0,42,0;4,242,heldout,0.38267329485905044,0.26703174886188435,0.28290939468702514,0.45176028671138696,0.12481735417238457,0.587902692896807,,0.12542602121869229,0.08022040600736863,0.995
fb_h1_k2_mall_d0_s42,fb_h1_k2_mall_d0,1,2,all,0,42,0;4,242,sabah,0.17909343482752016,0.10791449539831206,0.26194280500551304,0.23499259229323835,0.41111666448517603,0.5037322882141965,0.0,0.09394761425192547,0.018623940647497866,0.04714010136632497
fb_h1_k2_m15_d1_s42,fb_h1_k2_m15_d1,1,2,15,1,42,2;4,30,heldout,0.037460610590747276,0.015083149598629123,0.1093775891343853,0.10000461335266464,0.02455552605983919,0.04175398894462118,,0.05139275816874492,0.06960077978053111,0.0
fb_h1_k2_m15_d1_s42,fb_h1_k2_m15_d1,1,2,15,1,42,2;4,30,sabah,0.10647697540476016,0.05759411717266101,0.19652270706566036,0.16302966711106667,0.18959873501505436,0.34309487210123824,0.04534862545426098,0.034687601965358104,0.014945446133702767,0.011186571758946402
fb_h1_k2_m50_d1_s42,fb_h1_k2_m50_d1,1,2,50,1,42,2;4,100,heldout,0.13489759813956914,0.05910052683919103,0.22726483526575572,0.19853000707523935,0.11371384570044128,0.22973011343211486,,0.12890745002849385,0.19402182743843502,0.008114754098360656
fb_h1_k2_m50_d1_s42,fb_h1_k2_m50_d1,1,2,50,1,42,2;4,100,sabah,0.1524075985701601,0.0779252516337463,0.2483949940589418,0.18430204285995055,0.3485023644437317,0.3551578121211082,0.05530047533551869,0.07486886191434702,0.013090825081002296,0.06752525252525252
fb_h1_k2_mall_d1_s42,fb_h1_k2_mall_d1,1,2,all,1,42,2;4,248,heldout,0.22827947598234907,0.1338487733037476,0.42424825605552,0.31839428299887096,0.07179237125943784,0.24828152747137625,,0.13581923506484156,0.23800424611608972,0.4475
fb_h1_k2_mall_d1_s42,fb_h1_k2_mall_d1,1,2,all,1,42,2;4,248,sabah,0.1712309726037804,0.08838319582015225,0.28102066567609213,0.20219257697603074,0.24834625983365566,0.40108791589208115,0.09869479530449901,0.0785925737959967,0.020777072751337014,0.1798872180451128
fb_h1_k4_m15_d0_s42,fb_h1_k4_m15_d0,1,4,15,0,42,2;4;6;7,60,heldout,0.07094736103331105,0.02739189499721608,0.12292673611302445,0.15227791361043191,0.0018748592461026257,0.11865648158198433,,0.09629449818050641,0.1342169363072156,0.0036940298507462683
fb_h1_k4_m15_d0_s42,fb_h1_k4_m15_d0,1,4,15,0,42,2;4;6;7,60,sabah,0.12470899936894782,0.07319579676942899,0.24636096118729833,0.14570545676833876,0.062287889661185994,0.2675485777626424,0.2795316805203766,0.08313433625797055,0.011567301485195608,0.044184210526315784
fb_h1_k4_m50_d0_s42,fb_h1_k4_m50_d0,1,4,50,0,42,2;4;6;7,200,heldout,0.09253777433173713,0.039492196853911525,0.16597057293434134,0.11798219227509929,0.023232359108200144,0.10096367401486475,,0.14646997021631813,0.13674509054152484,0.05527777777777777
fb_h1_k4_m50_d0_s42,fb_h1_k4_m50_d0,1,4,50,0,42,2;4;6;7,200,sabah,0.1686771956618274,0.10344293154197692,0.27983561545928914,0.2012449366901592,0.14735627842141696,0.453411633594226,0.27369264212218936,0.0995371861405162,0.01909012505064061,0.01897530864197531
fb_h1_k4_mall_d0_s42,fb_h1_k4_mall_d0,1,4,all,0,42,2;4;6;7,387,heldout,0.301783872312513,0.20703610175143367,0.2967578218051764,0.37800100602286035,0.07711438901395179,0.22634194380309353,,0.16312493784097665,0.21400475757121007,0.8283333333333331
fb_h1_k4_mall_d0_s42,fb_h1_k4_mall_d0,1,4,all,0,42,2;4;6;7,387,sabah,0.19313881739813685,0.11242161824006014,0.30923833349299,0.24008939624498746,0.23491716528433365,0.48965143437570324,0.21868596678337027,0.09365246910277295,0.01752110693787911,0.10440476190476189
fb_h1_k4_m15_d1_s42,fb_h1_k4_m15_d1,1,4,15,1,42,0;2;3;5,60,heldout,0.13037170744858328,0.059839775090485395,0.6284562391604605,0.16117216117216118,0.09763922401346328,0.17905202578075557,,0.00047745694022289766,0.0021898305084745765,0.37250000000000005
fb_h1_k4_m15_d1_s42,fb_h1_k4_m15_d1,1,4,15,1,42,0;2;3;5,60,sabah,0.1266064395940957,0.06188545887061517,0.348680125186777,0.1606119970315301,0.5089224148391873,0.20088246998948653,0.028840241198023687,0.00044419230122709697,0.0046855318612342945,0.01586378737541528
fb_h1_k4_m50_d1_s42,fb_h1_k4_m50_d1,1,4,50,1,42,0;2;3;5,200,heldout,0.17680709521411336,0.08106452911373456,0.25086807391677457,0.3421215497418405,0.11944151502644894,0.30229119761107226,,0.05640077624535689,0.007901987187688794,0.398
fb_h1_k4_m50_d1_s42,fb_h1_k4_m50_d1,1,4,50,1,42,0;2;3;5,200,sabah,0.18058345676968568,0.10118282686331494,0.34343424457746324,0.19672158658837177,0.5556865322791169,0.3832802829929584,0.05915850729174844,0.047151256463631525,0.009890828257325249,0.02833333333333333
fb_h1_k4_mall_d1_s42,fb_h1_k4_mall_d1,1,4,all,1,42,0;2;3;5,485,heldout,0.24368716489532133,0.17134678277913565,0.2909582598356633,0.40535979234023245,0.17110205018925717,0.37798803931336694,,0.034669558352515936,0.028565065510355685,0.606111111111111
fb_h1_k4_mall_d1_s42,fb_h1_k4_mall_d1,1,4,all,1,42,0;2;3;5,485,sabah,0.23124935979342365,0.12773248253653546,0.3073560552717081,0.2681403107592619,0.5998174057156872,0.47646616071267645,0.1775415203679956,0.06190017659837279,0.033361909190694775,0.038408986175115206
fb_h1_k7_m15_d0_s42,fb_h1_k7_m15_d0,1,7,15,0,42,0;2;3;4;5;6;7,105,heldout,0.16812780548407774,0.10006214547349472,0.22401531940339153,0.39207864262876485,0.09743221842762145,0.5263269874145208,,0.10114034087768445,0.029217741570127336,0.08652173913043479
fb_h1_k7_m15_d0_s42,fb_h1_k7_m15_d0,1,7,15,0,42,0;2;3;4;5;6;7,105,sabah,0.19254414842795975,0.10866314330878768,0.32696226808471196,0.21483896698095814,0.4412295154832364,0.38972858838427843,0.2121571966288297,0.0674150923454956,0.021875862321003282,0.022858635404914895
fb_h1_k7_m50_d0_s42,fb_h1_k7_m50_d0,1,7,50,0,42,0;2;3;4;5;6;7,350,heldout,0.33774787873758233,0.24900677250324219,0.27380179764093304,0.3814736417382559,0.16262971439894414,0.29872901167660515,,0.1319873363487017,0.10039333126366065,0.995
fb_h1_k7_m50_d0_s42,fb_h1_k7_m50_d0,1,7,50,0,42,0;2;3;4;5;6;7,350,sabah,0.22737347188964352,0.1373010622697894,0.3126734631390074,0.25050004990278635,0.5524084513079339,0.5059427928389411,0.18724220698261568,0.06509549846276695,0.024909109878910343,0.028642771866693374
fb_h1_k7_mall_d0_s42,fb_h1_k7_mall_d0,1,7,all,0,42,0;2;3;4;5;6;7,725,heldout,0.4332842018510433,0.30685422448604327,0.35308654973956133,0.5021663666406943,0.19167431230973497,0.7402076505401742,,0.14947477355353855,0.2567309395184357,0.8283333333333331
fb_h1_k7_mall_d0_s42,fb_h1_k7_mall_d0,1,7,all,0,42,0;2;3;4;5;6;7,725,sabah,0.2804370420065057,0.16749655618733533,0.38180359764837707,0.3022160751201746,0.5183919160140009,0.5957481547496966,0.301923491879446,0.10023524930774136,0.033423440088149126,0.13290000000000002
fb_h2_k1_m15_d0_s42,fb_h2_k1_m15_d0,2,1,15,0,42,4,15,heldout,0.006430481525526323,0.003088076470391092,0.17855496710393112,0.04451248992747784,0.00019230769230769233,0.0006821378340365682,0.0,0.022961872958840862,0.004766037881087572,0.009980532786885248
fb_h2_k1_m15_d0_s42,fb_h2_k1_m15_d0,2,1,15,0,42,4,15,sabah,0.02953423106464066,0.014057459847817219,0.26369499281407066,0.07428957022240806,0.0011841283012682608,0.11781581860407045,0.0,0.04208327169433587,0.011399070624150246,0.004723097164019101
fb_h2_k1_m50_d0_s42,fb_h2_k1_m50_d0,2,1,50,0,42,4,50,heldout,0.022579319667368786,0.01096253086411048,0.0428079531006984,0.06465612147723349,0.001116584564860427,0.01076361742907409,0.0,0.06095023539909815,0.00904389675012916,0.0536015838610509
fb_h2_k1_m50_d0_s42,fb_h2_k1_m50_d0,2,1,50,0,42,4,50,sabah,0.09256501693851156,0.05069194667582923,0.16404249893817244,0.1075225314544515,0.03821957897269873,0.3177335366140381,0.0,0.09254307781376643,0.008194842305544573,0.09869906592502159
fb_h2_k1_mall_d0_s42,fb_h2_k1_mall_d0,2,1,all,0,42,4,101,heldout,0.06249071252495018,0.025794490581824685,0.33659253046500104,0.08081666416833125,2.9940119760479045e-05,0.0009494658797131848,0.0,0.06510977341871421,0.01686766826536242,0.2919874274661508
fb_h2_k1_mall_d0_s42,fb_h2_k1_mall_d0,2,1,all,0,42,4,101,sabah,0.10564714284154382,0.057858819584460784,0.24775047858330942,0.15389775878818265,0.024191343100056082,0.3389613597455509,0.0,0.08170019404550279,0.009366098786480754,0.17966386137167237
fb_h2_k1_m15_d1_s42,fb_h2_k1_m15_d1,2,1,15,1,42,7,15,heldout,0.0022163318868161364,0.0005356533946137542,0.33838240915918627,0.003911749008445222,0.0,0.005736796038412262,0.0,0.0016424455494978055,0.0003697544464573529,0.005548995286529397
fb_h2_k1_m15_d1_s42,fb_h2_k1_m15_d1,2,1,15,1,42,7,15,sabah,0.011849272375941128,0.00556882696668225,0.3827967285076784,0.03608702328041144,0.0,0.046781544846560955,2.332089552238806e-06,0.0071592221123896555,0.002791457847889174,0.014361077359254758
fb_h2_k1_m50_d1_s42,fb_h2_k1_m50_d1,2,1,50,1,42,7,50,heldout,0.0027935724809879277,0.0007694855318732795,0.012227906278157487,0.02509048700426621,0.0,0.0070709485683963695,0.0,0.0008403693179523614,0.008850116999578835,0.0
fb_h2_k1_m50_d1_s42,fb_h2_k1_m50_d1,2,1,50,1,42,7,50,sabah,0.03551294369690527,0.020112602304761543,0.08197830208919799,0.0776868275945966,0.0,0.1802000425523887,0.0,0.005217161531728161,0.01379386270648559,0.013866595390829177
fb_h2_k1_mall_d1_s42,fb_h2_k1_mall_d1,2,1,all,1,42,7,57,heldout,0.003797135177006895,0.0010396096580601373,0.012457817477392198,0.020772732505206316,0.0,0.007693708449236822,0.0,0.001957277890770208,0.01265918790611394,0.000472636815920398
fb_h2_k1_mall_d1_s42,fb_h2_k1_mall_d1,2,1,all,1,42,7,57,sabah,0.035184699501002274,0.021377814269981206,0.07157962453745959,0.08103911900454812,0.0,0.1865927517212192,0.0,0.005471649553795776,0.010586093873542977,0.008457701857455677
fb_h2_k2_m15_d0_s42,fb_h2_k2_m15_d0,2,2,15,0,42,4;7,30,heldout,0.02074700067073533,0.00897269795751737,0.3952127255202553,0.032046317904496795,0.0008733725083534969,0.0031922059322006978,0.0,0.10084546748662478,0.007665778481527076,0.01190517961570593
fb_h2_k2_m15_d0_s42,fb_h2_k2_m15_d0,2,2,15,0,42,4;7,30,sabah,0.06955495247443703,0.03219139142674934,0.2802318726499737,0.0919127136293079,0.02031626248982151,0.22076748326066217,0.0,0.07905356798279707,0.010717705997515578,0.08647469511582584
fb_h2_k2_m50_d0_s42,fb_h2_k2_m50_d0,2,2,50,0,42,4;7,100,heldout,0.016633224149029572,0.00692353383063794,0.03573533257979157,0.03933798675136306,0.0,0.007063882698017623,0.0,0.07011796211832069,0.008947226262459536,0.01367027381537957
fb_h2_k2_m50_d0_s42,fb_h2_k2_m50_d0,2,2,50,0,42,4;7,100,sabah,0.07801403677447907,0.04621904665635035,0.22731638646634866,0.11829787392493561,0.019845052985801977,0.28919384063787196,0.0,0.07902072153191553,0.015676851513660894,0.0643477539776241
fb_h2_k2_mall_d0_s42,fb_h2_k2_mall_d0,2,2,all,0,42,4;7,158,heldout,0.04865681588724142,0.02052027988613035,0.23696375351043863,0.10171408345998727,0.0004347826086956522,0.014981104452611395,0.0,0.08065004974173448,0.015710399678916534,0.18016455884149046
fb_h2_k2_mall_d0_s42,fb_h2_k2_mall_d0,2,2,all,0,42,4;7,158,sabah,0.1349261019942066,0.06845924973035779,0.44066428896127635,0.13795558048217002,0.04606468528212919,0.40272249842207875,0.0,0.07943738453976228,0.019665884813153334,0.26166615890811595
fb_h2_k2_m15_d1_s42,fb_h2_k2_m15_d1,2,2,15,1,42,3;4,30,heldout,0.011841305264118038,0.0050381310471905505,0.23781183666613828,0.031099625711945522,0.04304171419461303,0.00015264717150459818,0.0,0.017342055632005596,0.0051939338461182705,0.0053174807404667325
fb_h2_k2_m15_d1_s42,fb_h2_k2_m15_d1,2,2,15,1,42,3;4,30,sabah,0.1658971807635532,0.09258553106960556,0.4121547084085571,0.21789440016085326,0.45661080259651277,0.4051157352463548,9.80392156862745e-05,0.05328199285725084,0.011086428749782544,0.06919008591573189
fb_h2_k2_m50_d1_s42,fb_h2_k2_m50_d1,2,2,50,1,42,3;4,100,heldout,0.04160865225299677,0.02355240708843959,0.1790933329583566,0.04749490866869325,0.05364114653523174,0.0001997264801413186,0.0,0.07584859085064151,0.0033396426344222017,0.11662280701754385
fb_h2_k2_m50_d1_s42,fb_h2_k2_m50_d1,2,2,50,1,42,3;4,100,sabah,0.15102038255945935,0.07702228707402088,0.23872032425911616,0.18145571095917157,0.48753165356851147,0.3088584704409615,0.0,0.08883278338470688,0.006343832407020772,0.014555555555555554
fb_h2_k2_mall_d1_s42,fb_h2_k2_mall_d1,2,2,all,1,42,3;4,163,heldout,0.09691285745604335,0.04054469147588971,0.3782735078015806,0.08365923193437635,0.06969787739541805,0.0018297508549096238,0.0,0.07065925881051864,0.007098803867822473,0.4321914538075914
fb_h2_k2_mall_d1_s42,fb_h2_k2_mall_d1,2,2,all,1,42,3;4,163,sabah,0.13543681908354874,0.07626416716172996,0.23407734709837338,0.19478868001147412,0.3892189259251345,0.32339359652461874,0.0,0.07143576089703599,0.0037599148086205165,0.024812716345882804
fb_h2_k4_m15_d0_s42,fb_h2_k4_m15_d0,2,4,15,0,42,0;3;6;7,60,heldout,0.02931652690121179,0.010256601727373438,0.12595701678804838,0.04571973410732161,0.049660188997565136,0.0004287152637937978,0.09415968205839056,0.005352910869506426,0.024656737577088195,0.001640926640926641
fb_h2_k4_m15_d0_s42,fb_h2_k4_m15_d0,2,4,15,0,42,0;3;6;7,60,sabah,0.12505552540907383,0.0634676385061102,0.20303959177862266,0.1542990225085133,0.44261879449176134,0.06940047091595919,0.20955561001624873,0.009427674368245485,0.01728413582807203,0.002046466834156343
fb_h2_k4_m50_d0_s42,fb_h2_k4_m50_d0,2,4,50,0,42,0;3;6;7,200,heldout,0.0367627402402828,0.012885907891227967,0.12799326995065988,0.05255646505908456,0.11614043131273914,0.0010833333333333333,0.07953082923735577,0.007345222134255979,0.013492332230295286,0.0029842931937172777
fb_h2_k4_m50_d0_s42,fb_h2_k4_m50_d0,2,4,50,0,42,0;3;6;7,200,sabah,0.2065706144848731,0.12475124798903466,0.31572146520118965,0.23443210014981553,0.49744479647963147,0.45457041749248706,0.20914982822375144,0.013659035092372986,0.038736900590895296,0.025862709030100337
fb_h2_k4_mall_d0_s42,fb_h2_k4_mall_d0,2,4,all,0,42,0;3;6;7,342,heldout,0.04907319562374677,0.01735875011960963,0.13771311012288426,0.06876376163477942,0.1316730164213094,0.0022501413171752433,0.12854543608080846,0.010334666920144559,0.020093359811553576,0.0015425531914893616
fb_h2_k4_mall_d0_s42,fb_h2_k4_mall_d0,2,4,all,0,42,0;3;6;7,342,sabah,0.2234730094031434,0.13501555030704243,0.33910829228804756,0.25919655012845405,0.50974815957473,0.4718429863246202,0.19444133026683041,0.01955433939300767,0.041177596249809253,0.10407364460986294
fb_h2_k4_m15_d1_s42,fb_h2_k4_m15_d1,2,4,15,1,42,1;3;6;7,60,heldout,0.026739081577220953,0.008344618453148555,0.033214604724939985,0.18598034304999103,0.053308584405768654,0.0035941748294768,0.0911558976121882,0.004106355989636837,0.0019260300243134744,0.006343446601941747
fb_h2_k4_m15_d1_s42,fb_h2_k4_m15_d1,2,4,15,1,42,1;3;6;7,60,sabah,0.15384102785991385,0.08507122672385999,0.26315490979200956,0.17378565547910083,0.4338992449753625,0.36363107634310354,0.08958308780642502,0.006684855376137816,0.0258479026584544,0.0034000000000000002
fb_h2_k4_m50_d1_s42,fb_h2_k4_m50_d1,2,4,50,1,42,1;3;6;7,200,heldout,0.039357272194911815,0.01389018650339361,0.1574858874436994,0.052119093959084206,0.09344999285121058,0.005394736842105263,0.06463381333359533,0.03942054185943149,0.007137461668954997,0.026107086614173228
fb_h2_k4_m50_d1_s42,fb_h2_k4_m50_d1,2,4,50,1,42,1;3;6;7,200,sabah,0.1773912355219586,0.10716984309307857,0.32294260268021374,0.1928772570795685,0.46936025270755743,0.3781494924001023,0.13553680107941596,0.055847600606099765,0.023036978616377102,0.002416287722199256
fb_h2_k4_mall_d1_s42,fb_h2_k4_mall_d1,2,4,all,1,42,1;3;6;7,303,heldout,0.04419629941455625,0.017992853224634415,0.09601367050937516,0.12209975980248937,0.06991120781668468,0.0010606060606060605,0.07240132339268562,0.06620530367161653,0.006313641260030355,0.04928571428571428
fb_h2_k4_mall_d1_s42,fb_h2_k4_mall_d1,2,4,all,1,42,1;3;6;7,303,sabah,0.18490008156791096,0.11100280104602177,0.35387956461702125,0.19191534683760977,0.37319609163848777,0.3784152032435723,0.14271143916125784,0.07225869205008773,0.026686058387951694,0.11613300492610837
fb_h2_k7_m15_d0_s42,fb_h2_k7_m15_d0,2,7,15,0,42,0;1;3;4;5;6;7,105,heldout,0.06326698461390724,0.022094607105688082,0.1369564764794244,0.08475619592235044,0.06943275441377414,0.0004560900499097377,0.07399521934459485,0.0777305434955068,0.016687300379657995,0.14129999999999998
fb_h2_k7_m15_d0_s42,fb_h2_k7_m15_d0,2,7,15,0,42,0;1;3;4;5;6;7,105,sabah,0.19256180554464652,0.11621231289081482,0.3489393699030181,0.25089526118602035,0.3949440787957731,0.49180450582270074,0.10784505236900693,0.07636884679437633,0.031908349486022,0.0525
fb_h2_k7_m50_d0_s42,fb_h2_k7_m50_d0,2,7,50,0,42,0;1;3;4;5;6;7,350,heldout,0.11208710686067504,0.054268303486312015,0.24965399483466277,0.11456040781015868,0.12826649083051359,0.0006413512827025654,0.13717089729871199,0.05996160146846348,0.006633815435173778,0.33984848484848484
fb_h2_k7_m50_d0_s42,fb_h2_k7_m50_d0,2,7,50,0,42,0;1;3;4;5;6;7,350,sabah,0.2183599971402069,0.13637777910949986,0.36420253854443435,0.23746095916470591,0.46957310905385613,0.4802878826625968,0.20843939912488746,0.0798322499442558,0.03906017033847335,0.032967171717171714
fb_h2_k7_mall_d0_s42,fb_h2_k7_mall_d0,2,7,all,0,42,0;1;3;4;5;6;7,680,heldout,0.10121994942853803,0.050889084128681365,0.18948866343061954,0.11440907462954153,0.12819870357168608,0.0013245967741935484,0.1615317238029437,0.07687920593191737,0.021447678472054255,0.2179377880184332
fb_h2_k7_mall_d0_s42,fb_h2_k7_mall_d0,2,7,all,0,42,0;1;3;4;5;6;7,680,sabah,0.2493471658140541,0.15128087518741026,0.3727143147940722,0.2944478066910979,0.5252847923339455,0.5318156497499756,0.23614328138413246,0.0967560116111667,0.06065301753275662,0.04543024227234753
fb_h3_k1_m15_d0_s42,fb_h3_k1_m15_d0,3,1,15,0,42,6,15,heldout,0.0012182411371257824,0.0008172298288859799,0.0010638726576667338,0.14772727272727273,0.0,0.0042132423262809075,,0.0,,0.0006597222222222221
fb_h3_k1_m15_d0_s42,fb_h3_k1_m15_d0,3,1,15,0,42,6,15,sabah,0.046055553417332196,0.02836314013235112,0.742341315837929,0.06170412441210454,0.0,0.008841864179758756,0.26749145632423443,0.0,0.0,0.0
fb_h3_k1_m50_d0_s42,fb_h3_k1_m50_d0,3,1,50,0,42,6,50,heldout,0.0022674418604651165,0.0010929114490161001,0.000970873786407767,0.05,0.0,0.009069767441860466,,0.0,,0.0
fb_h3_k1_m50_d0_s42,fb_h3_k1_m50_d0,3,1,50,0,42,6,50,sabah,0.0473322116818728,0.029021812868542603,0.9142235224141085,0.054569892473118276,0.0,0.018620998842780782,0.26522795885456807,0.0,0.0,0.00014431239388794565
fb_h3_k1_mall_d0_s42,fb_h3_k1_mall_d0,3,1,all,0,42,6,82,heldout,0.0007661290322580644,0.0001532258064516129,0.002066115702479339,0.022727272727272728,0.0,0.0,,0.0,,0.0030645161290322577
fb_h3_k1_mall_d0_s42,fb_h3_k1_mall_d0,3,1,all,0,42,6,82,sabah,0.04671397635691599,0.030398546792761934,0.2543956095213798,0.0543010752688172,0.0,0.0017105179357922895,0.2785733402057036,0.0,0.0,0.0
fb_h3_k1_m15_d1_s42,fb_h3_k1_m15_d1,3,1,15,1,42,2,15,heldout,0.057794098926911,0.024587409474861766,0.5982084801964719,0.06670238656941954,0.2294491229803713,0.0,,0.0,,0.0017272727272727272
fb_h3_k1_m15_d1_s42,fb_h3_k1_m15_d1,3,1,15,1,42,2,15,sabah,0.04866435133310957,0.018166404362009832,0.45190302359643136,0.07406544717934861,0.2254263254420956,0.01047579039390405,0.02282893282253089,0.02581203169655339,0.00627359920937563,0.0011694284341978865
fb_h3_k1_m50_d1_s42,fb_h3_k1_m50_d1,3,1,50,1,42,2,50,heldout,0.061194137116603,0.02459681077123815,0.3480404009878644,0.06829896907216494,0.24378456449847613,0.0,,0.0009919839679358717,,0.0
fb_h3_k1_m50_d1_s42,fb_h3_k1_m50_d1,3,1,50,1,42,2,50,sabah,0.07920082476485002,0.029293979442861235,0.17614982954336142,0.1077565041915547,0.3432929246774592,0.017132952501835105,0.05437426291543235,0.04358735439448603,0.015351936858508133,0.0014655172413793104
fb_h3_k1_mall_d1_s42,fb_h3_k1_mall_d1,3,1,all,1,42,2,147,heldout,0.08906531023654089,0.03883701309826107,0.40513076796190417,0.2074742268041237,0.35105071463037407,0.0,,0.0052105263157894745,,0.0
fb_h3_k1_mall_d1_s42,fb_h3_k1_mall_d1,3,1,all,1,42,2,147,sabah,0.10185532795353958,0.042351352541231485,0.30131323882861444,0.1233786508392641,0.3884955584864419,0.06546767486048533,0.08570677257782384,0.04097801249692698,0.030483949299559315,0.0
fb_h3_k2_m15_d0_s42,fb_h3_k2_m15_d0,3,2,15,0,42,5;7,30,heldout,0.13269632092078915,0.07270076302754593,0.24027554273532975,0.13922211808809748,0.49184436952485117,0.01583333333333333,,0.0071739130434782614,,0.015933667781493868
fb_h3_k2_m15_d0_s42,fb_h3_k2_m15_d0,3,2,15,0,42,5;7,30,sabah,0.11409358703676081,0.05515163575160972,0.18494820352251803,0.15714187820583922,0.4492128809981512,0.12453727718527645,0.027189446468039807,0.0017431442448463562,0.0080144085226533,0.07386436480159775
fb_h3_k2_m50_d0_s42,fb_h3_k2_m50_d0,3,2,50,0,42,5;7,100,heldout,0.23569103183656562,0.12316418488362046,0.31776976033240206,0.32492983576937756,0.5274704224545221,0.015000000000000001,,0.05849137931034483,,0.34180232558139545
fb_h3_k2_m50_d0_s42,fb_h3_k2_m50_d0,3,2,50,0,42,5;7,100,sabah,0.16147026708635095,0.08369937577272996,0.23823690209992066,0.1946369738988778,0.4592609140162517,0.2854273948422865,0.158057586833248,0.006607335610953171,0.028145528224758673,0.0313228429906077
fb_h3_k2_mall_d0_s42,fb_h3_k2_mall_d0,3,2,all,0,42,5;7,192,heldout,0.21266005867211255,0.11587025874861115,0.4010312328221315,0.3686388533120679,0.5570944471426627,0.03166666666666666,,0.02357142857142857,,0.23830769230769233
fb_h3_k2_mall_d0_s42,fb_h3_k2_mall_d0,3,2,all,0,42,5;7,192,sabah,0.15998735063582295,0.08446124336983814,0.27931816614130783,0.19718622799567534,0.42984956677576147,0.26014152073727925,0.18349755357101516,0.03867580568344234,0.03715992658921844,0.010599730458221022
fb_h3_k2_m15_d1_s42,fb_h3_k2_m15_d1,3,2,15,1,42,2;5,30,heldout,0.12684777017813967,0.06998244571064169,0.15745966602297368,0.11621371744262533,0.5033666904686562,0.0,,0.004024390243902439,,0.0
fb_h3_k2_m15_d1_s42,fb_h3_k2_m15_d1,3,2,15,1,42,2;5,30,sabah,0.11600007820083581,0.05245032571960633,0.16297602717357274,0.16304899947329285,0.429636961657624,0.0061005944605983685,0.09124796595987464,0.022091424428867763,0.01028715906168639,0.13663636363636364
fb_h3_k2_m50_d1_s42,fb_h3_k2_m50_d1,3,2,50,1,42,2;5,100,heldout,0.14460912664807413,0.07962800985781311,0.19686333986973215,0.15159325210871602,0.5601076579295438,0.0,,0.0022916666666666667,,0.016037181996086107
fb_h3_k2_m50_d1_s42,fb_h3_k2_m50_d1,3,2,50,1,42,2;5,100,sabah,0.14815493355832415,0.07004622117130821,0.23154468336309428,0.18111082944736243,0.562372757281948,0.06907132578494272,0.17269610328125526,0.06962250341078575,0.011119292543394053,0.004047619047619047
fb_h3_k2_mall_d1_s42,fb_h3_k2_mall_d1,3,2,all,1,42,2;5,282,heldout,0.16533474512135837,0.095226757794348,0.22376909657037877,0.1872071227741331,0.5913389804854334,0.0,,0.0,,0.07
fb_h3_k2_mall_d1_s42,fb_h3_k2_mall_d1,3,2,all,1,42,2;5,282,sabah,0.14882555494171879,0.07090569020520035,0.33236991962718204,0.16283056947266733,0.5451533204889374,0.04860683437335749,0.2113022111602848,0.04201414927896628,0.037905126314578735,0.007971688034188034
fb_h3_k4_m15_d0_s42,fb_h3_k4_m15_d0,3,4,15,0,42,2;5;6;7,60,heldout,0.02994946905509557,0.015115566540939384,0.08527818610252141,0.05834114339268978,0.06016971691922024,0.008425317470543602,,0.0,,0.051202841830618434
fb_h3_k4_m15_d0_s42,fb_h3_k4_m15_d0,3,4,15,0,42,2;5;6;7,60,sabah,0.0991572091175088,0.05044940073497879,0.19938237493987873,0.142320623019797,0.19649481958113604,0.08216919222566946,0.2602472002430669,0.037683008051517725,0.01323786776827774,0.005111166835384907
fb_h3_k4_m50_d0_s42,fb_h3_k4_m50_d0,3,4,50,0,42,2;5;6;7,200,heldout,0.22268909163002698,0.11562536725117248,0.30982211782482505,0.24735238987816308,0.5449581798463439,0.027785539880629408,,0.002037037037037037,,0.31597560975609756
fb_h3_k4_m50_d0_s42,fb_h3_k4_m50_d0,3,4,50,0,42,2;5;6;7,200,sabah,0.1650247853061821,0.08516516856602904,0.2975561332835693,0.20847611078925263,0.46516412325782963,0.224241067004532,0.20989854061182125,0.0554044105483414,0.026920500580274107,0.008520069834294057
fb_h3_k4_mall_d0_s42,fb_h3_k4_mall_d0,3,4,all,0,42,2;5;6;7,421,heldout,0.19844849010920232,0.08855504016743412,0.300425693859335,0.32385192127460166,0.5498144595455436,0.03872549019607843,,0.029117647058823533,,0.17613636363636365
fb_h3_k4_mall_d0_s42,fb_h3_k4_mall_d0,3,4,all,0,42,2;5;6;7,421,sabah,0.19449757632228867,0.10483208058520241,0.31186915853362335,0.2153386912720846,0.5562693561182577,0.1885539707465919,0.2992301003907186,0.05943900865204542,0.042126808141036726,0.021366213885081912
fb_h3_k4_m15_d1_s42,fb_h3_k4_m15_d1,3,4,15,1,42,0;1;6;7,60,heldout,0.12663055086530806,0.07759107427592644,0.2331484676486929,0.14700093720712276,0.32796600879743676,0.035577977896029477,,0.0013306451612903228,,0.14164757160647573
fb_h3_k4_m15_d1_s42,fb_h3_k4_m15_d1,3,4,15,1,42,0;1;6;7,60,sabah,0.15500848355316982,0.09137014823390288,0.2530535631222938,0.18175774916950993,0.2665615484488455,0.37929307487025954,0.1612857511518842,0.017107429275051315,0.019264636034516766,0.08653846153846154
fb_h3_k4_m50_d1_s42,fb_h3_k4_m50_d1,3,4,50,1,42,0;1;6;7,200,heldout,0.1746170941172657,0.10533370055114322,0.30926283279379735,0.17731811866014796,0.44502010766469635,0.09749999999999999,,0.00046435272045028137,,0.15548391608391607
fb_h3_k4_m50_d1_s42,fb_h3_k4_m50_d1,3,4,50,1,42,0;1;6;7,200,sabah,0.16378857196282362,0.09482527246125877,0.29560556104950847,0.20478652890733298,0.35267052016370815,0.37405633557872053,0.1344108882053535,0.05515571708347412,0.0494379707456854,0.017
fb_h3_k4_mall_d1_s42,fb_h3_k4_mall_d1,3,4,all,1,42,0;1;6;7,382,heldout,0.17556358097149888,0.09212184888145421,0.3151921148718695,0.3258200562324273,0.4568038535744141,0.0882142857142857,,0.019736184597295696,,0.1375
fb_h3_k4_mall_d1_s42,fb_h3_k4_mall_d1,3,4,all,1,42,0;1;6;7,382,sabah,0.20564706370015184,0.1265265401660667,0.32081518781027746,0.2220425587540106,0.4070392998623097,0.48516098785144496,0.12792123323935228,0.09150096291219217,0.03027754642227966,0.09198235191333216
fb_h3_k7_m15_d0_s42,fb_h3_k7_m15_d0,3,7,15,0,42,0;1;2;4;5;6;7,105,heldout,0.2514522958337976,0.12310320166286366,0.34232910175284514,0.36153474391012913,0.3785755499473015,0.0386759410801964,,0.165,,0.42355769230769236
fb_h3_k7_m15_d0_s42,fb_h3_k7_m15_d0,3,7,15,0,42,0;1;2;4;5;6;7,105,sabah,0.24656312791658472,0.137052347430902,0.38563446317505695,0.24834253740184856,0.4321465358095477,0.5355992836724494,0.14966310993311338,0.08313226743289955,0.023503416725610723,0.25533415392588754
fb_h3_k7_m50_d0_s42,fb_h3_k7_m50_d0,3,7,50,0,42,0;1;2;4;5;6;7,350,heldout,0.3050032339540173,0.18582332316335098,0.5016044399440361,0.31676338000814386,0.5097590973482012,0.2210807615447912,,0.12375,,0.36542307692307685
fb_h3_k7_m50_d0_s42,fb_h3_k7_m50_d0,3,7,50,0,42,0;1;2;4;5;6;7,350,sabah,0.2235501522492632,0.13413076214062175,0.3938870813583501,0.24828205914011867,0.4307477974161449,0.5329360095584085,0.17182147866290415,0.10641017250109719,0.051993058662809497,0.047392396694214876
fb_h3_k7_mall_d0_s42,fb_h3_k7_mall_d0,3,7,all,0,42,0;1;2;4;5;6;7,765,heldout,0.32766104940641433,0.1997676451259164,0.33503080756036974,0.5096390206667865,0.6057326646483883,0.2683942161339422,,0.0707142857142857,,0.36580303112904106
fb_h3_k7_mall_d0_s42,fb_h3_k7_mall_d0,3,7,all,0,42,0;1;2;4;5;6;7,765,sabah,0.2567218577218639,0.15210252265178406,0.41363659220425236,0.2916247644782674,0.45911331013305884,0.5442778224168495,0.23486792851257196,0.10244877653762079,0.05154391303837892,0.14807939569270334
fb_h4_k1_m15_d0_s42,fb_h4_k1_m15_d0,4,1,15,0,42,5,15,heldout,0.06630747106793652,0.021533336626790564,0.7726955729387158,0.07606752730883812,0.028286872720909684,0.0,,0.0,0.0030087232145920933,0.3002417594041808
fb_h4_k1_m15_d0_s42,fb_h4_k1_m15_d0,4,1,15,0,42,5,15,sabah,0.1019495921258786,0.047924336746658504,0.6351811798948125,0.1070256804127772,0.4906092374989026,0.0011309611656307155,0.11518762137729444,0.0,0.003714591894127471,0.0010551408193163144
fb_h4_k1_m50_d0_s42,fb_h4_k1_m50_d0,4,1,50,0,42,5,50,heldout,0.0826693571123996,0.034629782150293456,0.1832489960343199,0.1845150787706394,0.04794042711794701,0.03604986822200426,,0.06255016280453808,0.004877662031714629,0.261928665385794
fb_h4_k1_m50_d0_s42,fb_h4_k1_m50_d0,4,1,50,0,42,5,50,sabah,0.14071956252127,0.06836900097797317,0.3431920108296283,0.13421362312780857,0.5556223472664414,0.06407909660552263,0.17304510834929224,0.03870770526314325,0.01215647615754201,0.0007066414856783129
fb_h4_k1_mall_d0_s42,fb_h4_k1_mall_d0,4,1,all,0,42,5,135,heldout,0.12724663985235818,0.06504317199493269,0.2517775629267846,0.17856254582330466,0.04522394645062394,0.03586138914164392,,0.12400700339010776,0.004154673971861473,0.42698618630755386
fb_h4_k1_mall_d0_s42,fb_h4_k1_mall_d0,4,1,all,0,42,5,135,sabah,0.13247911162707454,0.06441652616026784,0.35274075690664786,0.14949543771579013,0.47882041294378264,0.05237028915290323,0.21133971796752946,0.030416241273059124,0.01248356398072831,0.009444444444444443
fb_h4_k1_m15_d1_s42,fb_h4_k1_m15_d1,4,1,15,1,42,1,15,heldout,0.09445808022353153,0.05047932066547179,0.35389156603629524,0.13337786016949155,0.00016853932584269662,0.2714000469775524,,0.158484976475551,0.015222784399808693,0.02701405393890287
fb_h4_k1_m15_d1_s42,fb_h4_k1_m15_d1,4,1,15,1,42,1,15,sabah,0.05017060039726894,0.028004603480594657,0.3112364123072395,0.07271859872606064,0.016437656107498824,0.2220422570389094,1.205400192864031e-06,0.05486574699833771,0.007422759632249109,0.00025397720642576533
fb_h4_k1_m50_d1_s42,fb_h4_k1_m50_d1,4,1,50,1,42,1,50,heldout,0.15192769120262262,0.06932112615573127,0.33838582913187987,0.17811204518582965,0.0,0.22628071697698898,,0.20786782144390192,0.04306949152705922,0.28242042606516293
fb_h4_k1_m50_d1_s42,fb_h4_k1_m50_d1,4,1,50,1,42,1,50,sabah,0.12307408529086668,0.06012689215618836,0.27704370032133646,0.14494856852694762,0.3122567346208973,0.2655712425076203,0.0,0.07224048195950662,0.011435199392793152,0.07694085326438267
fb_h4_k1_mall_d1_s42,fb_h4_k1_mall_d1,4,1,all,1,42,1,102,heldout,0.11605424762748431,0.04966881410909159,0.2963145061869704,0.11468979036574489,0.0,0.10975858021681618,,0.18874828884474848,0.03741810470804081,0.2443462643678161
fb_h4_k1_mall_d1_s42,fb_h4_k1_mall_d1,4,1,all,1,42,1,102,sabah,0.09248898631716251,0.05258395180335414,0.22534890223204543,0.10188943751579849,0.2182071772482013,0.2561215510955188,0.0,0.06064295945492831,0.016962230104326733,0.003
fb_h4_k2_m15_d0_s42,fb_h4_k2_m15_d0,4,2,15,0,42,0;6,30,heldout,0.04598029421055154,0.03142401183952036,0.17504450648019576,0.07236154387507784,0.014125344771295217,0.09982234599442535,,0.0027901383975671816,0.0,0.11316364188946992
fb_h4_k2_m15_d0_s42,fb_h4_k2_m15_d0,4,2,15,0,42,0;6,30,sabah,0.15952963412846755,0.08965981860226475,0.48302052818038815,0.14954934396575392,0.4086067032156763,0.28006838891888797,0.26512021326549257,0.002845599722173452,0.00038461538461538467,0.00015228426395939087
fb_h4_k2_m50_d0_s42,fb_h4_k2_m50_d0,4,2,50,0,42,0;6,100,heldout,0.052646054172052745,0.03667210450770802,0.16345517082580158,0.11306881763013235,0.027175885750011404,0.19286597096631042,,0.0015593315651648426,0.0006040361965878047,0.04102504638218924
fb_h4_k2_m50_d0_s42,fb_h4_k2_m50_d0,4,2,50,0,42,0;6,100,sabah,0.1722362587949009,0.10389453432298715,0.29218715280030055,0.18136267214304072,0.3669192197464798,0.34667830172559555,0.31164845571104804,0.004189708830822099,0.003229654366079465,0.000752212389380531
fb_h4_k2_mall_d0_s42,fb_h4_k2_mall_d0,4,2,all,0,42,0;6,223,heldout,0.07746831731006949,0.03885098727078544,0.1859613819348492,0.1275814132218538,0.041507297469227156,0.18615892582198357,,0.007752208146721975,0.0015210572103168808,0.1504020979020979
fb_h4_k2_mall_d0_s42,fb_h4_k2_mall_d0,4,2,all,0,42,0;6,223,sabah,0.19136381436208996,0.11555212251853926,0.3255284978991213,0.20061964625836082,0.4346766858501976,0.3934226336879495,0.2820764394589455,0.01840033503342797,0.01686024654391426,0.002746545598105014
fb_h4_k2_m15_d1_s42,fb_h4_k2_m15_d1,4,2,15,1,42,0;5,30,heldout,0.08624357972748085,0.041975368407683476,0.25625496699793704,0.1377784197936828,0.03002946686079641,0.18173588129315835,,0.004347826086956522,0.006399546268893984,0.208705178127599
fb_h4_k2_m15_d1_s42,fb_h4_k2_m15_d1,4,2,15,1,42,0;5,30,sabah,0.12643312723951544,0.06266885580683766,0.25781845331250525,0.13511791425408112,0.4188231348885554,0.22948464063478713,0.09813629842488258,0.0040099907178852,0.007442374446657983,0.0007023243243243244
fb_h4_k2_m50_d1_s42,fb_h4_k2_m50_d1,4,2,50,1,42,0;5,100,heldout,0.17261657880518128,0.0711534485237248,0.24075556541309914,0.2530822654343326,0.0948229887831228,0.23514175524179237,,0.08509083974160346,0.01011147852670821,0.43791583173267956
fb_h4_k2_m50_d1_s42,fb_h4_k2_m50_d1,4,2,50,1,42,0;5,100,sabah,0.1792386053095638,0.09755635410745062,0.3063355472724268,0.20372453355096307,0.4754377399861542,0.3709308833009527,0.11321926080809566,0.05081190062275302,0.04803184713942711,0.017
fb_h4_k2_mall_d1_s42,fb_h4_k2_mall_d1,4,2,all,1,42,0;5,276,heldout,0.15849568940388392,0.08141363676675532,0.2495047598130525,0.27207716612946664,0.06952995323106119,0.2373257226866754,,0.10760402909655388,0.002916180824800551,0.3751025611803286
fb_h4_k2_mall_d1_s42,fb_h4_k2_mall_d1,4,2,all,1,42,0;5,276,sabah,0.2110921797356978,0.12402731894735082,0.30662819294919236,0.24046935793192414,0.5245231197816621,0.43963454611515856,0.17562656307545074,0.03764597217855358,0.0399562105966951,0.04916666666666667
fb_h4_k4_m15_d0_s42,fb_h4_k4_m15_d0,4,4,15,0,42,1;2;6;7,60,heldout,0.08908062604538351,0.04631606160325316,0.1515586096292687,0.15269998550401426,0.0005,0.2014716562572524,,0.1626986096337955,0.02130997749720945,0.05942288683866019
fb_h4_k4_m15_d0_s42,fb_h4_k4_m15_d0,4,4,15,0,42,1;2;6;7,60,sabah,0.09488803276098991,0.04938012146946157,0.23665373290153327,0.11126772910009597,0.1242667648004488,0.1998171659678261,0.14848027334221908,0.07578013283312506,0.00476553500434799,0.016218324617972447
fb_h4_k4_m50_d0_s42,fb_h4_k4_m50_d0,4,4,50,0,42,1;2;6;7,200,heldout,0.1146161318314621,0.053765204243380556,0.2638446571409695,0.14569860061251513,0.0,0.15624462066877143,,0.21432453197293533,0.01924761762671489,0.1832638888888889
fb_h4_k4_m50_d0_s42,fb_h4_k4_m50_d0,4,4,50,0,42,1;2;6;7,200,sabah,0.14222555754759464,0.07824448163990351,0.29458923726862024,0.17902459917346625,0.2850370262060312,0.3046700840530342,0.14209443193004317,0.07759833569524315,0.03181061025835898,0.012142857142857143
fb_h4_k4_mall_d0_s42,fb_h4_k4_mall_d0,4,4,all,0,42,1;2;6;7,388,heldout,0.12015424369404444,0.056729008672087675,0.19767389692570264,0.15443525869759142,0.0,0.22965904766544953,,0.19943527949584267,0.05846474161651717,0.11321214969241283
fb_h4_k4_mall_d0_s42,fb_h4_k4_mall_d0,4,4,all,0,42,1;2;6;7,388,sabah,0.17793445673092015,0.10236213180768795,0.3139063033731017,0.2210785731065074,0.3641884926615899,0.41082509199455375,0.1487070300591933,0.07782152604704029,0.051640680630259124,0.01442391899288451
fb_h4_k4_m15_d1_s42,fb_h4_k4_m15_d1,4,4,15,1,42,3;5;6;7,60,heldout,0.10790676600567443,0.05664504569220703,0.23436116509887803,0.18982913257620387,0.027483691988206355,0.14155154245608703,,0.10853662413798075,0.010378641581518213,0.2515833298645799
fb_h4_k4_m15_d1_s42,fb_h4_k4_m15_d1,4,4,15,1,42,3;5;6;7,60,sabah,0.1581785451486266,0.08768761326422281,0.23975450214105773,0.19210587140750782,0.4541907634578966,0.2904069630873383,0.15287865490872093,0.03248395245634425,0.014326381608063286,0.004784555373395896
fb_h4_k4_m50_d1_s42,fb_h4_k4_m50_d1,4,4,50,1,42,3;5;6;7,200,heldout,0.13317600429559398,0.08453580527254934,0.2521909624769121,0.15634331257468906,0.0063659784919090166,0.3711311713261924,,0.104506167198646,0.002379594734124936,0.18149710972709765
fb_h4_k4_m50_d1_s42,fb_h4_k4_m50_d1,4,4,50,1,42,3;5;6;7,200,sabah,0.18657505365658822,0.11009636007096807,0.28342746824863013,0.21939872129701088,0.4700925832497693,0.4000318182093129,0.20154051848316742,0.03152772131058691,0.011493462251381818,0.004764218435310951
fb_h4_k4_mall_d1_s42,fb_h4_k4_mall_d1,4,4,all,1,42,3;5;6;7,336,heldout,0.15090345154059662,0.08824389406711518,0.25078012277719103,0.24847743537417655,0.029744802914018084,0.3242633322883489,,0.0786965677495047,0.010614100031917744,0.31119845471919355
fb_h4_k4_mall_d1_s42,fb_h4_k4_mall_d1,4,4,all,1,42,3;5;6;7,336,sabah,0.20568684434523385,0.12052441026335935,0.31981268933127815,0.23795764062499294,0.5506269057710919,0.3489777627043957,0.25398745117267757,0.042105345441941146,0.028728076137703326,0.009695524843593534
fb_h4_k7_m15_d0_s42,fb_h4_k7_m15_d0,4,7,15,0,42,0;1;2;3;5;6;7,105,heldout,0.10963657330648488,0.06283137443100113,0.18185236648770425,0.1535122161395654,0.021602817248731046,0.2990019322916946,,0.007406233680327508,0.006114568077885539,0.2140573152337858
fb_h4_k7_m15_d0_s42,fb_h4_k7_m15_d0,4,7,15,0,42,0;1;2;3;5;6;7,105,sabah,0.19605864232355838,0.10998905603354107,0.30674644896397324,0.213806465738113,0.5385431495550164,0.41469774766805356,0.16480636368271404,0.009628260345318345,0.03433164068500571,0.014344692005242462
fb_h4_k7_m50_d0_s42,fb_h4_k7_m50_d0,4,7,50,0,42,0;1;2;3;5;6;7,350,heldout,0.21434943596581552,0.1275313245583025,0.3278296018851464,0.22906670155472417,0.005482106919347788,0.36575685578956507,,0.19794177987465006,0.029393251304471808,0.4731731859410431
fb_h4_k7_m50_d0_s42,fb_h4_k7_m50_d0,4,7,50,0,42,0;1;2;3;5;6;7,350,sabah,0.23242404685504772,0.12814486805827244,0.3442228380038373,0.2696845975473337,0.5567631180298616,0.43810184976363753,0.14583236135359776,0.06947818294655246,0.0526673070787849,0.13170146195785232
fb_h4_k7_mall_d0_s42,fb_h4_k7_mall_d0,4,7,all,0,42,0;1;2;3;5;6;7,726,heldout,0.20157024798016843,0.12046857857273192,0.3995184108882831,0.2434648795078429,0.017410585946775754,0.3025726618390989,,0.2004633606140807,0.05029768201093226,0.4371069494899545
fb_h4_k7_mall_d0_s42,fb_h4_k7_mall_d0,4,7,all,0,42,0;1;2;3;5;6;7,726,sabah,0.259470037438543,0.15592666669482716,0.3735768251281932,0.2866821764800574,0.562666504174978,0.5004696950014799,0.17853447713754916,0.08915170573105509,0.05508972724558439,0.17090811534061162
fb_h5_k1_m15_d0_s42,fb_h5_k1_m15_d0,5,1,15,0,42,4,15,heldout,0.005763982786071623,0.001533219944321384,0.3430223734207521,0.025322580645161293,0.0004206999255398362,0.004438780886627907,0.0,0.023494025141954582,0.0019397762130842191,0.004290614549223196
fb_h5_k1_m15_d0_s42,fb_h5_k1_m15_d0,5,1,15,0,42,4,15,sabah,0.05980964077452414,0.036530716007268774,0.4319282386799797,0.08680134414833067,0.0008979209260960568,0.29212391891870304,0.0,0.05689969706704913,0.007411411469736532,0.0015248962655601658
fb_h5_k1_m50_d0_s42,fb_h5_k1_m50_d0,5,1,50,0,42,4,50,heldout,0.03058569333680634,0.012598664174679535,0.3865253657131981,0.09271897223931484,0.0,0.060434612164116615,0.0,0.09996423333358057,0.006005525844985477,0.017109788678155387
fb_h5_k1_m50_d0_s42,fb_h5_k1_m50_d0,5,1,50,0,42,4,50,sabah,0.08410242812204545,0.04979005673040453,0.25882209065482414,0.10854740883579944,0.02406339492798608,0.3473925298059465,0.0,0.08885602323641874,0.013129579618280025,0.031173041143641445
fb_h5_k1_mall_d0_s42,fb_h5_k1_mall_d0,5,1,all,0,42,4,101,heldout,0.06975524611591956,0.033052272522919986,0.1334509978315684,0.1344647791498953,0.005,0.040726600985221684,0.0,0.0923642738476051,0.013129132221937264,0.26731146964075336
fb_h5_k1_mall_d0_s42,fb_h5_k1_mall_d0,5,1,all,0,42,4,101,sabah,0.10564714284154382,0.057858819584460784,0.24775047858330942,0.15389775878818265,0.024191343100056082,0.3389613597455509,0.0,0.08170019404550279,0.009366098786480754,0.17966386137167237
fb_h5_k1_m15_d1_s42,fb_h5_k1_m15_d1,5,1,15,1,42,1,15,heldout,0.037814574068493735,0.017501507421757427,0.7260192754135512,0.04770531400966183,0.2237813974843877,0.0017378048780487807,0.0,0.0,0.0,0.001368242048525944
fb_h5_k1_m15_d1_s42,fb_h5_k1_m15_d1,5,1,15,1,42,1,15,sabah,0.10725096172542775,0.05393209287279447,0.8492400651664053,0.10768365050133005,0.392582191669558,0.25073084201803775,2.4752475247524754e-05,0.0,0.0,0.00016798418972332015
fb_h5_k1_m50_d1_s42,fb_h5_k1_m50_d1,5,1,50,1,42,1,50,heldout,0.026141911114466714,0.00963702591350764,0.07839504973105425,0.07396678319370446,0.11229254948199535,0.006590909090909092,0.0,0.02634579291003382,0.01162221520386202,0.0
fb_h5_k1_m50_d1_s42,fb_h5_k1_m50_d1,5,1,50,1,42,1,50,sabah,0.09606824897664169,0.04604620075688832,0.21529403276743989,0.10729660341445953,0.33017089422956153,0.19009114700065366,0.0,0.03440880165016333,0.02173865097947157,0.0
fb_h5_k1_mall_d1_s42,fb_h5_k1_mall_d1,5,1,all,1,42,1,102,heldout,0.06530613269840894,0.03021012309023567,0.13945978613401452,0.14136150762429284,0.19407011066112054,0.025494782202377858,0.0,0.08305592029555998,0.005753483031395284,0.0834625
fb_h5_k1_mall_d1_s42,fb_h5_k1_mall_d1,5,1,all,1,42,1,102,sabah,0.09248898631716251,0.05258395180335414,0.22534890223204543,0.10188943751579849,0.2182071772482013,0.2561215510955188,0.0,0.06064295945492831,0.016962230104326733,0.003
fb_h5_k2_m15_d0_s42,fb_h5_k2_m15_d0,5,2,15,0,42,2;4,30,heldout,0.05386364012090635,0.01589747198475525,0.15609575823773267,0.0913341158881933,0.0008599305820644413,0.0,0.14348167482273108,0.10009938234109467,0.004257123206158027,0.07448372977338989
fb_h5_k2_m15_d0_s42,fb_h5_k2_m15_d0,5,2,15,0,42,2;4,30,sabah,0.05487131105968069,0.026790107273800847,0.1315324875392626,0.09339398897058727,0.016171961425307614,0.197211249199947,0.012494638939802455,0.0881228230823553,0.008643804858795234,0.006583388851876525
fb_h5_k2_m50_d0_s42,fb_h5_k2_m50_d0,5,2,50,0,42,2;4,100,heldout,0.11015741321289967,0.037180845993386794,0.19119106026821142,0.14496698482075668,0.008759939808876113,0.021111111111111112,0.23008236478731217,0.13082594998790315,0.006304448471676768,0.26386066511051864
fb_h5_k2_m50_d0_s42,fb_h5_k2_m50_d0,5,2,50,0,42,2;4,100,sabah,0.12669153187031476,0.060257873099644435,0.2689724645257458,0.1888583590744677,0.11482988938956627,0.2944958585973702,0.07412731180241942,0.09121918978708889,0.020683838197167768,0.16479310344827586
fb_h5_k2_mall_d0_s42,fb_h5_k2_mall_d0,5,2,all,0,42,2;4,248,heldout,0.1806187865017348,0.0698393219857257,0.270727933144268,0.30659862688773465,0.15448208755879855,0.05491513677580338,0.33503163333690616,0.1548303044042058,0.010472207951720363,0.3739813489829744
fb_h5_k2_mall_d0_s42,fb_h5_k2_mall_d0,5,2,all,0,42,2;4,248,sabah,0.1712309726037804,0.08838319582015225,0.28102066567609213,0.20219257697603074,0.24834625983365566,0.40108791589208115,0.09869479530449901,0.0785925737959967,0.020777072751337014,0.1798872180451128
fb_h5_k2_m15_d1_s42,fb_h5_k2_m15_d1,5,2,15,1,42,1;2,30,heldout,0.0543809049705213,0.018421983769835226,0.11325848607991386,0.08727929599468831,0.10819503585929618,0.006263736263736264,0.1564350281148117,0.05491978746135523,0.00047184212392842415,0.0
fb_h5_k2_m15_d1_s42,fb_h5_k2_m15_d1,5,2,15,1,42,1;2,30,sabah,0.09804877829931948,0.04340817007663069,0.19018648237352806,0.13104305661438087,0.26587083296548863,0.21300495793182572,0.01642468627025866,0.07438043020000526,0.018611762428338598,0.0
fb_h5_k2_m50_d1_s42,fb_h5_k2_m50_d1,5,2,50,1,42,1;2,100,heldout,0.1044318864441867,0.042932203148557314,0.2682137424116173,0.15861881378042517,0.12425175476900294,0.06586335403726708,0.23599575649895535,0.12699249345279304,0.0004015401540154015,0.07308641975308641
fb_h5_k2_m50_d1_s42,fb_h5_k2_m50_d1,5,2,50,1,42,1;2,100,sabah,0.10356827312018717,0.04744785787822497,0.1965975568882161,0.13605445644440128,0.27316980746901154,0.20790324886801465,0.04799322771508567,0.07473744626676858,0.017605908402242514,0.0
fb_h5_k2_mall_d1_s42,fb_h5_k2_mall_d1,5,2,all,1,42,1;2,249,heldout,0.15343498851637646,0.06740069762734421,0.2907891947663081,0.1564481830795534,0.17130323405961145,0.07533368746378213,0.26982719584711934,0.11628540470509688,0.005430557395122902,0.2824298516275261
fb_h5_k2_mall_d1_s42,fb_h5_k2_mall_d1,5,2,all,1,42,1;2,249,sabah,0.13180454869173755,0.0633008196434722,0.2637673054008312,0.1575092788608992,0.2610803606379661,0.19280284092633726,0.047140621026498804,0.08125043555419406,0.032643943096338154,0.1759090909090909
fb_h5_k4_m15_d0_s42,fb_h5_k4_m15_d0,5,4,15,0,42,0;2;4;7,60,heldout,0.14104429803640608,0.061283714632332724,0.2668137291117936,0.18772737945223175,0.37324493003693804,0.04989774276624753,0.19117162639578067,0.08875485340387557,0.006347444979345505,0.13684919063624912
fb_h5_k4_m15_d0_s42,fb_h5_k4_m15_d0,5,4,15,0,42,0;2;4;7,60,sabah,0.14218999152263537,0.07408253115922887,0.21580701957530982,0.1749547692979908,0.3389995290788118,0.38601003359241237,0.03759618817611862,0.08046237501857464,0.009017510170853017,0.0010543130990415335
fb_h5_k4_m50_d0_s42,fb_h5_k4_m50_d0,5,4,50,0,42,0;2;4;7,200,heldout,0.14291733706837953,0.06433173213479987,0.21908535705352802,0.18768851087276262,0.3221680529415688,0.02571942446043165,0.28210434775638926,0.08575405235598854,0.009368531307308147,0.13238961358859072
fb_h5_k4_m50_d0_s42,fb_h5_k4_m50_d0,5,4,50,0,42,0;2;4;7,200,sabah,0.15966737083796398,0.09141582531020648,0.26430720750770337,0.22580991984483093,0.3040130812430224,0.46109662107277766,0.031824773452686,0.0969886909604447,0.02421797918078877,0.03986307911806457
fb_h5_k4_mall_d0_s42,fb_h5_k4_mall_d0,5,4,all,0,42,0;2;4;7,446,heldout,0.23007469197656208,0.10174768662433982,0.3432721088914956,0.371887616648607,0.4480409154499112,0.10899122807017542,0.30528715343114965,0.13347158324201658,0.028567124747746146,0.3560901469183736
fb_h5_k4_mall_d0_s42,fb_h5_k4_mall_d0,5,4,all,0,42,0;2;4;7,446,sabah,0.24384922616552662,0.14156218125585204,0.39633755021318495,0.27134407372175,0.4414976792907616,0.582784588264118,0.059193248941294456,0.1015350941517486,0.03260746602158779,0.24547728032364904
fb_h5_k4_m15_d1_s42,fb_h5_k4_m15_d1,5,4,15,1,42,0;2;3;7,60,heldout,0.15542118963498885,0.0650529166873583,0.2087896946509599,0.26953801962682195,0.4196663457990255,0.1528257103257103,0.1528190214193729,0.041639172133442245,0.027637645133129787,0.13793924299925248
fb_h5_k4_m15_d1_s42,fb_h5_k4_m15_d1,5,4,15,1,42,0;2;3;7,60,sabah,0.10980687810918079,0.053603769475964416,0.21842405509699628,0.14484839781663655,0.4175792770124476,0.12687628807202317,0.031318991194651244,0.023089737958773955,0.03164364108385538,0.02833333333333333
fb_h5_k4_m50_d1_s42,fb_h5_k4_m50_d1,5,4,50,1,42,0;2;3;7,200,heldout,0.19399968805578696,0.09730143867236367,0.3879958286841833,0.25731876308130036,0.4804449291779601,0.14403508771929827,0.20503829540520613,0.07689713045909644,0.020441105098615426,0.23714158047454537
fb_h5_k4_m50_d1_s42,fb_h5_k4_m50_d1,5,4,50,1,42,0;2;3;7,200,sabah,0.16426467320257568,0.09197921707946817,0.2964346583348661,0.20364187655311652,0.48859085331140245,0.36656976414562914,0.0345450336285254,0.0387170737222224,0.031202756156027626,0.025962558251647117
fb_h5_k4_mall_d1_s42,fb_h5_k4_mall_d1,5,4,all,1,42,0;2;3;7,407,heldout,0.21430101051141326,0.1166994707243514,0.2614339408520418,0.342021269477992,0.48560226297284875,0.2946879310324706,0.2412954570378606,0.07170504199919911,0.015205012168990893,0.17731035785710983
fb_h5_k4_mall_d1_s42,fb_h5_k4_mall_d1,5,4,all,1,42,0;2;3;7,407,sabah,0.19919794556926249,0.11560452932961501,0.28491674403783657,0.24711626985885268,0.49794019381679544,0.5272780663957469,0.04666035114041504,0.020842105925679047,0.04058681649725162,0.061880139639686645
fb_h5_k7_m15_d0_s42,fb_h5_k7_m15_d0,5,7,15,0,42,0;1;2;3;4;6;7,105,heldout,0.19217626634526333,0.09810468617012061,0.3019812930660902,0.25916343691869803,0.41282352526630123,0.17105059829697655,0.21453773388210037,0.09824245777392684,0.014663747073330383,0.24173953577894466
fb_h5_k7_m15_d0_s42,fb_h5_k7_m15_d0,5,7,15,0,42,0;1;2;3;4;6;7,105,sabah,0.18788908444518895,0.10877079619916977,0.2989449022586886,0.19695450939759618,0.4126779443024887,0.47386231383860195,0.03438703931105028,0.09730827027383457,0.015613747471851663,0.09348519147330692
fb_h5_k7_m50_d0_s42,fb_h5_k7_m50_d0,5,7,50,0,42,0;1;2;3;4;6;7,350,heldout,0.20129962187820963,0.09944564732702686,0.318368481783549,0.22334057886642233,0.46914807276159426,0.0069632504915057725,0.2858112436619026,0.10387573286063174,0.04154442935064765,0.3004550021429759
fb_h5_k7_m50_d0_s42,fb_h5_k7_m50_d0,5,7,50,0,42,0;1;2;3;4;6;7,350,sabah,0.2205599309855191,0.1300947435567155,0.3384736251017059,0.2528973269552203,0.46862436585008704,0.5181210833503973,0.13430644824270216,0.09228903491013124,0.03339447836461484,0.07662417519518225
fb_h5_k7_mall_d0_s42,fb_h5_k7_mall_d0,5,7,all,0,42,0;1;2;3;4;6;7,692,heldout,0.20956104953836227,0.10060275282098413,0.31693587320919336,0.2837784492244188,0.4045423232092084,0.05251495459461433,0.3020568535414489,0.181532899237133,0.02724331413859051,0.28947595250917846
fb_h5_k7_mall_d0_s42,fb_h5_k7_mall_d0,5,7,all,0,42,0;1;2;3;4;6;7,692,sabah,0.25651918584200845,0.1545461976547998,0.44497077764295684,0.2593437247620486,0.5220676314469661,0.5657235063805204,0.15061667783947089,0.09463032371819907,0.04797175100649699,0.15810522466039706
fb_h6_k1_m15_d0_s42,fb_h6_k1_m15_d0,6,1,15,0,42,0,15,heldout,0.016237308189475438,0.006028711637895087,0.25256308378530945,0.25,0.0,8.756567425569177e-06,0.00041666666666666664,,,0.06452380952380951
fb_h6_k1_m15_d0_s42,fb_h6_k1_m15_d0,6,1,15,0,42,0,15,sabah,0.06710392414480683,0.03125944128453252,0.6204346767949428,0.08099027021678955,0.3382040216978984,0.06340413855555788,0.0,0.0,0.0,0.0010153846153846155
fb_h6_k1_m50_d0_s42,fb_h6_k1_m50_d0,6,1,50,0,42,0,50,heldout,0.003385838745093207,0.002240601974702762,0.0014398604269293925,0.25609756097560976,0.0,3.117206982543641e-05,0.0,,,0.013512182910547392
fb_h6_k1_m50_d0_s42,fb_h6_k1_m50_d0,6,1,50,0,42,0,50,sabah,0.11520233493732975,0.06091775777241874,0.17267555909122848,0.12234372249673825,0.4249346351887344,0.2661972488313793,0.0,0.0,0.0,8.212560386473429e-05
fb_h6_k1_mall_d0_s42,fb_h6_k1_mall_d0,6,1,all,0,42,0,141,heldout,0.18833333333333335,0.14420833333333336,0.1289900798480108,0.25609756097560976,0.0,0.008333333333333333,0.0,,,0.7450000000000001
fb_h6_k1_mall_d0_s42,fb_h6_k1_mall_d0,6,1,all,0,42,0,141,sabah,0.14591922386912515,0.08336960465543199,0.23918827155294764,0.1615552441013456,0.4484590270857233,0.38274207823248124,0.0,0.014388716382914243,0.029925521513632064,0.0
fb_h6_k1_m15_d1_s42,fb_h6_k1_m15_d1,6,1,15,1,42,2,15,heldout,0.054433093897299174,0.017778887531022244,0.5953921073818614,0.07708744247205786,0.0,0.0,0.215352567896889,,,0.0023798076923076924
fb_h6_k1_m15_d1_s42,fb_h6_k1_m15_d1,6,1,15,1,42,2,15,sabah,0.04268796671277708,0.01587552659909342,0.5902257391492235,0.06671911335408236,0.14978864816814166,0.0,0.04794308365557217,0.028887479629291342,7.936507936507937e-05,0.029429223744292236
fb_h6_k1_m50_d1_s42,fb_h6_k1_m50_d1,6,1,50,1,42,2,50,heldout,0.05688946330596384,0.019692866332523106,0.32790063625741034,0.08464825772518081,0.0,0.0,0.22755785322385536,,,0.0
fb_h6_k1_m50_d1_s42,fb_h6_k1_m50_d1,6,1,50,1,42,2,50,sabah,0.09526782343592116,0.0378214086149175,0.3542102554910224,0.118731985903432,0.42035388498911874,0.02248511576364748,0.07156117994314368,0.05605904406315939,0.0011477158564576974,0.0
fb_h6_k1_mall_d1_s42,fb_h6_k1_mall_d1,6,1,all,1,42,2,147,heldout,0.07780965764044581,0.03079711442801846,0.1062164994065301,0.09319526627218935,0.0,0.0,0.31123863056178325,,,0.0
fb_h6_k1_mall_d1_s42,fb_h6_k1_mall_d1,6,1,all,1,42,2,147,sabah,0.10185532795353958,0.042351352541231485,0.30131323882861444,0.1233786508392641,0.3884955584864419,0.06546767486048533,0.08570677257782384,0.04097801249692698,0.030483949299559315,0.0
fb_h6_k2_m15_d0_s42,fb_h6_k2_m15_d0,6,2,15,0,42,3;7,30,heldout,0.0003597383720930233,7.194767441860466e-05,0.0005773672055427252,0.125,0.0,0.0,0.0,,,0.0014389534883720932
fb_h6_k2_m15_d0_s42,fb_h6_k2_m15_d0,6,2,15,0,42,3;7,30,sabah,0.10416243583975726,0.053604631068269876,0.21385814653838173,0.11238059475436396,0.36019624933012656,0.2299106915660731,0.0,0.002496953473229079,0.014445865177785386,0.01792485549132948
fb_h6_k2_m50_d0_s42,fb_h6_k2_m50_d0,6,2,50,0,42,3;7,100,heldout,0.0005208333333333333,0.00041666666666666664,0.2674808667849755,0.006097560975609756,0.0,0.0020833333333333333,0.0,,,0.0
fb_h6_k2_m50_d0_s42,fb_h6_k2_m50_d0,6,2,50,0,42,3;7,100,sabah,0.13001656203124998,0.07013082635459729,0.1868933254210022,0.15950209670628265,0.4935563548429403,0.2612150697526047,0.0,0.002173290704707891,0.01469619534878543,0.00845846153846154
fb_h6_k2_mall_d0_s42,fb_h6_k2_mall_d0,6,2,all,0,42,3;7,119,heldout,2.7654867256637168e-05,2.2123893805309735e-05,0.0005040322580645161,0.006097560975609756,0.0,0.00011061946902654867,0.0,,,0.0
fb_h6_k2_mall_d0_s42,fb_h6_k2_mall_d0,6,2,all,0,42,3;7,119,sabah,0.14040038084794113,0.07571747521436266,0.19330365918743886,0.15812111104280918,0.519209084104516,0.29033696943827486,0.0,0.0037502421853404955,0.018594293453082594,0.01051169590643275
fb_h6_k2_m15_d1_s42,fb_h6_k2_m15_d1,6,2,15,1,42,2;3,30,heldout,0.02722568415909884,0.008158177562497825,0.061194305866547505,0.0461344029453348,0.0,0.0,0.10890273663639535,,,0.0
fb_h6_k2_m15_d1_s42,fb_h6_k2_m15_d1,6,2,15,1,42,2;3,30,sabah,0.08725843505589886,0.03604870033824416,0.6172125683224641,0.08921162210398657,0.43752149639569926,0.03877496523728322,0.023306849658949382,0.017271111040767215,0.0035928546693607968,0.003083333333333333
fb_h6_k2_m50_d1_s42,fb_h6_k2_m50_d1,6,2,50,1,42,2;3,100,heldout,0.05035470970986515,0.018451352097468225,0.07920185863557754,0.06936226166995398,0.0,0.0,0.2014188388394606,,,0.0
fb_h6_k2_m50_d1_s42,fb_h6_k2_m50_d1,6,2,50,1,42,2;3,100,sabah,0.1302403665727905,0.059057193442710224,0.3244681916595313,0.1381064340649046,0.5799090699222034,0.09446729906683574,0.04732336677267644,0.054847032684788785,0.0035019883672879736,0.0013934426229508196
fb_h6_k2_mall_d1_s42,fb_h6_k2_mall_d1,6,2,all,1,42,2;3,209,heldout,0.07584020413661534,0.02992631098236963,0.10331046945615913,0.09133413947573826,0.0,0.0,0.30336081654646135,,,0.0
fb_h6_k2_mall_d1_s42,fb_h6_k2_mall_d1,6,2,all,1,42,2;3,209,sabah,0.14520274228121974,0.071298713682466,0.3163920729266571,0.1547019654413754,0.5517012612903673,0.14324603084507206,0.09891948179388764,0.027521044822275315,0.004788952396033593,0.04503968253968254
fb_h6_k4_m15_d0_s42,fb_h6_k4_m15_d0,6,4,15,0,42,2;3;4;5,60,heldout,0.06279071334183263,0.024528926725457395,0.09730030602698557,0.07758053911900066,0.0,3.799392097264438e-05,0.2511248594463579,,,0.0
fb_h6_k4_m15_d0_s42,fb_h6_k4_m15_d0,6,4,15,0,42,2;3;4;5,60,sabah,0.14595748864365415,0.07519212636128965,0.2660292334209714,0.1604394207926396,0.390365081365004,0.3059887897199652,0.07793555709840552,0.08290130008734181,0.010380404964206166,0.00817379862700229
fb_h6_k4_m50_d0_s42,fb_h6_k4_m50_d0,6,4,50,0,42,2;3;4;5,200,heldout,0.06174894076085446,0.02435075976798566,0.10183052689268929,0.07018408941485865,0.0,0.0001524390243902439,0.2468433240190276,,,0.0
fb_h6_k4_m50_d0_s42,fb_h6_k4_m50_d0,6,4,50,0,42,2;3;4;5,200,sabah,0.18163761375205,0.1004434023270913,0.2720806219636971,0.19205142198476224,0.5146941317323291,0.365104831568035,0.09395539851079472,0.07915860802270382,0.020478808418445925,0.01643390425999122
fb_h6_k4_mall_d0_s42,fb_h6_k4_mall_d0,6,4,all,0,42,2;3;4;5,445,heldout,0.0729921744796734,0.03406016093216079,0.10982302047893612,0.0837353596180064,0.0,0.0019230769230769232,0.2900456209956167,,,0.0
fb_h6_k4_mall_d0_s42,fb_h6_k4_mall_d0,6,4,all,0,42,2;3;4;5,445,sabah,0.2441136605642421,0.12565091306971873,0.37451564430037987,0.2940859173307668,0.48659554350712286,0.46072008361497596,0.16776148578491257,0.10091760522669657,0.026627620665804583,0.2220596245859404
fb_h6_k4_m15_d1_s42,fb_h6_k4_m15_d1,6,4,15,1,42,1;2;3;7,60,heldout,0.024448632944835864,0.008345425071000601,0.04915639960706292,0.05590032231683263,0.0,0.00036231884057971015,0.09743221293876375,,,0.0
fb_h6_k4_m15_d1_s42,fb_h6_k4_m15_d1,6,4,15,1,42,1;2;3;7,60,sabah,0.14588878896505617,0.07337032241990818,0.23515237106285825,0.17156036960588514,0.47913297927843623,0.2840325992537298,0.022243314950512252,0.061157990244146726,0.027563803407515183,0.0012020466559968961
fb_h6_k4_m50_d1_s42,fb_h6_k4_m50_d1,6,4,50,1,42,1;2;3;7,200,heldout,0.03905786901892727,0.014385568692527606,0.07596387452982448,0.05754397780664197,0.0,0.0004237288135593221,0.15580774726214977,,,0.0
fb_h6_k4_m50_d1_s42,fb_h6_k4_m50_d1,6,4,50,1,42,1;2;3;7,200,sabah,0.15937062306846655,0.08636166728647836,0.25805389673557705,0.20972805788768678,0.4858507023626889,0.3371924712631804,0.02032984276216559,0.06823005595614388,0.014287332733287358,0.030333333333333334
fb_h6_k4_mall_d1_s42,fb_h6_k4_mall_d1,6,4,all,1,42,1;2;3;7,368,heldout,0.03820792862934721,0.01448238747935933,0.0791984447622436,0.05442103237600423,0.0,0.0003333333333333333,0.1524983811840555,,,0.0
fb_h6_k4_mall_d1_s42,fb_h6_k4_mall_d1,6,4,all,1,42,1;2;3;7,368,sabah,0.19914711313817993,0.10744256075367392,0.3515397912828706,0.2437657390954782,0.4984878172043443,0.3407432750742279,0.02484106951206782,0.07431931816539698,0.050055722615136626,0.20643547625790618
fb_h6_k7_m15_d0_s42,fb_h6_k7_m15_d0,6,7,15,0,42,0;1;2;3;4;5;7,105,heldout,0.01716207111949206,0.007684523366081691,0.03697209119186417,0.05507849457192797,0.0,0.00021551724137931034,0.06843276723658893,,,0.0
fb_h6_k7_m15_d0_s42,fb_h6_k7_m15_d0,6,7,15,0,42,0;1;2;3;4;5;7,105,sabah,0.19269429022448914,0.11164617295094677,0.3408763156647576,0.19858332289053351,0.520540554954416,0.4569836066028439,0.09355605828364011,0.06398558441613905,0.019599937089895776,0.0015
fb_h6_k7_m50_d0_s42,fb_h6_k7_m50_d0,6,7,50,0,42,0;1;2;3;4;5;7,350,heldout,0.02545851274695035,0.010510852825238696,0.06306268489814065,0.04192925065345328,0.0,0.00022724617361841336,0.101606804814183,,,0.0
fb_h6_k7_m50_d0_s42,fb_h6_k7_m50_d0,6,7,50,0,42,0;1;2;3;4;5;7,350,sabah,0.2358691892260478,0.12681238410237297,0.41278600805403204,0.2554859981128299,0.5108404446135029,0.46390428277316287,0.08273667936786522,0.0825648867458989,0.023244552670018962,0.2519242891858377
fb_h6_k7_mall_d0_s42,fb_h6_k7_mall_d0,6,7,all,0,42,0;1;2;3;4;5;7,745,heldout,0.09322251122595629,0.054781988975390036,0.36080792743160306,0.31017382659033693,0.0,0.0020833333333333333,0.20514004490382515,,,0.16566666666666668
fb_h6_k7_mall_d0_s42,fb_h6_k7_mall_d0,6,7,all,0,42,0;1;2;3;4;5;7,745,sabah,0.2712173177699382,0.15093367560868082,0.39923213569189414,0.26716016623036726,0.551413007627404,0.5432889849310865,0.08168758119594537,0.10877836537869084,0.04953538618374709,0.29260058130275524
fb_h7_k1_m15_d0_s42,fb_h7_k1_m15_d0,7,1,15,0,42,4,15,heldout,0.13034522099304865,0.09912034409648322,0.16817437637057425,0.1763910863816731,,0.47541421859597377,,0.004312721547759923,0.010310412120568692,0.03134353170789224
fb_h7_k1_m15_d0_s42,fb_h7_k1_m15_d0,7,1,15,0,42,4,15,sabah,0.06603786684176934,0.03671758529424382,0.3287420461536496,0.10355258517575328,0.07279778005532686,0.23026967648394947,0.0,0.07330668538058702,0.01955030683717466,0.0003027522935779817
fb_h7_k1_m50_d0_s42,fb_h7_k1_m50_d0,7,1,50,0,42,4,50,heldout,0.19696718132179014,0.13642757143547302,0.3685511722855225,0.20154533307374733,,0.45587677831827766,,0.030494760464678798,0.055665901005807275,0.24583128549839683
fb_h7_k1_m50_d0_s42,fb_h7_k1_m50_d0,7,1,50,0,42,4,50,sabah,0.08030937612313838,0.04619323134063285,0.184218740981718,0.1350620961215444,0.030126069108982696,0.31017328546919937,0.0,0.07947968880304274,0.011174718794382227,0.050902494563223294
fb_h7_k1_mall_d0_s42,fb_h7_k1_mall_d0,7,1,all,0,42,4,101,heldout,0.16609543272583097,0.12078146488739075,0.33433569829368937,0.19387341812605008,,0.4601378855414807,,0.022093805419518435,0.02113409468607908,0.16101594525624563
fb_h7_k1_mall_d0_s42,fb_h7_k1_mall_d0,7,1,all,0,42,4,101,sabah,0.10564714284154382,0.057858819584460784,0.24775047858330942,0.15389775878818265,0.024191343100056082,0.3389613597455509,0.0,0.08170019404550279,0.009366098786480754,0.17966386137167237
fb_h7_k1_m15_d1_s42,fb_h7_k1_m15_d1,7,1,15,1,42,6,15,heldout,7.193823572331939e-05,3.9308436061742986e-05,0.0003464203233256351,0.02586206896551724,,0.00028775294289327757,,0.0,0.0,0.0
fb_h7_k1_m15_d1_s42,fb_h7_k1_m15_d1,7,1,15,1,42,6,15,sabah,0.04783421095542457,0.029091957208981774,0.9040169540088451,0.064247311827957,0.0,0.002618519575777643,0.2843867461567698,0.0,0.0,0.0
fb_h7_k1_m50_d1_s42,fb_h7_k1_m50_d1,7,1,50,1,42,6,50,heldout,0.00019673643763587644,8.107715253551746e-05,0.0006756756756756757,0.017241379310344827,,0.0007869457505435058,,0.0,0.0,0.0
fb_h7_k1_m50_d1_s42,fb_h7_k1_m50_d1,7,1,50,1,42,6,50,sabah,0.04401019556958349,0.028472391139541576,0.08724845054775322,0.05138598914232808,0.0,0.004983131174558895,0.25907804224294206,0.0,0.0,0.0
fb_h7_k1_mall_d1_s42,fb_h7_k1_mall_d1,7,1,all,1,42,6,82,heldout,0.0057173973880597015,0.002125493102647487,0.014733046558704454,0.11297640653357532,,0.0042875,,0.0,0.0,0.018582089552238806
fb_h7_k1_mall_d1_s42,fb_h7_k1_mall_d1,7,1,all,1,42,6,82,sabah,0.04671397635691599,0.030398546792761934,0.2543956095213798,0.0543010752688172,0.0,0.0017105179357922895,0.2785733402057036,0.0,0.0,0.0
fb_h7_k2_m15_d0_s42,fb_h7_k2_m15_d0,7,2,15,0,42,0;2,30,heldout,0.1264154838965954,0.08581505902536772,0.9011801768890186,0.09482758620689655,,0.44128678819782174,,8.338809038864342e-05,0.011791759298171167,0.052500000000000005
fb_h7_k2_m15_d0_s42,fb_h7_k2_m15_d0,7,2,15,0,42,0;2,30,sabah,0.1293999394896159,0.06633529520397399,0.39777051858101586,0.15130130082571977,0.4092189781386613,0.3152902717672651,0.010366759139754992,0.02525633174986197,0.008782447657303356,0.007484848484848485
fb_h7_k2_m50_d0_s42,fb_h7_k2_m50_d0,7,2,50,0,42,0;2,100,heldout,0.11379967467391958,0.08993815330400119,0.24798058291647068,0.09220015352599903,,0.3489778168679164,,0.0006299840510366826,0.007876612062439503,0.09771428571428571
fb_h7_k2_m50_d0_s42,fb_h7_k2_m50_d0,7,2,50,0,42,0;2,100,sabah,0.15850257227847245,0.07776565737269821,0.3082647342818296,0.17494298353467974,0.4903674195924171,0.3786153108485396,0.023276874216712713,0.0337727281131078,0.022360219034896878,0.0026228818651604377
fb_h7_k2_mall_d0_s42,fb_h7_k2_mall_d0,7,2,all,0,42,0;2,288,heldout,0.1763233326487776,0.1311005987030953,0.3389100756906628,0.200972526846191,,0.45440392413860276,,0.004624384287960843,0.016587366490891035,0.2296776556776557
fb_h7_k2_mall_d0_s42,fb_h7_k2_mall_d0,7,2,all,0,42,0;2,288,sabah,0.17214312474566992,0.09214683104697771,0.2858999786149774,0.19756534762644795,0.4708354673975854,0.3922008852935018,0.06774979425561448,0.04526269927996992,0.013952952179871603,0.04285695006747638
fb_h7_k2_m15_d1_s42,fb_h7_k2_m15_d1,7,2,15,1,42,1;4,30,heldout,0.12699419016640592,0.09519095071171366,0.32055567897137127,0.11534615685443429,,0.387698849375367,,0.008353950090958965,0.010285841556931168,0.10163811964236649
fb_h7_k2_m15_d1_s42,fb_h7_k2_m15_d1,7,2,15,1,42,1;4,30,sabah,0.1056024243160506,0.053230994577253755,0.4054540329930993,0.09710601378531421,0.29060040955136535,0.2699818694243551,0.0,0.06222284105764428,0.0011324971369029478,0.009676928726035868
fb_h7_k2_m50_d1_s42,fb_h7_k2_m50_d1,7,2,50,1,42,1;4,100,heldout,0.12820740133317482,0.09636369382017027,0.30874181565926795,0.15840214241305334,,0.3391025492554971,,0.021338135319917205,0.0004849884526558891,0.15190393230462917
fb_h7_k2_m50_d1_s42,fb_h7_k2_m50_d1,7,2,50,1,42,1;4,100,sabah,0.10768862169401856,0.05457410920609903,0.225170236173012,0.14377284078387503,0.30110226919277283,0.26127641184313,0.0,0.0664212198686734,0.007949589877295719,0.009382239382239383
fb_h7_k2_mall_d1_s42,fb_h7_k2_mall_d1,7,2,all,1,42,1;4,203,heldout,0.2024453833084806,0.14631574133629516,0.2838449609665774,0.2400032634623746,,0.532336922406719,,0.04460625424111041,0.025886142133878506,0.20695221445221446
fb_h7_k2_mall_d1_s42,fb_h7_k2_mall_d1,7,2,all,1,42,1;4,203,sabah,0.1829122559710877,0.08763439199386158,0.3066779877448324,0.20983503170547638,0.23499806802037604,0.3730681831179117,0.0,0.08697365337371352,0.02095941132510134,0.3814742199894236
fb_h7_k4_m15_d0_s42,fb_h7_k4_m15_d0,7,4,15,0,42,1;2;3;6,60,heldout,0.12393447308002545,0.08149764026407139,0.3598496460682044,0.09848656675218118,,0.12690463096260848,,0.001441935375383263,0.0016560318644629844,0.36573529411764705
fb_h7_k4_m15_d0_s42,fb_h7_k4_m15_d0,7,4,15,0,42,1;2;3;6,60,sabah,0.1356371711386234,0.0664373388323211,0.28546712972871524,0.14598531657272285,0.47855045701416815,0.12022809449081279,0.13440885702794747,0.04139188072438455,0.01607916686755811,0.02316457070686926
fb_h7_k4_m50_d0_s42,fb_h7_k4_m50_d0,7,4,50,0,42,1;2;3;6,200,heldout,0.08847501614921693,0.06508016818715716,0.16670894150552118,0.11103736262215262,,0.2750052790346908,,0.023886425773817145,0.001675026455026455,0.05333333333333334
fb_h7_k4_m50_d0_s42,fb_h7_k4_m50_d0,7,4,50,0,42,1;2;3;6,200,sabah,0.1808619415010174,0.10439569720530383,0.3229548876168722,0.1930647715083514,0.4588194703185382,0.30599482433796477,0.22400183744806362,0.07447770432553577,0.00899928150255575,0.012878531073446327
fb_h7_k4_mall_d0_s42,fb_h7_k4_mall_d0,7,4,all,0,42,1;2;3;6,393,heldout,0.1588365978653089,0.10748572364613736,0.25313171217274766,0.20293567885292813,,0.43092624882691205,,0.027614099251736135,0.021639376715920755,0.15516666666666667
fb_h7_k4_mall_d0_s42,fb_h7_k4_mall_d0,7,4,all,0,42,1;2;3;6,393,sabah,0.18876158744501234,0.10270055424552933,0.34885168117549337,0.19107036270483124,0.5101785403301055,0.31602666111784256,0.16378249493255734,0.07339673441331565,0.025937928343373266,0.04324716553287983
fb_h7_k4_m15_d1_s42,fb_h7_k4_m15_d1,7,4,15,1,42,0;1;2;6,60,heldout,0.09565516188876536,0.07371915494615985,0.1476074265740115,0.09505645407384804,,0.366224075448174,,4.3976243835232076e-05,0.016352595863052235,0.0
fb_h7_k4_m15_d1_s42,fb_h7_k4_m15_d1,7,4,15,1,42,0;1;2;6,60,sabah,0.14889655780795558,0.0743510567611004,0.25055612814597983,0.1815065983250337,0.43644853947532997,0.29100581492016636,0.10404043268055352,0.03799836367892543,0.023886196092758168,0.0
fb_h7_k4_m50_d1_s42,fb_h7_k4_m50_d1,7,4,50,1,42,0;1;2;6,200,heldout,0.08711764946830965,0.06702953163934858,0.15179712523638628,0.13267034840487973,,0.2826634469899645,,0.004715470634239187,0.014230013387368045,0.04686166686166686
fb_h7_k4_m50_d1_s42,fb_h7_k4_m50_d1,7,4,50,1,42,0;1;2;6,200,sabah,0.22184274813389582,0.13154676020835548,0.4075509750167559,0.2191283741075827,0.430911801225166,0.40483944504443253,0.2814836951882497,0.08637799856599197,0.03487598121196717,0.09256756756756757
fb_h7_k4_mall_d1_s42,fb_h7_k4_mall_d1,7,4,all,1,42,0;1;2;6,472,heldout,0.12694902189325954,0.09777281786255905,0.21169552042011452,0.19259374638058413,,0.17846525873104602,,0.010972959716839889,0.008859948744878905,0.30949792038027335
fb_h7_k4_mall_d1_s42,fb_h7_k4_mall_d1,7,4,all,1,42,0;1;2;6,472,sabah,0.2150071495131851,0.12718590456861661,0.32608028517688176,0.22264985093184542,0.5079957406506077,0.49684695573687265,0.14799137174979024,0.08136694934293848,0.04397093804045978,0.01187094155844156
fb_h7_k7_m15_d0_s42,fb_h7_k7_m15_d0,7,7,15,0,42,0;1;2;3;4;5;6,105,heldout,0.1566942071790295,0.12909451471684896,0.2764643984724976,0.1807791444224101,,0.40495646266818386,,0.0029137171412851317,0.0017637917637917638,0.21714285714285714
fb_h7_k7_m15_d0_s42,fb_h7_k7_m15_d0,7,7,15,0,42,0;1;2;3;4;5;6,105,sabah,0.2148379067441832,0.12825709499363996,0.35034672354028396,0.23356874790945667,0.48731477147100866,0.45398218865184153,0.19301381283057756,0.0637053198646689,0.009751442291574259,0.08125990535542817
fb_h7_k7_m50_d0_s42,fb_h7_k7_m50_d0,7,7,50,0,42,0;1;2;3;4;5;6,350,heldout,0.24396033068164602,0.17663027410666432,0.3266128946881087,0.3234289959006572,,0.5080114424229432,,0.04146464944328722,0.0603253148939672,0.3660399159663865
fb_h7_k7_m50_d0_s42,fb_h7_k7_m50_d0,7,7,50,0,42,0;1;2;3;4;5;6,350,sabah,0.2445339485518029,0.1446101026840105,0.3368133265067925,0.2687860475175869,0.5045942006947071,0.5364112889128646,0.19149126262127836,0.0907189479757687,0.026051039169246934,0.11793695193695194
fb_h7_k7_mall_d0_s42,fb_h7_k7_mall_d0,7,7,all,0,42,0;1;2;3;4;5;6,770,heldout,0.25077477390288305,0.19193305445905406,0.35033549861763846,0.27049291237576145,,0.446407345505195,,0.06080901296529493,0.020322725431440328,0.47556001170960194
fb_h7_k7_mall_d0_s42,fb_h7_k7_mall_d0,7,7,all,0,42,0;1;2;3;4;5;6,770,sabah,0.2718314483693972,0.16288934491381618,0.3839058940960389,0.32619245177093265,0.5365300750297309,0.5662346128862152,0.23389717504291296,0.10226987910729218,0.05581569442547769,0.13624125372475446
