k,m,farms,train_images,new_farm_mAP50,ci90_lo,ci90_hi,worst_farm,best_farm,class_coverage,sabah_mAP50
1,15,8,15,0.0355,0.0224,0.0493,0.0043,0.0804,0.686,0.0529
1,50,8,50,0.055,0.0361,0.0758,0.0127,0.1173,0.686,0.0843
1,all,8,106,0.0818,0.0631,0.1007,0.0331,0.1331,0.686,0.0913
2,15,8,30,0.0695,0.0457,0.0935,0.0138,0.1298,0.843,0.1095
2,50,8,100,0.104,0.0732,0.1344,0.0254,0.1902,0.843,0.141
2,all,8,218,0.1481,0.1044,0.1945,0.0379,0.3055,0.843,0.1627
4,15,8,60,0.0863,0.066,0.107,0.028,0.1482,1.0,0.1347
4,50,8,200,0.1156,0.0857,0.1456,0.0381,0.1987,1.0,0.175
4,all,8,392,0.1499,0.1083,0.1934,0.0466,0.2727,1.0,0.2064
7,15,8,105,0.1324,0.0927,0.1736,0.0172,0.2515,1.0,0.1995
7,50,8,350,0.2064,0.1521,0.2582,0.0255,0.3377,1.0,0.2297
7,all,8,724,0.2302,0.1713,0.2932,0.0932,0.4333,1.0,0.2642
