group,n_windows,fold,seed,accuracy,macro_f1,model
1,347,subject_fold0,42,0.9884726224783862,0.9865685057910144,mlp256
5,302,subject_fold0,42,0.9105960264900662,0.9089380918922408,mlp256
11,316,subject_fold0,42,0.9873417721518988,0.9874703521255245,mlp256
16,366,subject_fold0,42,0.9180327868852459,0.9313643029675638,mlp256
25,409,subject_fold0,42,0.9290953545232273,0.9241011836936724,mlp256
13,327,subject_fold0,42,0.9938837920489296,0.993503248375812,mlp256
1,347,subject_fold0,1,0.9942363112391931,0.9934413580246914,mlp256
5,302,subject_fold0,1,0.9205298013245033,0.9194234006734007,mlp256
11,316,subject_fold0,1,0.9841772151898734,0.9845738389409032,mlp256
16,366,subject_fold0,1,0.912568306010929,0.9267760093167702,mlp256
25,409,subject_fold0,1,0.9119804400977995,0.9069124986400512,mlp256
13,327,subject_fold0,1,0.9908256880733946,0.9902319902319903,mlp256
1,347,subject_fold0,2,0.9913544668587896,0.9898505717763869,mlp256
5,302,subject_fold0,2,0.9238410596026491,0.9229258445428171,mlp256
11,316,subject_fold0,2,0.9936708860759493,0.9940961337513062,mlp256
16,366,subject_fold0,2,0.9098360655737705,0.9245040825909054,mlp256
25,409,subject_fold0,2,0.9364303178484108,0.9345222509307534,mlp256
13,327,subject_fold0,2,0.981651376146789,0.9803030303030303,mlp256
1,347,subject_fold0,3,0.9913544668587896,0.9898155062037661,mlp256
5,302,subject_fold0,3,0.9271523178807947,0.9261724823289286,mlp256
11,316,subject_fold0,3,0.990506329113924,0.9907904304456029,mlp256
16,366,subject_fold0,3,0.9043715846994536,0.919471480633952,mlp256
25,409,subject_fold0,3,0.921760391198044,0.9166521255054686,mlp256
13,327,subject_fold0,3,0.9908256880733946,0.9902319902319903,mlp256
1,347,subject_fold0,4,0.9855907780979827,0.983313760416995,mlp256
5,302,subject_fold0,4,0.9370860927152318,0.9363548052122065,mlp256
11,316,subject_fold0,4,0.9873417721518988,0.9874703521255245,mlp256
16,366,subject_fold0,4,0.907103825136612,0.9220712951960618,mlp256
25,409,subject_fold0,4,0.9242053789731052,0.921873779395185,mlp256
13,327,subject_fold0,4,0.9938837920489296,0.993503248375812,mlp256
8,281,subject_fold1,42,0.9608540925266904,0.9591554441906555,mlp256
15,328,subject_fold1,42,0.9969512195121951,0.9970178661767447,mlp256
17,368,subject_fold1,42,0.967391304347826,0.9708538587848933,mlp256
21,408,subject_fold1,42,0.9583333333333334,0.9670436269437112,mlp256
29,344,subject_fold1,42,0.9941860465116279,0.9946635928961749,mlp256
12,320,subject_fold1,42,0.965625,0.9651141920364587,mlp256
8,281,subject_fold1,1,0.9750889679715302,0.9743148690579156,mlp256
15,328,subject_fold1,1,0.9969512195121951,0.9970178661767447,mlp256
17,368,subject_fold1,1,0.9755434782608695,0.9783040488922842,mlp256
21,408,subject_fold1,1,0.9607843137254902,0.969017094017094,mlp256
29,344,subject_fold1,1,0.9912790697674418,0.9919979514755778,mlp256
12,320,subject_fold1,1,0.96875,0.9685875150205563,mlp256
8,281,subject_fold1,2,0.9679715302491103,0.9665433424831921,mlp256
15,328,subject_fold1,2,0.9969512195121951,0.9970178661767447,mlp256
17,368,subject_fold1,2,0.9782608695652174,0.9807588075880759,mlp256
21,408,subject_fold1,2,0.9583333333333334,0.9670399465151261,mlp256
29,344,subject_fold1,2,0.9941860465116279,0.9946635928961749,mlp256
12,320,subject_fold1,2,0.971875,0.9717188488579048,mlp256
8,281,subject_fold1,3,0.9608540925266904,0.9588003976155592,mlp256
15,328,subject_fold1,3,1.0,1.0,mlp256
17,368,subject_fold1,3,0.9782608695652174,0.9807588075880759,mlp256
21,408,subject_fold1,3,0.9558823529411765,0.9649570354457572,mlp256
29,344,subject_fold1,3,0.9912790697674418,0.9919979514755778,mlp256
12,320,subject_fold1,3,0.96875,0.9682303700530248,mlp256
8,281,subject_fold1,4,0.9715302491103203,0.9712280962280962,mlp256
15,328,subject_fold1,4,0.9939024390243902,0.9937420207195715,mlp256
17,368,subject_fold1,4,0.967391304347826,0.9708538587848933,mlp256
21,408,subject_fold1,4,0.9632352941176471,0.9709175998662878,mlp256
29,344,subject_fold1,4,0.9941860465116279,0.9946635928961749,mlp256
12,320,subject_fold1,4,0.9625,0.9621376187950349,mlp256
3,341,subject_fold2,42,0.9853372434017595,0.9847568792803033,mlp256
7,308,subject_fold2,42,0.922077922077922,0.920097418351297,mlp256
23,372,subject_fold2,42,0.9731182795698925,0.9724870889344573,mlp256
26,392,subject_fold2,42,0.9795918367346939,0.9794845172881673,mlp256
10,294,subject_fold2,42,0.8809523809523809,0.8895476251696938,mlp256
20,354,subject_fold2,42,0.9011299435028248,0.8777198738420794,mlp256
3,341,subject_fold2,1,0.9824046920821115,0.9816336941384304,mlp256
7,308,subject_fold2,1,0.9318181818181818,0.9297658330867121,mlp256
23,372,subject_fold2,1,0.9865591397849462,0.9872357651246508,mlp256
26,392,subject_fold2,1,0.9846938775510204,0.9848599870623419,mlp256
10,294,subject_fold2,1,0.8809523809523809,0.8899404955856568,mlp256
20,354,subject_fold2,1,0.923728813559322,0.9074249370907764,mlp256
3,341,subject_fold2,2,0.9794721407624634,0.9786056945642795,mlp256
7,308,subject_fold2,2,0.9253246753246753,0.9240246797709474,mlp256
23,372,subject_fold2,2,0.967741935483871,0.9670901644510462,mlp256
26,392,subject_fold2,2,0.9846938775510204,0.9848599870623419,mlp256
10,294,subject_fold2,2,0.8843537414965986,0.8927484211694737,mlp256
20,354,subject_fold2,2,0.9209039548022598,0.9058768837940373,mlp256
3,341,subject_fold2,3,0.9794721407624634,0.9786056945642795,mlp256
7,308,subject_fold2,3,0.922077922077922,0.9200630773807381,mlp256
23,372,subject_fold2,3,0.978494623655914,0.9778895948824994,mlp256
26,392,subject_fold2,3,0.9821428571428571,0.9826421171263456,mlp256
10,294,subject_fold2,3,0.8809523809523809,0.8896440370944517,mlp256
20,354,subject_fold2,3,0.9180790960451978,0.9000315326475644,mlp256
3,341,subject_fold2,4,0.9882697947214076,0.9878653420712874,mlp256
7,308,subject_fold2,4,0.9285714285714286,0.9263303696293388,mlp256
23,372,subject_fold2,4,0.9865591397849462,0.9867353827496513,mlp256
26,392,subject_fold2,4,0.9795918367346939,0.9794845172881673,mlp256
10,294,subject_fold2,4,0.8707482993197279,0.8802518511235068,mlp256
20,354,subject_fold2,4,0.9096045197740112,0.8893659426296406,mlp256
6,325,subject_fold3,42,0.8861538461538462,0.8694038039645956,mlp256
27,376,subject_fold3,42,0.9840425531914894,0.9866571784380004,mlp256
30,383,subject_fold3,42,0.9973890339425587,0.9972444262257749,mlp256
2,302,subject_fold3,42,0.9801324503311258,0.9795364969165009,mlp256
4,317,subject_fold3,42,0.9810725552050473,0.9810714285714286,mlp256
18,364,subject_fold3,42,0.9505494505494505,0.9462007427432959,mlp256
6,325,subject_fold3,1,0.8769230769230769,0.8574498941860087,mlp256
27,376,subject_fold3,1,0.9787234042553191,0.9809043879427306,mlp256
30,383,subject_fold3,1,0.9921671018276762,0.9917264957264957,mlp256
2,302,subject_fold3,1,0.9867549668874173,0.9864718614718614,mlp256
4,317,subject_fold3,1,0.9810725552050473,0.9810714285714286,mlp256
18,364,subject_fold3,1,0.9505494505494505,0.945248390621744,mlp256
6,325,subject_fold3,2,0.8953846153846153,0.8793638044690577,mlp256
27,376,subject_fold3,2,0.9920212765957447,0.9933187831277004,mlp256
30,383,subject_fold3,2,0.9947780678851175,0.9944869691999271,mlp256
2,302,subject_fold3,2,0.9801324503311258,0.9795364969165009,mlp256
4,317,subject_fold3,2,0.9779179810725552,0.9779383343739779,mlp256
18,364,subject_fold3,2,0.9532967032967034,0.948480382965414,mlp256
6,325,subject_fold3,3,0.8923076923076924,0.8765055969813829,mlp256
27,376,subject_fold3,3,0.9840425531914894,0.9853426976875901,mlp256
30,383,subject_fold3,3,0.9973890339425587,0.9972444262257749,mlp256
2,302,subject_fold3,3,0.9834437086092715,0.9830468246702607,mlp256
4,317,subject_fold3,3,0.9842271293375394,0.984207860314055,mlp256
18,364,subject_fold3,3,0.9395604395604396,0.9341349880346029,mlp256
6,325,subject_fold3,4,0.8830769230769231,0.8658567535424839,mlp256
27,376,subject_fold3,4,0.9787234042553191,0.9809043879427306,mlp256
30,383,subject_fold3,4,1.0,1.0,mlp256
2,302,subject_fold3,4,0.9834437086092715,0.9829615337181017,mlp256
4,317,subject_fold3,4,0.9810725552050473,0.9811051693404634,mlp256
18,364,subject_fold3,4,0.9505494505494505,0.9452479759539357,mlp256
14,323,subject_fold4,42,0.7956656346749226,0.7612509296162407,mlp256
19,360,subject_fold4,42,0.9388888888888889,0.9336869614687638,mlp256
22,321,subject_fold4,42,0.9813084112149533,0.976827121490852,mlp256
28,382,subject_fold4,42,0.8900523560209425,0.9082317854678102,mlp256
9,288,subject_fold4,42,0.8993055555555556,0.8990009244144049,mlp256
24,381,subject_fold4,42,0.9973753280839895,0.997073997073997,mlp256
14,323,subject_fold4,1,0.7770897832817337,0.7408861761537029,mlp256
19,360,subject_fold4,1,0.9444444444444444,0.9456545414932104,mlp256
22,321,subject_fold4,1,0.9875389408099688,0.9832237288377638,mlp256
28,382,subject_fold4,1,0.8926701570680629,0.9115161675545679,mlp256
9,288,subject_fold4,1,0.9375,0.9368470061648817,mlp256
24,381,subject_fold4,1,1.0,1.0,mlp256
14,323,subject_fold4,2,0.8018575851393189,0.7668348992117483,mlp256
19,360,subject_fold4,2,0.9305555555555556,0.9256841935546097,mlp256
22,321,subject_fold4,2,0.9781931464174455,0.9728720222866564,mlp256
28,382,subject_fold4,2,0.8848167539267016,0.9025703084330318,mlp256
9,288,subject_fold4,2,0.9236111111111112,0.9225536483723266,mlp256
24,381,subject_fold4,2,0.9973753280839895,0.997073997073997,mlp256
14,323,subject_fold4,3,0.7863777089783281,0.7558467470889015,mlp256
19,360,subject_fold4,3,0.9194444444444444,0.9109466626061286,mlp256
22,321,subject_fold4,3,0.9844236760124611,0.9805570621710972,mlp256
28,382,subject_fold4,3,0.9057591623036649,0.9199427809044769,mlp256
9,288,subject_fold4,3,0.9201388888888888,0.9189986089407055,mlp256
24,381,subject_fold4,3,1.0,1.0,mlp256
14,323,subject_fold4,4,0.7894736842105263,0.7559336302827142,mlp256
19,360,subject_fold4,4,0.9333333333333333,0.9318184640044312,mlp256
22,321,subject_fold4,4,0.9781931464174455,0.9724757834757835,mlp256
28,382,subject_fold4,4,0.918848167539267,0.9298381502547864,mlp256
9,288,subject_fold4,4,0.9166666666666666,0.9156280440120738,mlp256
24,381,subject_fold4,4,0.9973753280839895,0.9971509971509972,mlp256
1,347,subject_fold0,42,0.968299711815562,0.9659899452112443,rf
5,302,subject_fold0,42,0.8841059602649006,0.8794651899159369,rf
11,316,subject_fold0,42,0.9936708860759493,0.9940961337513062,rf
16,366,subject_fold0,42,0.907103825136612,0.9192493750846155,rf
25,409,subject_fold0,42,0.8459657701711492,0.8291361084618284,rf
13,327,subject_fold0,42,0.9510703363914373,0.9463398492638259,rf
1,347,subject_fold0,1,0.9711815561959655,0.9688394265005097,rf
5,302,subject_fold0,1,0.8940397350993378,0.8907420697747699,rf
11,316,subject_fold0,1,0.990506329113924,0.991147669408539,rf
16,366,subject_fold0,1,0.907103825136612,0.9192493750846155,rf
25,409,subject_fold0,1,0.8166259168704156,0.7984877330307834,rf
13,327,subject_fold0,1,0.9541284403669725,0.9502273687741055,rf
1,347,subject_fold0,2,0.9654178674351584,0.9619734303906858,rf
5,302,subject_fold0,2,0.8841059602649006,0.879566504286814,rf
11,316,subject_fold0,2,0.990506329113924,0.991147669408539,rf
16,366,subject_fold0,2,0.8989071038251366,0.9122788733899845,rf
25,409,subject_fold0,2,0.823960880195599,0.8063079504943681,rf
13,327,subject_fold0,2,0.9541284403669725,0.9499049257611517,rf
1,347,subject_fold0,3,0.9740634005763689,0.9721690871940668,rf
5,302,subject_fold0,3,0.8841059602649006,0.8793631700790128,rf
11,316,subject_fold0,3,0.9873417721518988,0.9878682911291606,rf
16,366,subject_fold0,3,0.9043715846994536,0.9177344743487673,rf
25,409,subject_fold0,3,0.8190709046454768,0.7982964476276052,rf
13,327,subject_fold0,3,0.9510703363914373,0.9466996718337083,rf
1,347,subject_fold0,4,0.962536023054755,0.9596725458439203,rf
5,302,subject_fold0,4,0.8774834437086093,0.8728344650826715,rf
11,316,subject_fold0,4,0.9873417721518988,0.9877979223144445,rf
16,366,subject_fold0,4,0.907103825136612,0.9201356873579095,rf
25,409,subject_fold0,4,0.8215158924205379,0.8028926204574839,rf
13,327,subject_fold0,4,0.9510703363914373,0.9470059102726394,rf
8,281,subject_fold1,42,0.8896797153024911,0.8864944056941896,rf
15,328,subject_fold1,42,0.9908536585365854,0.9897399224229665,rf
17,368,subject_fold1,42,0.9755434782608695,0.9703967884836997,rf
21,408,subject_fold1,42,0.9681372549019608,0.962003387467007,rf
29,344,subject_fold1,42,0.9563953488372093,0.9579254859920595,rf
12,320,subject_fold1,42,0.9875,0.987189957451819,rf
8,281,subject_fold1,1,0.8861209964412812,0.8841547910625084,rf
15,328,subject_fold1,1,0.9908536585365854,0.9897399224229665,rf
17,368,subject_fold1,1,0.9755434782608695,0.9704192880913777,rf
21,408,subject_fold1,1,0.9681372549019608,0.9634338824647414,rf
29,344,subject_fold1,1,0.9680232558139535,0.9698541721737599,rf
12,320,subject_fold1,1,0.990625,0.9904588737209447,rf
8,281,subject_fold1,2,0.896797153024911,0.8954897931168224,rf
15,328,subject_fold1,2,0.9908536585365854,0.9897399224229665,rf
17,368,subject_fold1,2,0.9755434782608695,0.9715691140278917,rf
21,408,subject_fold1,2,0.9705882352941176,0.9666493861536439,rf
29,344,subject_fold1,2,0.9680232558139535,0.9700197950197951,rf
12,320,subject_fold1,2,0.990625,0.9904685188419159,rf
8,281,subject_fold1,3,0.8932384341637011,0.8915560241478678,rf
15,328,subject_fold1,3,0.9908536585365854,0.9897399224229665,rf
17,368,subject_fold1,3,0.9782608695652174,0.9739585608290892,rf
21,408,subject_fold1,3,0.9656862745098039,0.9571846509387095,rf
29,344,subject_fold1,3,0.9622093023255814,0.9633167519765459,rf
12,320,subject_fold1,3,0.9875,0.987189957451819,rf
8,281,subject_fold1,4,0.8825622775800712,0.8796528140749346,rf
15,328,subject_fold1,4,0.9908536585365854,0.9897399224229665,rf
17,368,subject_fold1,4,0.9755434782608695,0.9703967884836997,rf
21,408,subject_fold1,4,0.9877450980392157,0.9858712843027476,rf
29,344,subject_fold1,4,0.9651162790697675,0.9665837231006599,rf
12,320,subject_fold1,4,0.9875,0.987189957451819,rf
3,341,subject_fold2,42,0.9824046920821115,0.9815414421832873,rf
7,308,subject_fold2,42,0.9545454545454546,0.9538495671903768,rf
23,372,subject_fold2,42,0.9758064516129032,0.9769160496555164,rf
26,392,subject_fold2,42,0.9974489795918368,0.997804642026662,rf
10,294,subject_fold2,42,0.8843537414965986,0.8793464125202464,rf
20,354,subject_fold2,42,0.9548022598870056,0.9481235657937045,rf
3,341,subject_fold2,1,0.9824046920821115,0.9815414421832873,rf
7,308,subject_fold2,1,0.9577922077922078,0.9571628446441455,rf
23,372,subject_fold2,1,0.9758064516129032,0.9774003649698185,rf
26,392,subject_fold2,1,0.9974489795918368,0.997804642026662,rf
10,294,subject_fold2,1,0.8843537414965986,0.8797665178170936,rf
20,354,subject_fold2,1,0.9576271186440678,0.951235325149435,rf
3,341,subject_fold2,2,0.9765395894428153,0.9753521524529547,rf
7,308,subject_fold2,2,0.9577922077922078,0.957131755285325,rf
23,372,subject_fold2,2,0.9731182795698925,0.9744500521333936,rf
26,392,subject_fold2,2,0.9948979591836735,0.9946254250223928,rf
10,294,subject_fold2,2,0.8877551020408163,0.8834091690703082,rf
20,354,subject_fold2,2,0.9576271186440678,0.9515929706173017,rf
3,341,subject_fold2,3,0.9824046920821115,0.9815414421832873,rf
7,308,subject_fold2,3,0.9577922077922078,0.957131755285325,rf
23,372,subject_fold2,3,0.978494623655914,0.9793775190326915,rf
26,392,subject_fold2,3,1.0,1.0,rf
10,294,subject_fold2,3,0.8809523809523809,0.8769227228198259,rf
20,354,subject_fold2,3,0.96045197740113,0.9550513332003493,rf
3,341,subject_fold2,4,0.9824046920821115,0.9815414421832873,rf
7,308,subject_fold2,4,0.9545454545454546,0.9537989973870297,rf
23,372,subject_fold2,4,0.9758064516129032,0.9769160496555164,rf
26,392,subject_fold2,4,0.9974489795918368,0.997804642026662,rf
10,294,subject_fold2,4,0.8809523809523809,0.8757495300074699,rf
20,354,subject_fold2,4,0.96045197740113,0.9551149155786213,rf
6,325,subject_fold3,42,0.8676923076923077,0.8573057026418126,rf
27,376,subject_fold3,42,0.9893617021276596,0.9897849513380935,rf
30,383,subject_fold3,42,0.9738903394255874,0.9733396890949962,rf
2,302,subject_fold3,42,0.9503311258278145,0.9482339426998868,rf
4,317,subject_fold3,42,0.9526813880126183,0.9520716719736328,rf
18,364,subject_fold3,42,0.8681318681318682,0.8269211134195262,rf
6,325,subject_fold3,1,0.8738461538461538,0.864467669426757,rf
27,376,subject_fold3,1,0.9867021276595744,0.9875630343072593,rf
30,383,subject_fold3,1,0.9765013054830287,0.9758113321331711,rf
2,302,subject_fold3,1,0.956953642384106,0.9555056573661861,rf
4,317,subject_fold3,1,0.9652996845425867,0.9646547678900621,rf
18,364,subject_fold3,1,0.8653846153846154,0.8209251053930687,rf
6,325,subject_fold3,2,0.8676923076923077,0.8573057026418126,rf
27,376,subject_fold3,2,0.9893617021276596,0.9897849513380935,rf
30,383,subject_fold3,2,0.9738903394255874,0.9733396890949962,rf
2,302,subject_fold3,2,0.9503311258278145,0.9482339426998868,rf
4,317,subject_fold3,2,0.9621451104100947,0.9615148738623175,rf
18,364,subject_fold3,2,0.8653846153846154,0.8216329037985872,rf
6,325,subject_fold3,3,0.8646153846153846,0.8539300202839756,rf
27,376,subject_fold3,3,0.9893617021276596,0.9897849513380935,rf
30,383,subject_fold3,3,0.9765013054830287,0.9760167244656174,rf
2,302,subject_fold3,3,0.9470198675496688,0.9445383271659514,rf
4,317,subject_fold3,3,0.9589905362776026,0.9587412920323087,rf
18,364,subject_fold3,3,0.8653846153846154,0.8232986040551831,rf
6,325,subject_fold3,4,0.8646153846153846,0.8539300202839756,rf
27,376,subject_fold3,4,0.9893617021276596,0.9897849513380935,rf
30,383,subject_fold3,4,0.9712793733681462,0.9705739209979174,rf
2,302,subject_fold3,4,0.9503311258278145,0.9482339426998868,rf
4,317,subject_fold3,4,0.9558359621451105,0.9557305930256751,rf
18,364,subject_fold3,4,0.8626373626373627,0.8186830512912125,rf
14,323,subject_fold4,42,0.7863777089783281,0.7446237822627899,rf
19,360,subject_fold4,42,0.8944444444444445,0.8822442085104645,rf
22,321,subject_fold4,42,0.9532710280373832,0.9402398367915609,rf
28,382,subject_fold4,42,0.8979057591623036,0.9047628917808758,rf
9,288,subject_fold4,42,0.8888888888888888,0.8888484814005206,rf
24,381,subject_fold4,42,1.0,1.0,rf
14,323,subject_fold4,1,0.7832817337461301,0.7414335521048087,rf
19,360,subject_fold4,1,0.8944444444444445,0.8824827757532009,rf
22,321,subject_fold4,1,0.9626168224299065,0.9519164627876467,rf
28,382,subject_fold4,1,0.900523560209424,0.9075679142460741,rf
9,288,subject_fold4,1,0.8784722222222222,0.878773966482364,rf
24,381,subject_fold4,1,1.0,1.0,rf
14,323,subject_fold4,2,0.7832817337461301,0.7415558432203037,rf
19,360,subject_fold4,2,0.8944444444444445,0.8824827757532009,rf
22,321,subject_fold4,2,0.956386292834891,0.94399121170667,rf
28,382,subject_fold4,2,0.8979057591623036,0.9047628917808758,rf
9,288,subject_fold4,2,0.8993055555555556,0.8998432269397766,rf
24,381,subject_fold4,2,1.0,1.0,rf
14,323,subject_fold4,3,0.7832817337461301,0.7415558432203037,rf
19,360,subject_fold4,3,0.8916666666666667,0.8788360161417873,rf
22,321,subject_fold4,3,0.9501557632398754,0.9359714795008912,rf
28,382,subject_fold4,3,0.900523560209424,0.9075679142460741,rf
9,288,subject_fold4,3,0.8854166666666666,0.8852923391544237,rf
24,381,subject_fold4,3,1.0,1.0,rf
14,323,subject_fold4,4,0.7863777089783281,0.7446237822627899,rf
19,360,subject_fold4,4,0.8972222222222223,0.8863096795801048,rf
22,321,subject_fold4,4,0.956386292834891,0.94399121170667,rf
28,382,subject_fold4,4,0.8979057591623036,0.9047628917808758,rf
9,288,subject_fold4,4,0.875,0.8749663289748231,rf
24,381,subject_fold4,4,1.0,1.0,rf
