model,config,seed,n_train,n_val,accuracy,macro_f1
mlp256,random_fold0,42,8239,2060,0.9859223300970874,0.9870490352178619
mlp256,random_fold0,1,8239,2060,0.987378640776699,0.9883774595245148
mlp256,random_fold0,2,8239,2060,0.9849514563106796,0.9860706311707897
mlp256,random_fold0,3,8239,2060,0.9864077669902913,0.9873735047536689
mlp256,random_fold0,4,8239,2060,0.9864077669902913,0.9872807913135954
mlp256,random_fold1,42,8239,2060,0.9902912621359223,0.9904944728305191
mlp256,random_fold1,1,8239,2060,0.9917475728155339,0.9919417762774856
mlp256,random_fold1,2,8239,2060,0.9902912621359223,0.9905853164722539
mlp256,random_fold1,3,8239,2060,0.9922330097087378,0.9924796735830972
mlp256,random_fold1,4,8239,2060,0.9922330097087378,0.9923741702593206
mlp256,random_fold2,42,8239,2060,0.9888349514563107,0.9893446580012096
mlp256,random_fold2,1,8239,2060,0.9888349514563107,0.9894284714466991
mlp256,random_fold2,2,8239,2060,0.9878640776699029,0.9885168403923005
mlp256,random_fold2,3,8239,2060,0.9898058252427184,0.9903302925823853
mlp256,random_fold2,4,8239,2060,0.9888349514563107,0.9893162995225095
mlp256,random_fold3,42,8239,2060,0.9844660194174757,0.985055280076439
mlp256,random_fold3,1,8239,2060,0.9844660194174757,0.9850730068727486
mlp256,random_fold3,2,8239,2060,0.9864077669902913,0.9869610668553812
mlp256,random_fold3,3,8239,2060,0.9859223300970874,0.9865488306601923
mlp256,random_fold3,4,8239,2060,0.9844660194174757,0.9851547743651589
mlp256,random_fold4,42,8240,2059,0.986401165614376,0.986973514299346
mlp256,random_fold4,1,8240,2059,0.986401165614376,0.987214649074371
mlp256,random_fold4,2,8240,2059,0.9873725109276348,0.9879597752410576
mlp256,random_fold4,3,8240,2059,0.9898008742107819,0.9904703857273237
mlp256,random_fold4,4,8240,2059,0.9888295288975231,0.9895817458260394
mlp256,subject_fold0,42,8232,2067,0.95355587808418,0.9526616905194437
mlp256,subject_fold0,1,8232,2067,0.9506531204644412,0.949780467518868
mlp256,subject_fold0,2,8232,2067,0.9550072568940493,0.9547370343794839
mlp256,subject_fold0,3,8232,2067,0.9525882922109338,0.9518825573241573
mlp256,subject_fold0,4,8232,2067,0.9540396710208031,0.9536583212751819
mlp256,subject_fold1,42,8250,2049,0.9736456808199122,0.9749676538265857
mlp256,subject_fold1,1,8250,2049,0.9775500244021474,0.9790175908419716
mlp256,subject_fold1,2,8250,2049,0.9775500244021474,0.9787625586836283
mlp256,subject_fold1,3,8250,2049,0.9755978526110298,0.976703269597698
mlp256,subject_fold1,4,8250,2049,0.9751098096632503,0.9765812419083298
mlp256,subject_fold2,42,8238,2061,0.9432314410480349,0.9427539825197985
mlp256,subject_fold2,1,8238,2061,0.9514798641436196,0.951644979749493
mlp256,subject_fold2,2,8238,2061,0.9466278505579816,0.9464918024213002
mlp256,subject_fold2,3,8238,2061,0.9466278505579816,0.9466785290225995
mlp256,subject_fold2,4,8238,2061,0.9471130519165454,0.9472623224070675
mlp256,subject_fold3,42,8232,2067,0.9641993226898887,0.9625902210540476
mlp256,subject_fold3,1,8232,2067,0.9617803580067731,0.9601008934472613
mlp256,subject_fold3,2,8232,2067,0.9666182873730044,0.9650831170228611
mlp256,subject_fold3,3,8232,2067,0.9641993226898887,0.962580388576738
mlp256,subject_fold3,4,8232,2067,0.9637155297532656,0.9618997587919909
mlp256,subject_fold4,42,8244,2055,0.9192214111922141,0.9175099538791436
mlp256,subject_fold4,1,8244,2055,0.9245742092457421,0.9239976379146099
mlp256,subject_fold4,2,8244,2055,0.9206812652068127,0.9191893784617527
mlp256,subject_fold4,3,8244,2055,0.9211678832116789,0.91914606377618
mlp256,subject_fold4,4,8244,2055,0.9245742092457421,0.9226177815416579
rf,random_fold0,42,8239,2060,0.983495145631068,0.9838352559452388
rf,random_fold0,1,8239,2060,0.9825242718446602,0.9829347857577021
rf,random_fold0,2,8239,2060,0.9839805825242719,0.9843697970549274
rf,random_fold0,3,8239,2060,0.9820388349514563,0.9823532721686643
rf,random_fold0,4,8239,2060,0.9830097087378641,0.9834819090810432
rf,random_fold1,42,8239,2060,0.9854368932038835,0.9850166009163073
rf,random_fold1,1,8239,2060,0.9854368932038835,0.9850166009163073
rf,random_fold1,2,8239,2060,0.9839805825242719,0.9836141041772494
rf,random_fold1,3,8239,2060,0.983495145631068,0.9829766172858059
rf,random_fold1,4,8239,2060,0.9854368932038835,0.985050793203199
rf,random_fold2,42,8239,2060,0.9718446601941747,0.9710456440916677
rf,random_fold2,1,8239,2060,0.9728155339805825,0.9721221827223925
rf,random_fold2,2,8239,2060,0.9742718446601941,0.9735241824242559
rf,random_fold2,3,8239,2060,0.9713592233009709,0.9706991918351323
rf,random_fold2,4,8239,2060,0.9737864077669903,0.9730238392823368
rf,random_fold3,42,8239,2060,0.9820388349514563,0.982166425791521
rf,random_fold3,1,8239,2060,0.9810679611650486,0.9812549844932
rf,random_fold3,2,8239,2060,0.9805825242718447,0.9807936554628057
rf,random_fold3,3,8239,2060,0.9805825242718447,0.980694022937408
rf,random_fold3,4,8239,2060,0.9810679611650486,0.9813550685872773
rf,random_fold4,42,8240,2059,0.975230694511899,0.9751710723839766
rf,random_fold4,1,8240,2059,0.9732880038853813,0.9729844993696369
rf,random_fold4,2,8240,2059,0.9747450218552696,0.9745507470002384
rf,random_fold4,3,8240,2059,0.9732880038853813,0.9733861629144894
rf,random_fold4,4,8240,2059,0.9742593491986401,0.9741057372583225
rf,subject_fold0,42,8232,2067,0.9221093372036768,0.919242323338469
rf,subject_fold0,1,8232,2067,0.9182389937106918,0.9156440599966053
rf,subject_fold0,2,8232,2067,0.9158200290275762,0.9129355683030062
rf,subject_fold0,3,8232,2067,0.9163038219641993,0.9133624027382194
rf,subject_fold0,4,8232,2067,0.9143686502177069,0.9113493701048321
rf,subject_fold1,42,8250,2049,0.9633967789165446,0.9616992849282413
rf,subject_fold1,1,8250,2049,0.9653489507076622,0.9641662901014062
rf,subject_fold1,2,8250,2049,0.9673011224987799,0.9664273449365285
rf,subject_fold1,3,8250,2049,0.9648609077598829,0.9632928433451823
rf,subject_fold1,4,8250,2049,0.9677891654465594,0.9664461516935821
rf,subject_fold2,42,8238,2061,0.9611838913148957,0.9612244723363353
rf,subject_fold2,1,8238,2061,0.9621542940320232,0.9623810729720108
rf,subject_fold2,2,8238,2061,0.9606986899563319,0.9606969835635445
rf,subject_fold2,3,8238,2061,0.9631246967491509,0.9632245565051593
rf,subject_fold2,4,8238,2061,0.9616690926734595,0.9619671923786891
rf,subject_fold3,42,8232,2067,0.9346879535558781,0.9311361027040891
rf,subject_fold3,1,8232,2067,0.9380745041122399,0.9343531916274261
rf,subject_fold3,2,8232,2067,0.9356555394291244,0.9319640777068982
rf,subject_fold3,3,8232,2067,0.9346879535558781,0.9313863776029848
rf,subject_fold3,4,8232,2067,0.9332365747460087,0.9299443730197882
rf,subject_fold4,42,8244,2055,0.9060827250608272,0.9011746902204266
rf,subject_fold4,1,8244,2055,0.9060827250608272,0.9013191995349611
rf,subject_fold4,2,8244,2055,0.9075425790754258,0.9027676888905
rf,subject_fold4,3,8244,2055,0.9046228710462287,0.8996328212952927
rf,subject_fold4,4,8244,2055,0.9051094890510949,0.9005126028152053
