model,k,draw,seed,n_train,accuracy,macro_f1,subjects
rf,4,0,42,1000,0.8476454293628809,0.8487355279313894,19;3;6;8
rf,4,0,1,1000,0.8444136657433057,0.8453438794533675,19;3;6;8
rf,4,1,42,1000,0.8721144967682364,0.8694826594214246,27;5;6;7
rf,4,1,1,1000,0.8818097876269622,0.8786236799364572,27;5;6;7
rf,4,2,42,1000,0.8795013850415513,0.875208812167215,2;6;8;9
rf,4,2,1,1000,0.876269621421976,0.8716371728199571,2;6;8;9
rf,4,3,42,1000,0.8868882733148661,0.888386773381051,18;29;5;9
rf,4,3,1,1000,0.8947368421052632,0.8962976887079561,18;29;5;9
rf,4,4,42,1000,0.8896583564173592,0.886684448215428,15;22;27;9
rf,4,4,1,1000,0.889196675900277,0.8864543733924811,15;22;27;9
rf,4,5,42,1000,0.8808864265927978,0.877180382114799,20;23;26;6
rf,4,5,1,1000,0.8748845798707294,0.8707329862863232,20;23;26;6
rf,8,0,42,1000,0.9025854108956602,0.9048570694042312,13;15;20;25;27;3;5;8
rf,8,0,1,1000,0.909972299168975,0.9124479139573899,13;15;20;25;27;3;5;8
rf,8,1,42,1000,0.871191135734072,0.8683993722932208,19;22;24;27;29;4;5;6
rf,8,1,1,1000,0.876269621421976,0.8733502355080542,19;22;24;27;29;4;5;6
rf,8,2,42,1000,0.9095106186518929,0.9102395966251322,14;2;22;25;26;27;29;9
rf,8,2,1,1000,0.9132040627885504,0.914337263080411,14;2;22;25;26;27;29;9
rf,8,3,42,1000,0.9081255771006463,0.906870137187831,10;18;23;24;26;29;5;8
rf,8,3,1,1000,0.9090489381348107,0.9073892059127912,10;18;23;24;26;29;5;8
rf,8,4,42,1000,0.8988919667590027,0.8998373155292185,15;2;23;24;3;4;5;7
rf,8,4,1,1000,0.8961218836565097,0.8974087816723054,15;2;23;24;3;4;5;7
rf,8,5,42,1000,0.9053554939981533,0.9068310194448328,14;23;25;26;27;4;7;8
rf,8,5,1,1000,0.9127423822714681,0.9145544242697556,14;23;25;26;27;4;7;8
rf,16,0,42,1000,0.9289012003693444,0.9297045636039033,10;14;15;19;2;20;21;24;25;26;27;3;4;5;6;8
rf,16,0,1,1000,0.9275161588180979,0.9280924637558555,10;14;15;19;2;20;21;24;25;26;27;3;4;5;6;8
rf,16,1,42,1000,0.9316712834718375,0.9322043026759058,10;11;13;18;19;2;20;22;23;25;26;4;6;7;8;9
rf,16,1,1,1000,0.9325946445060018,0.9331990269941279,10;11;13;18;19;2;20;22;23;25;26;4;6;7;8;9
rf,16,2,42,1000,0.922899353647276,0.922379260754041,10;13;14;15;20;21;24;25;27;29;3;4;5;6;7;8
rf,16,2,1,1000,0.9215143120960295,0.9213953984845379,10;13;14;15;20;21;24;25;27;29;3;4;5;6;7;8
rf,16,3,42,1000,0.9076638965835642,0.9028706912687765,10;11;14;15;19;20;22;23;26;27;3;4;5;6;7;9
rf,16,3,1,1000,0.9048938134810711,0.9005866194662658,10;11;14;15;19;20;22;23;26;27;3;4;5;6;7;9
rf,16,4,42,1000,0.9178208679593721,0.9193322665821393,10;11;13;18;19;2;20;21;22;23;24;25;26;29;4;5
rf,16,4,1,1000,0.9159741458910434,0.9179024865319718,10;11;13;18;19;2;20;21;22;23;24;25;26;29;4;5
rf,16,5,42,1000,0.925207756232687,0.9242585874728135,10;11;13;15;18;19;2;20;23;24;26;27;3;7;8;9
rf,16,5,1,1000,0.9270544783010157,0.9259677084684634,10;11;13;15;18;19;2;20;23;24;26;27;3;7;8;9
rf,24,0,42,1000,0.9187442289935365,0.9194920542630447,10;11;13;14;15;18;19;2;20;21;22;23;24;25;26;27;29;3;4;5;6;7;8;9
rf,24,0,1,1000,0.91735918744229,0.9179968977142009,10;11;13;14;15;18;19;2;20;21;22;23;24;25;26;27;29;3;4;5;6;7;8;9
rf,24,1,42,1000,0.91735918744229,0.9166240368182565,10;11;13;14;15;18;19;2;20;21;22;23;24;25;26;27;29;3;4;5;6;7;8;9
rf,24,1,1,1000,0.9132040627885504,0.912300772885447,10;11;13;14;15;18;19;2;20;21;22;23;24;25;26;27;29;3;4;5;6;7;8;9
rf,24,2,42,1000,0.9118190212373037,0.9106753187987104,10;11;13;14;15;18;19;2;20;21;22;23;24;25;26;27;29;3;4;5;6;7;8;9
rf,24,2,1,1000,0.9118190212373037,0.9104103310930638,10;11;13;14;15;18;19;2;20;21;22;23;24;25;26;27;29;3;4;5;6;7;8;9
rf,24,3,42,1000,0.9150507848568791,0.9147885612817165,10;11;13;14;15;18;19;2;20;21;22;23;24;25;26;27;29;3;4;5;6;7;8;9
rf,24,3,1,1000,0.9155124653739612,0.9157814249541687,10;11;13;14;15;18;19;2;20;21;22;23;24;25;26;27;29;3;4;5;6;7;8;9
rf,24,4,42,1000,0.9122807017543859,0.9119899040097302,10;11;13;14;15;18;19;2;20;21;22;23;24;25;26;27;29;3;4;5;6;7;8;9
rf,24,4,1,1000,0.9145891043397969,0.9142798938689203,10;11;13;14;15;18;19;2;20;21;22;23;24;25;26;27;29;3;4;5;6;7;8;9
rf,24,5,42,1000,0.925207756232687,0.9262419998708497,10;11;13;14;15;18;19;2;20;21;22;23;24;25;26;27;29;3;4;5;6;7;8;9
rf,24,5,1,1000,0.9238227146814404,0.9250324330627316,10;11;13;14;15;18;19;2;20;21;22;23;24;25;26;27;29;3;4;5;6;7;8;9
mlp256,4,0,42,1000,0.8670360110803325,0.870038273326212,19;3;6;8
mlp256,4,0,1,1000,0.8619575253924284,0.865454140456113,19;3;6;8
mlp256,4,1,42,1000,0.8097876269621422,0.8143737925384564,27;5;6;7
mlp256,4,1,1,1000,0.8033240997229917,0.8071849346519331,27;5;6;7
mlp256,4,2,42,1000,0.9058171745152355,0.9083953126915011,2;6;8;9
mlp256,4,2,1,1000,0.909972299168975,0.9136181984859638,2;6;8;9
mlp256,4,3,42,1000,0.884118190212373,0.8878391080342575,18;29;5;9
mlp256,4,3,1,1000,0.8924284395198523,0.8968487266054184,18;29;5;9
mlp256,4,4,42,1000,0.8882733148661126,0.8896140070474997,15;22;27;9
mlp256,4,4,1,1000,0.889196675900277,0.8913822952974771,15;22;27;9
mlp256,4,5,42,1000,0.8619575253924284,0.8639581034021164,20;23;26;6
mlp256,4,5,1,1000,0.8587257617728532,0.8602393945585661,20;23;26;6
mlp256,8,0,42,1000,0.8905817174515236,0.8952934295214868,13;15;20;25;27;3;5;8
mlp256,8,0,1,1000,0.8998153277931671,0.9048794509722043,13;15;20;25;27;3;5;8
mlp256,8,1,42,1000,0.8462603878116344,0.8467815619702254,19;22;24;27;29;4;5;6
mlp256,8,1,1,1000,0.8624192059095106,0.8642536409382099,19;22;24;27;29;4;5;6
mlp256,8,2,42,1000,0.9044321329639889,0.9076882525669276,14;2;22;25;26;27;29;9
mlp256,8,2,1,1000,0.9145891043397969,0.918356658089143,14;2;22;25;26;27;29;9
mlp256,8,3,42,1000,0.9178208679593721,0.9215459540004982,10;18;23;24;26;29;5;8
mlp256,8,3,1,1000,0.9178208679593721,0.9216600957790605,10;18;23;24;26;29;5;8
mlp256,8,4,42,1000,0.8693444136657433,0.8713052105960623,15;2;23;24;3;4;5;7
mlp256,8,4,1,1000,0.8679593721144968,0.8696554739354907,15;2;23;24;3;4;5;7
mlp256,8,5,42,1000,0.8975069252077562,0.9027782889416448,14;23;25;26;27;4;7;8
mlp256,8,5,1,1000,0.9058171745152355,0.9114448094431902,14;23;25;26;27;4;7;8
mlp256,16,0,42,992,0.920129270544783,0.9223675026659083,10;14;15;19;2;20;21;24;25;26;27;3;4;5;6;8
mlp256,16,0,1,992,0.9192059095106186,0.9218839519419387,10;14;15;19;2;20;21;24;25;26;27;3;4;5;6;8
mlp256,16,1,42,992,0.9108956602031394,0.9156198456848882,10;11;13;19;2;20;21;22;24;25;26;3;4;6;7;8
mlp256,16,1,1,992,0.9150507848568791,0.9193000705104254,10;11;13;19;2;20;21;22;24;25;26;3;4;6;7;8
mlp256,16,2,42,992,0.91735918744229,0.9224925582851289,11;18;19;2;20;22;23;24;25;26;27;3;5;6;7;9
mlp256,16,2,1,992,0.9141274238227147,0.9194191312580525,11;18;19;2;20;22;23;24;25;26;27;3;5;6;7;9
mlp256,16,3,42,992,0.91735918744229,0.9222543137516802,11;18;19;2;21;24;25;26;29;3;4;5;6;7;8;9
mlp256,16,3,1,992,0.9192059095106186,0.9239592187721675,11;18;19;2;21;24;25;26;29;3;4;5;6;7;8;9
mlp256,16,4,42,992,0.9270544783010157,0.9314739887191753,13;14;15;18;2;20;21;22;23;24;26;27;4;5;7;9
mlp256,16,4,1,992,0.9256694367497692,0.9296679128620755,13;14;15;18;2;20;21;22;23;24;26;27;4;5;7;9
mlp256,16,5,42,992,0.9349030470914127,0.9380252295242993,10;11;14;15;18;19;2;20;23;25;27;4;6;7;8;9
mlp256,16,5,1,992,0.9344413665743305,0.9374005226025234,10;11;14;15;18;19;2;20;23;25;27;4;6;7;8;9
mlp256,24,0,42,984,0.9325946445060018,0.9361314496272021,10;11;13;14;15;18;19;2;20;21;22;23;24;25;26;27;29;3;4;5;6;7;8;9
mlp256,24,0,1,984,0.935826408125577,0.9391931906878712,10;11;13;14;15;18;19;2;20;21;22;23;24;25;26;27;29;3;4;5;6;7;8;9
mlp256,24,1,42,984,0.9168975069252078,0.9209074840183114,10;11;13;14;15;18;19;2;20;21;22;23;24;25;26;27;29;3;4;5;6;7;8;9
mlp256,24,1,1,984,0.9233610341643582,0.9270410725406792,10;11;13;14;15;18;19;2;20;21;22;23;24;25;26;27;29;3;4;5;6;7;8;9
mlp256,24,2,42,984,0.9192059095106186,0.9231790848002285,10;11;13;14;15;18;19;2;20;21;22;23;24;25;26;27;29;3;4;5;6;7;8;9
mlp256,24,2,1,984,0.9284395198522623,0.9320215005579905,10;11;13;14;15;18;19;2;20;21;22;23;24;25;26;27;29;3;4;5;6;7;8;9
mlp256,24,3,42,984,0.9210526315789473,0.9256243282887567,10;11;13;14;15;18;19;2;20;21;22;23;24;25;26;27;29;3;4;5;6;7;8;9
mlp256,24,3,1,984,0.9265927977839336,0.9310590249242706,10;11;13;14;15;18;19;2;20;21;22;23;24;25;26;27;29;3;4;5;6;7;8;9
mlp256,24,4,42,984,0.9335180055401662,0.93676046649565,10;11;13;14;15;18;19;2;20;21;22;23;24;25;26;27;29;3;4;5;6;7;8;9
mlp256,24,4,1,984,0.9316712834718375,0.9346983907452961,10;11;13;14;15;18;19;2;20;21;22;23;24;25;26;27;29;3;4;5;6;7;8;9
mlp256,24,5,42,984,0.9196675900277008,0.9244737016481898,10;11;13;14;15;18;19;2;20;21;22;23;24;25;26;27;29;3;4;5;6;7;8;9
mlp256,24,5,1,984,0.922899353647276,0.9277680499217363,10;11;13;14;15;18;19;2;20;21;22;23;24;25;26;27;29;3;4;5;6;7;8;9
