k_sites,mean,sd,p05,p95,lo,hi,spread_p05_p95,cv
1,0.3177129396829915,0.22414867175366193,0.00405216820402022,0.6992302203372507,0.0,0.8638942396309028,0.6951780521332305,0.7055069018508141
2,0.3177716118883345,0.15523854807674797,0.07502465431235075,0.5853249463766774,0.00202608410201011,0.7815622299840768,0.5103002920643267,0.4885223924008009
3,0.3174052296375541,0.12338511926067192,0.12572371110154243,0.5318654769197477,0.02031105341429882,0.7436124612040418,0.40614176581820527,0.3887305807833278
4,0.3162484552615916,0.10835953220316907,0.14530716502348093,0.4976516520440685,0.03966358529237107,0.7157885913734274,0.3523444870205876,0.34264051065020124
5,0.31745996481958383,0.09247374215684633,0.17095942534880354,0.4753840333419984,0.052506023073213615,0.627575236859555,0.3044246079931949,0.29129261136723245
6,0.31253648840383164,0.0824030006967092,0.17911498381346547,0.4505057067063161,0.049014892012181566,0.6439692909459455,0.27139072289285066,0.26365881666346563
7,0.31728083538774465,0.07741663484842139,0.19249787556630454,0.44863158519622126,0.06904936165832763,0.6067183692421153,0.2561337096299167,0.24400034989132438
8,0.3187278738712054,0.06954442783550345,0.20542160332674536,0.43585616198123667,0.10605915800376765,0.5935888797981035,0.2304345586544913,0.2181937431164418
9,0.31695790026728177,0.06367947420588657,0.2143118785217202,0.4257902043043973,0.13077864704756548,0.5377720139654469,0.21147832578267708,0.20090830407504418
10,0.3149125347170326,0.059919350842899184,0.21622181117249023,0.41694288689545733,0.11017204153692942,0.5167020698538736,0.2007210757229671,0.19027299404496628
11,0.31672144818689657,0.05643089809495945,0.2249538541136483,0.410848318013161,0.12312429993090142,0.5285802485505079,0.18589446389951272,0.17817201335117575
12,0.31690222336459867,0.05291833850140963,0.23294854922030844,0.404905700252327,0.15047917805320402,0.5035348989127284,0.17195715103201858,0.16698632764253798
13,0.3141884398363489,0.04916070686625932,0.2318744740460252,0.3939973896478064,0.16150483286912604,0.4719981117629484,0.1621229156017812,0.15646885955404857
14,0.31580032509587047,0.04603274966866097,0.23970316002002648,0.39171072943852814,0.17280956493261998,0.4757802673354478,0.15200756941850166,0.14576536504415052
15,0.31534543542473,0.04346504558162263,0.24369504997483826,0.38711851182112533,0.16815697566098675,0.4628554471761664,0.14342346184628707,0.13783312107587914
16,0.31581992102453443,0.04064779464807147,0.24918892194305833,0.3829493665008723,0.16564786023607986,0.46080759893972123,0.13376044455781397,0.12870560703139988
17,0.3172914327573622,0.03936155327578413,0.2525408941670931,0.38042980359885253,0.19140234377756413,0.45784558689705396,0.12788890943175946,0.12405488838359066
18,0.3154493628046547,0.03675927546932028,0.2544151140962713,0.3763097971736146,0.16606956262738312,0.44985145331409815,0.1218946830773433,0.11652987706963239
19,0.31637358712226943,0.0346752111972621,0.25881425143165415,0.37485319962864083,0.20741653775425925,0.4282364155004893,0.11603894819698668,0.10960210526001057
20,0.3162643062691391,0.03218076972797524,0.26273810338985093,0.3688871430387548,0.20014259798970366,0.4294904377974026,0.10614903964890388,0.10175277162194077
21,0.31712242870753576,0.030555829341996146,0.26622550478490853,0.3675998249620082,0.20310065571844996,0.4230212797978884,0.10137432017709969,0.09635341614445087
22,0.31644603090942247,0.028486086948102896,0.269583067928548,0.3631725970214627,0.2057495028542969,0.4079554057372446,0.09358952909291468,0.0900187841390767
23,0.3163812999778855,0.02660562080587501,0.2710014531959098,0.35940351529003284,0.23358082014464737,0.3967319667194859,0.08840206209412305,0.08409353146894173
24,0.3161505912896569,0.02557262523129806,0.27237097574234886,0.3576161428354041,0.23471067835560266,0.4046010762392854,0.08524516709305524,0.08088748190215606
25,0.3167372426964139,0.023354169014517385,0.27844788306812723,0.35407208196471784,0.23943789111348782,0.3888953564943143,0.07562419889659061,0.07373357428921572
26,0.31639337575159293,0.021603248331213482,0.28118520620151033,0.3517265686712514,0.24257218876588793,0.38088497461565274,0.07054136246974108,0.06827971122939895
27,0.3158485278298616,0.019788258856445418,0.2824228473873598,0.3474212227807603,0.24154082132861335,0.373877550750002,0.06499837539340053,0.06265110365530903
28,0.3160337582338728,0.017690159511846167,0.28524081538741547,0.3440643853194322,0.24117678198103581,0.3682147140911321,0.058823569932016706,0.055975537584041925
29,0.31618823942131924,0.016165580718785065,0.28820772988162496,0.34187883050007883,0.2588042291135061,0.3627832412546501,0.05367110061845387,0.05112644527314158
30,0.3159004055936066,0.014602354933073925,0.29134856970406126,0.3382589498678199,0.268430700469656,0.35603567423938554,0.04691038016375865,0.04622455265809085
31,0.31637490316716327,0.011863873881023524,0.2960924373368864,0.3351173204205114,0.27584973468059826,0.3452493057247236,0.039024883083625006,0.03749941528944538
32,0.3162897221926432,0.009663274344537993,0.29943196597091853,0.3313169567273125,0.2871583582478296,0.3358793673654588,0.03188499075639395,0.030551970761327377
33,0.3164281841725989,0.006638419080381998,0.30554390722343694,0.3257012047180206,0.29964538437175137,0.3258239976939001,0.02015729749458367,0.020979228186453223
34,0.3162409389381971,0.0,0.3162409389381971,0.3162409389381971,0.3162409389381971,0.3162409389381971,0.0,0.0
