mAP50,mAP50_95,precision,recall,AP50::Algal,AP50::Leaf_rot,AP50::Phomopsis,config,seed,eval_on,AP50::Psyllid,AP50::Psyllid_damage,AP50::leaf_hopper_damage
0.3925210752163178,0.19704004156024296,0.4572634877110439,0.3592155056313808,0.4410777687240843,0.0877528116913139,0.6487326452335551,byfarm_fold0,42,peninsula,,,
0.40079016157878683,0.2041344504199251,0.5991982415536898,0.4337870847678534,0.41119705505889564,0.15789527258215502,0.6332781570953099,byfarm_fold0,1,peninsula,,,
0.37318427892355516,0.19283532465693548,0.4825221647035131,0.39035844354993293,0.4023929898978402,0.06405142581706762,0.6531084210557577,byfarm_fold0,2,peninsula,,,
0.4108395446223141,0.21011402560243533,0.6293544717350991,0.4071222493252524,0.3968524914448661,0.18751365175338366,0.6481524906686926,byfarm_fold0,3,peninsula,,,
0.39151081719663944,0.20551126966031555,0.47026368148189057,0.42345086145061134,0.3745332876539565,0.11889822509917869,0.681100938836783,byfarm_fold0,4,peninsula,,,
0.15452859385478238,0.08794420020296907,0.17369132382998256,0.18874047823837095,0.13079971134416196,0.0006021052418419821,0.21769021722743265,byfarm_fold1,42,peninsula,0.05495213093335808,0.005592230186181121,0.5175351681957185
0.12517525576709884,0.07410107203038167,0.26265218677849667,0.18072940944196855,0.1498743308162477,0.0047627912886893786,0.2102630964682507,byfarm_fold1,1,peninsula,0.041811079311151675,0.0013402367182535836,0.34299999999999997
0.13257094836720903,0.07528502936712993,0.20752117409701262,0.17033958648667483,0.11889758446195405,0.014849851396096281,0.1818684344983958,byfarm_fold1,2,peninsula,0.024573054321068467,8.970670221014656e-05,0.4551470588235294
0.14147395551816677,0.06750472914635322,0.17893994473176442,0.18356726304419527,0.142842734821097,0.02385584566107092,0.19840346334543885,byfarm_fold1,3,peninsula,0.01533267689522705,0.0023826194242899668,0.46602639296187687
0.1405197379846291,0.06899385898305885,0.2233442415802864,0.18321714919809376,0.17797559895135812,0.0006422939691244643,0.2180437623222664,byfarm_fold1,4,peninsula,0.02999743622755029,0.0014593364374752052,0.41500000000000004
0.21465883687971513,0.10807767503740222,0.3276417043116528,0.2679427474016159,0.5077734326383945,0.23878819343246205,0.30268259209993686,byfarm_fold2,42,peninsula,0.0696799899563759,0.007714113363265411,0.16131469978785634
0.19507240643084153,0.1018574524661043,0.5706818623003453,0.16633674733412687,0.5179719765507979,0.2606490937343871,0.30619851639049006,byfarm_fold2,1,peninsula,0.017961002251971232,0.0024315585637446325,0.06522229109365818
0.195915623232907,0.0965252805533519,0.2750231878815849,0.2738141117638818,0.5049685321678745,0.18439520080226127,0.29904480721697085,byfarm_fold2,2,peninsula,0.06888239300621436,0.009708896891555921,0.10849390931256518
0.21614286082137424,0.1017748510281884,0.4683178102019618,0.2695780154167084,0.46203412217578915,0.36199944394401967,0.29700252071378197,byfarm_fold2,3,peninsula,0.06992930959964147,0.008874788295108484,0.09701698019990476
0.22380005530223845,0.11811140195089961,0.2850350784173743,0.24661463173489126,0.5328960080219673,0.2563311460764154,0.3717646962045198,byfarm_fold2,4,peninsula,0.12779961120400535,0.003879801120491782,0.05012906918603122
0.3283031396378395,0.1685452119050949,0.31758377392601284,0.31575963718820865,0.7160258410553233,0.10218671749603467,,byfarm_fold3,42,peninsula,0.495,,0.0
0.26953246544330106,0.16882903607199942,0.5341139523594329,0.26858183698366866,0.6989687403165956,0.3758829757612443,,byfarm_fold3,1,peninsula,0.003278145695364238,,0.0
0.24590497342602496,0.15401794487179163,0.286056773285669,0.3435374149659864,0.6963517815193163,0.26664311218478354,,byfarm_fold3,2,peninsula,0.020625,,0.0
0.32416099149323424,0.15515015210001484,0.3372517223092826,0.4262525818758788,0.737070462365996,0.05848654708520179,,byfarm_fold3,3,peninsula,0.0035869565217391307,,0.4975
0.29264370896494396,0.14531480693822352,0.3727415331054166,0.3193027210884354,0.6200287540697391,0.3030460817900368,,byfarm_fold3,4,peninsula,0.2475,,0.0
0.19585232766043212,0.10073606202344054,0.5525080019821954,0.18931860036832412,0.0,0.0,0.5875569829812963,byfarm_fold4,42,peninsula,,,
0.20268084344805593,0.099466246024536,0.3341679587260182,0.20408664386564937,0.0,0.0482258064516129,0.5598167238925549,byfarm_fold4,1,peninsula,,,
0.19223675008650742,0.09953342424947297,0.21053092260672726,0.21292642287117425,0.0,0.0025,0.5742102502595223,byfarm_fold4,2,peninsula,,,
0.1969733909529431,0.10109397470245814,0.8918835701281657,0.18268876611418047,0.0,0.0,0.5909201728588294,byfarm_fold4,3,peninsula,,,
0.19405904105915014,0.10104286986651029,0.22647934148695412,0.17826887661141808,0.0,3.401360544217687e-05,0.5821431095720082,byfarm_fold4,4,peninsula,,,
0.4781102220913564,0.304669751356106,0.588857626632136,0.49949321886852105,0.551967708882618,0.3259472519559841,0.4675239942894802,random,42,peninsula,0.33759888181148306,0.19062349560857303,0.995
0.47858972659442484,0.2952814583757933,0.5549353110395603,0.4951621426325062,0.5819005684406008,0.3332187804116827,0.46794886299602945,random,1,peninsula,0.3281121829958412,0.18935796472239533,0.971
0.47561050397942695,0.30733124362912356,0.6350398996049941,0.46451453009932736,0.5539124940622351,0.3902957023345287,0.46546211078946553,random,2,peninsula,0.3157627118072291,0.1465633382164364,0.9816666666666668
0.4821622632427441,0.29915979727464814,0.6163691940830331,0.49702595857062787,0.5543415182448248,0.36368718187399535,0.4773612159448543,random,3,peninsula,0.3388458017188696,0.1770711950072536,0.9816666666666668
0.4747701740804727,0.3083854681987356,0.5883936618019323,0.4933003762889656,0.5727125815398184,0.3708825711140279,0.46859010683599644,random,4,peninsula,0.32526437845755163,0.14017140653544186,0.971
