mAP50,mAP50_95,precision,recall,AP50::Algal,model,fold,seed,burst,farm,n_images,AP50::Leaf_rot,AP50::Phomopsis,AP50::Psyllid,AP50::Psyllid_damage,AP50::leaf_hopper_damage
0.2528228180847098,0.10591538668735456,0.2802413144542696,0.3951612903225806,0.2528228180847098,byfarm_fold0_s1,byfarm_fold0,1,f0b021,0,7,,,,,
0.6432101551264922,0.41657732362161315,0.7461681836546379,0.6152815715526809,0.6432101551264922,byfarm_fold0_s1,byfarm_fold0,1,f0b023,0,5,,,,,
0.31826765188834155,0.22737011494252876,0.6362051691581249,0.21739130434782608,,byfarm_fold0_s1,byfarm_fold0,1,f0b033,0,7,0.31826765188834155,,,,
0.612752144981412,0.29909053237006206,0.6271669826445415,0.6508456613119312,,byfarm_fold0_s1,byfarm_fold0,1,f0b043,0,8,,0.612752144981412,,,
0.4185908531360656,0.23220631218681848,0.8871521556011712,0.358974358974359,,byfarm_fold0_s1,byfarm_fold0,1,f0b062,0,8,0.0,0.8371817062721312,,,
0.6686673793828075,0.4166079934067465,0.7461199214969607,0.6189176385690296,,byfarm_fold0_s1,byfarm_fold0,1,f0b063,0,5,,0.6686673793828075,,,
0.25894572729762405,0.12114439438548091,0.5098506335756952,0.275678372491849,0.0,byfarm_fold0_s1,byfarm_fold0,1,f0b064,0,9,0.13649872932634127,0.6403384525665308,,,
0.0,0.0,0.0,0.0,,byfarm_fold0_s1,byfarm_fold0,1,f0b106,0,6,,,,,
0.04945948879578621,0.016457906002961004,0.18803802702680256,0.055887842061475505,0.002738165060745706,byfarm_fold1_s1,byfarm_fold1,1,f2b002,2,24,,0.16192149455303834,0.032014844945070224,0.001163450624290579,
0.15424484851143805,0.07579028673866567,0.7525973286713702,0.194707051587175,0.24727727272727273,byfarm_fold1_s1,byfarm_fold1,1,f2b007,2,7,0.0029545454545454545,0.4670739111945639,0.02369047619047619,0.030228036990332073,
0.07627121863772683,0.03630644726623289,0.7093604226177891,0.061769005847953216,0.2824437814091421,byfarm_fold1_s1,byfarm_fold1,1,f2b013,2,12,0.0,0.017293267054808714,0.005347826086956522,,
0.014774244776962169,0.0038403245092503402,0.528739882197706,0.10714285714285714,0.055714285714285716,byfarm_fold1_s1,byfarm_fold1,1,f2b016,2,5,,0.002846979107848673,0.0005357142857142857,0.0,
0.25321489982605994,0.08744545122154274,0.41614470718784846,0.2999309710078233,,byfarm_fold1_s1,byfarm_fold1,1,f2b020,2,11,,0.3971645070989284,0.10926529255319148,,
0.16651481582346694,0.07192883020074294,0.5027466627745706,0.14120976702613275,0.14827093918825385,byfarm_fold1_s1,byfarm_fold1,1,f2b024,2,16,0.095,0.42987000312099566,0.25548961929821895,0.07045833333333335,0.0
0.09168299438871201,0.03494016070120034,0.642635334953931,0.10960884353741496,0.20780476248813304,byfarm_fold1_s1,byfarm_fold1,1,f2b026,2,26,0.04937378640776699,0.1460373614787483,0.05519906156891175,0.0,
0.11916450153623494,0.05806024712927549,0.6189614575176948,0.11460383159585648,0.12260717718599604,byfarm_fold1_s1,byfarm_fold1,1,f2b027,2,7,0.0975,0.27876563878129806,0.20778085991678225,0.008333333333333333,0.0
0.3267712762037256,0.2268560064641613,0.5718480373664363,0.4188034188034188,,byfarm_fold1_s1,byfarm_fold1,1,f2b031,2,5,0.0,0.23531382861117667,,,0.7450000000000001
0.5593330701509774,0.42308050628748345,0.9041762870533633,0.41949295942196546,0.633499210452932,byfarm_fold3_s1,byfarm_fold3,1,f3b005,3,6,0.995,,0.0495,,
0.8941742476783044,0.48795446103255713,0.8956110632910829,0.8304965956167659,0.8941742476783044,byfarm_fold3_s1,byfarm_fold3,1,f3b041,3,6,,,,,
0.7022526302408236,0.44688113454745526,0.9010935162998688,0.5864259774908145,0.7804291735251255,byfarm_fold3_s1,byfarm_fold3,1,f3b048,3,6,0.6240760869565217,,,,
0.0005498533724340175,5.498533724340175e-05,0.029411764705882353,0.007692307692307693,,byfarm_fold2_s1,byfarm_fold2,1,f5b000,5,8,,,0.0,0.001099706744868035,
0.05812192056309704,0.011333615006760788,0.05010130779149015,0.31,,byfarm_fold2_s1,byfarm_fold2,1,f5b001,5,5,,,0.10589743589743592,0.01034640522875817,
0.17397546978977604,0.06611721181548183,0.275012025012025,0.29444532237673826,,byfarm_fold2_s1,byfarm_fold2,1,f5b009,5,5,,,0.33236760624621875,0.015583333333333334,
0.24025519884953092,0.10763918554080738,0.9227637863828564,0.20833333333333334,,byfarm_fold2_s1,byfarm_fold2,1,f5b022,5,6,,0.6936227394057356,0.0,0.027142857142857142,
0.43850743674788817,0.1704338251334772,0.6231971878193896,0.42758620689655175,,byfarm_fold2_s1,byfarm_fold2,1,f5b023,5,6,,0.43850743674788817,,,
0.3215584230087565,0.11998692114218254,0.5333182030193084,0.3521739130434783,,byfarm_fold2_s1,byfarm_fold2,1,f5b025,5,7,,0.3215584230087565,,,
0.2346756756756757,0.19783172737955348,0.206103565476683,0.16666666666666666,,byfarm_fold2_s1,byfarm_fold2,1,f5b031,5,6,,,,,0.2346756756756757
0.33760819323224395,0.21752345831999578,0.6844140080337586,0.29888014527845036,0.7123600165774058,byfarm_fold2_s1,byfarm_fold2,1,f5b032,5,12,0.5894444444444444,0.043044978573792414,,,0.005583333333333334
0.18928571428571428,0.14657142857142857,0.06666666666666667,0.3333333333333333,,byfarm_fold2_s1,byfarm_fold2,1,f5b043,5,7,,,,,0.18928571428571428
0.31557142857142856,0.06497230576441103,0.39612120965077846,0.27534545158093415,,byfarm_fold2_s1,byfarm_fold2,1,f5b045,5,6,,,,,0.31557142857142856
0.6429791491452543,0.2557466097457357,0.679383380019214,0.6209150326797386,,byfarm_fold2_s1,byfarm_fold2,1,f5b046,5,6,,0.6429791491452543,,,
0.28920632648154176,0.14085558896011988,0.39736004053215535,0.36581359102432087,0.5054084016166591,byfarm_fold2_s1,byfarm_fold2,1,f5b049,5,6,,0.07300425134642446,,,
0.42286809228178424,0.21315373670530352,0.5980557696040466,0.39800510179251297,,byfarm_fold4_s1,byfarm_fold4,1,f6b009,6,7,,0.42286809228178424,,,
0.47811557788944725,0.37331715880882493,0.9931892585781161,0.47619047619047616,,byfarm_fold4_s1,byfarm_fold4,1,f6b018,6,6,,0.47811557788944725,,,
0.2582214284399691,0.11680566704968157,0.36597116760457743,0.25806451612903225,0.2582214284399691,byfarm_fold0_s2,byfarm_fold0,2,f0b021,0,7,,,,,
0.6615244786054001,0.4316816296381236,0.767467614833123,0.6140683494164338,0.6615244786054001,byfarm_fold0_s2,byfarm_fold0,2,f0b023,0,5,,,,,
0.2000769230769231,0.11908024475524477,0.3333333333333333,0.34782608695652173,,byfarm_fold0_s2,byfarm_fold0,2,f0b033,0,7,0.2000769230769231,,,,
0.6339982536010476,0.30104228187794446,0.6791088659324414,0.6785714285714286,,byfarm_fold0_s2,byfarm_fold0,2,f0b043,0,8,,0.6339982536010476,,,
0.38283301358310023,0.22519700622922173,0.34919084108771903,0.3364402425354882,,byfarm_fold0_s2,byfarm_fold0,2,f0b062,0,8,0.0,0.7656660271662005,,,
0.7417858919739355,0.44762239948895904,0.7145363646869735,0.7105263157894737,,byfarm_fold0_s2,byfarm_fold0,2,f0b063,0,5,,0.7417858919739355,,,
0.2441270468143785,0.11835502039181864,0.6158238181980105,0.2777777777777778,0.0,byfarm_fold0_s2,byfarm_fold0,2,f0b064,0,9,0.07316666666666667,0.6592144737764688,,,
0.0,0.0,0.0,0.0,,byfarm_fold0_s2,byfarm_fold0,2,f0b106,0,6,,,,,
0.045725450495418644,0.01529178962440184,0.13475706213806893,0.05831909248307962,0.0006866197183098592,byfarm_fold1_s2,byfarm_fold1,2,f2b002,2,24,,0.15905745120702225,0.02276506089927442,0.0003926701570680628,
0.1530820295983671,0.0702675533196268,0.5406384138602232,0.19867431044926845,0.31336890243902443,byfarm_fold1_s2,byfarm_fold1,2,f2b007,2,7,0.0,0.452041245552811,0.0,0.0,
0.054464797203925365,0.02588727536558072,0.3656863162461333,0.09247076023391813,0.19901425063471453,byfarm_fold1_s2,byfarm_fold1,2,f2b013,2,12,0.0,0.018324104847653587,0.0005208333333333333,,
0.004788114988558353,0.0014900331455363737,0.006930654824207263,0.11916940689319207,0.0059375,byfarm_fold1_s2,byfarm_fold1,2,f2b016,2,5,,0.013057065217391306,0.00015789473684210527,0.0,
0.27517226535570916,0.10628842154468446,0.4292504760563869,0.36648642429820527,,byfarm_fold1_s2,byfarm_fold1,2,f2b020,2,11,,0.26734773356625496,0.2829967971451634,,
0.10235620420628971,0.03740199676675927,0.126899266385452,0.13271078043724768,0.17831994053797318,byfarm_fold1_s2,byfarm_fold1,2,f2b024,2,16,0.008636363636363636,0.3348871076221858,0.0922938134412157,0.0,0.0
0.07620728130800418,0.02027187522786429,0.5743851226685514,0.09802154195011338,0.15016756109563256,byfarm_fold1_s2,byfarm_fold1,2,f2b026,2,26,0.011632653061224489,0.14427572084963725,0.07496047153352657,0.0,
0.13809628003488392,0.05631654176724017,0.4895689604022551,0.1048821548821549,0.11104508967405224,byfarm_fold1_s2,byfarm_fold1,2,f2b027,2,7,0.195,0.230880672871634,0.1392769176636172,0.028000000000000004,0.124375
0.31018888509106723,0.21299964410987762,0.6647719762064469,0.25854700854700857,,byfarm_fold1_s2,byfarm_fold1,2,f2b031,2,5,0.0,0.08556665527320169,,,0.845
0.6252677024728387,0.4249046570041349,0.624860223848302,0.6432834368067485,0.6333031074185159,byfarm_fold3_s2,byfarm_fold3,2,f3b005,3,6,0.995,,0.2475,,
0.8865101151941235,0.4967559769276894,0.86512742888812,0.8279101865537452,0.8865101151941235,byfarm_fold3_s2,byfarm_fold3,2,f3b041,3,6,,,,,
0.6187825630252101,0.41149490983893555,0.7771041706172377,0.5223492274997121,0.8075651260504202,byfarm_fold3_s2,byfarm_fold3,2,f3b048,3,6,0.43,,,,
0.005345389903463121,0.0011350192787189669,0.016261781494756405,0.19038461538461537,,byfarm_fold2_s2,byfarm_fold2,2,f5b000,5,8,,,0.002076271186440678,0.008614508620485564,
0.04550560291671769,0.020872662799897763,0.06095608123204457,0.22833333333333333,,byfarm_fold2_s2,byfarm_fold2,2,f5b001,5,5,,,0.08310686042929033,0.007904345404145044,
0.2754974694202604,0.09667526891472873,0.3633734328557846,0.3475031605562579,,byfarm_fold2_s2,byfarm_fold2,2,f5b009,5,5,,,0.39791610772062713,0.1530788311198936,
0.22061637026304082,0.08769428590341549,0.621287844984194,0.2117063492063492,,byfarm_fold2_s2,byfarm_fold2,2,f5b022,5,6,,0.6464873068082708,0.0,0.015361803980851598,
0.4669870765049183,0.14635410385570005,0.6010097839790263,0.503448275862069,,byfarm_fold2_s2,byfarm_fold2,2,f5b023,5,6,,0.4669870765049183,,,
0.3294507292497839,0.10050589225019495,0.49814114184046776,0.3323095191442745,,byfarm_fold2_s2,byfarm_fold2,2,f5b025,5,7,,0.3294507292497839,,,
0.0732875,0.021684730576441102,0.05952380952380952,0.8333333333333334,,byfarm_fold2_s2,byfarm_fold2,2,f5b031,5,6,,,,,0.0732875
0.2703487510576196,0.16593644610069533,0.5278709158490422,0.3707326682284793,0.7302668751082216,byfarm_fold2_s2,byfarm_fold2,2,f5b032,5,12,0.30280303030303035,0.048325098819226336,,,0.0
0.6573992673992676,0.28859070512820517,1.0,0.46415377102903477,,byfarm_fold2_s2,byfarm_fold2,2,f5b043,5,7,,,,,0.6573992673992676
0.03579545454545455,0.006625000000000001,0.12429547311359346,0.16666666666666666,,byfarm_fold2_s2,byfarm_fold2,2,f5b045,5,6,,,,,0.03579545454545455
0.6897844355349378,0.27901715954533984,0.6890950482392108,0.6601307189542484,,byfarm_fold2_s2,byfarm_fold2,2,f5b046,5,6,,0.6897844355349378,,,
0.27797954802435343,0.14649975721263309,0.28862369215453126,0.313749355736541,0.46935176436824266,byfarm_fold2_s2,byfarm_fold2,2,f5b049,5,6,,0.08660733168046415,,,
0.4382991822646978,0.23247165247076942,0.6358547621998267,0.4156378600823045,,byfarm_fold4_s2,byfarm_fold4,2,f6b009,6,7,,0.4382991822646978,,,
0.4784254143646409,0.38677924979905814,0.9969136827138093,0.47619047619047616,,byfarm_fold4_s2,byfarm_fold4,2,f6b018,6,6,,0.4784254143646409,,,
0.30007990531427414,0.12093573553840856,0.4277605807346584,0.3387096774193548,0.30007990531427414,byfarm_fold0_s3,byfarm_fold0,3,f0b021,0,7,,,,,
0.6092590686217011,0.3810479914457957,0.6561942542961163,0.6627906976744186,0.6092590686217011,byfarm_fold0_s3,byfarm_fold0,3,f0b023,0,5,,,,,
0.47843980444842515,0.3203698761009106,0.8245699835329596,0.40963560492066653,,byfarm_fold0_s3,byfarm_fold0,3,f0b033,0,7,0.47843980444842515,,,,
0.6862244343908683,0.307009623503763,0.7473456362918439,0.5986489076539663,,byfarm_fold0_s3,byfarm_fold0,3,f0b043,0,8,,0.6862244343908683,,,
0.3967441789020788,0.22620940866893258,0.41798096838688986,0.3333333333333333,,byfarm_fold0_s3,byfarm_fold0,3,f0b062,0,8,0.0011643772893772894,0.7923239805147804,,,
0.6320050773345776,0.42967956998773016,0.9334911264252115,0.47368421052631576,,byfarm_fold0_s3,byfarm_fold0,3,f0b063,0,5,,0.6320050773345776,,,
0.2319164757037472,0.1062476382934956,0.8754369775370116,0.21944444444444444,0.0,byfarm_fold0_s3,byfarm_fold0,3,f0b064,0,9,0.00798035298035298,0.6877690741308887,,,
0.0,0.0,0.0,0.0,,byfarm_fold0_s3,byfarm_fold0,3,f0b106,0,6,,,,,
0.04901394653350292,0.016502410376473785,0.1960471950438276,0.08359768990959862,0.003691133344833534,byfarm_fold1_s3,byfarm_fold1,3,f2b002,2,24,,0.15798604491933577,0.0317559421224072,0.0026226657474351578,
0.15483059757198533,0.06385629617198643,0.6210963740129448,0.17353372434017594,0.2085625,byfarm_fold1_s3,byfarm_fold1,3,f2b007,2,7,0.034999999999999996,0.4523453787260933,0.0,0.07824510913383348,
0.08153799480497916,0.03643360586983901,0.1624096328960919,0.09998095732605938,0.3089530881446586,byfarm_fold1_s3,byfarm_fold1,3,f2b013,2,12,0.0,0.012198891075258005,0.005,,
0.016074044099460214,0.0030318577792299503,0.2906069027368583,0.10983617271919958,0.047977941176470584,byfarm_fold1_s3,byfarm_fold1,3,f2b016,2,5,,0.014875,0.0014432352213702697,0.0,
0.2819829531484609,0.10309252813938571,0.3955899775970103,0.32576588368943976,,byfarm_fold1_s3,byfarm_fold1,3,f2b020,2,11,,0.3986590492843248,0.16530685701259695,,
0.12833959583480026,0.048775658129263016,0.36395169652064513,0.11017619097601015,0.16132141817537354,byfarm_fold1_s3,byfarm_fold1,3,f2b024,2,16,0.03166666666666666,0.45880143197113565,0.02860112416535794,0.08964693403026769,0.0
0.1433550435136266,0.08157710150574982,0.23868781473767023,0.19705782312925169,0.15069785841768552,byfarm_fold1_s3,byfarm_fold1,3,f2b026,2,26,0.4464285714285714,0.11705770041119481,0.002257753977348019,0.0003333333333333333,
0.14222674285182954,0.06450087561906843,0.4461537486826592,0.10436022667435106,0.16597023046164405,byfarm_fold1_s3,byfarm_fold1,3,f2b027,2,7,0.2616666666666667,0.25788846826834044,0.10504388292311723,0.01541025641025641,0.04738095238095238
0.3863282052009764,0.19946683847516058,0.3843288259306588,0.41129320302881095,,byfarm_fold1_s3,byfarm_fold1,3,f2b031,2,5,0.0,0.3098179489362624,,,0.8491666666666666
0.5758912237863851,0.41011441796402354,0.652689980165423,0.4986622255364517,0.6914236713591553,byfarm_fold3_s3,byfarm_fold3,3,f3b005,3,6,0.995,,0.04125,,
0.9076270903010033,0.4852789950991038,0.8275079200929037,0.9286797038201907,0.9076270903010033,byfarm_fold3_s3,byfarm_fold3,3,f3b041,3,6,,,,,
0.40057373339798247,0.2602216694194447,0.9462573431868906,0.34375,0.7982164323132063,byfarm_fold3_s3,byfarm_fold3,3,f3b048,3,6,0.0029310344827586207,,,,
0.003927796934865901,0.000817168582375479,0.024550928375280275,0.14807692307692308,,byfarm_fold2_s3,byfarm_fold2,3,f5b000,5,8,,,0.00196,0.0058955938697318015,
0.053513586956521746,0.01591641139657444,0.6267072250756625,0.125,,byfarm_fold2_s3,byfarm_fold2,3,f5b001,5,5,,,0.10515217391304349,0.001875,
0.25336431806811605,0.08870592589451873,0.7546862916407922,0.18077320585389345,,byfarm_fold2_s3,byfarm_fold2,3,f5b009,5,5,,,0.3886060096790618,0.11812262645717028,
0.22035858245539855,0.09882464605574114,0.9589155716776214,0.17785296788701177,,byfarm_fold2_s3,byfarm_fold2,3,f5b022,5,6,,0.632909080699529,0.0,0.028166666666666666,
0.4159480398036283,0.15110200840009352,0.6554966994306523,0.41992020696738386,,byfarm_fold2_s3,byfarm_fold2,3,f5b023,5,6,,0.4159480398036283,,,
0.26678980497258303,0.09501546821974285,0.4639263669765849,0.30101925553949305,,byfarm_fold2_s3,byfarm_fold2,3,f5b025,5,7,,0.26678980497258303,,,
0.023631276467029644,0.0062321536600120995,0.02608695652173913,0.5,,byfarm_fold2_s3,byfarm_fold2,3,f5b031,5,6,,,,,0.023631276467029644
0.3700975917121214,0.19480798472991773,0.6339804738290598,0.3209745762711864,0.7429251101338068,byfarm_fold2_s3,byfarm_fold2,3,f5b032,5,12,0.6672222222222223,0.020493034492456628,,,0.04975
0.35193548387096774,0.17029953917050691,0.4544307831012451,0.4240513051687417,,byfarm_fold2_s3,byfarm_fold2,3,f5b043,5,7,,,,,0.35193548387096774
0.3887321285376205,0.16571584627971375,0.5348042517360936,0.4166666666666667,,byfarm_fold2_s3,byfarm_fold2,3,f5b045,5,6,,,,,0.3887321285376205
0.6744813748683254,0.25380270514922976,0.6514896383286798,0.6719966688510078,,byfarm_fold2_s3,byfarm_fold2,3,f5b046,5,6,,0.6744813748683254,,,
0.2770682206594732,0.1349876162946581,0.3067920365644322,0.2777777777777778,0.4508655470918348,byfarm_fold2_s3,byfarm_fold2,3,f5b049,5,6,,0.10327089422711155,,,
0.4625225096306034,0.24426393512616382,0.5541246362177062,0.49382716049382713,,byfarm_fold4_s3,byfarm_fold4,3,f6b009,6,7,,0.4625225096306034,,,
0.4803448275862069,0.38925380605045923,0.9955888523829715,0.47619047619047616,,byfarm_fold4_s3,byfarm_fold4,3,f6b018,6,6,,0.4803448275862069,,,
0.24276639198395716,0.11531060469309987,0.32926938932093236,0.3387096774193548,0.24276639198395716,byfarm_fold0_s4,byfarm_fold0,4,f0b021,0,7,,,,,
0.5700457681412128,0.3674765820614693,0.630294666269363,0.5947353385120577,0.5700457681412128,byfarm_fold0_s4,byfarm_fold0,4,f0b023,0,5,,,,,
0.29905500381970973,0.20744064171122994,0.5843561025541161,0.24556575249859186,,byfarm_fold0_s4,byfarm_fold0,4,f0b033,0,7,0.29905500381970973,,,,
0.7229128324338023,0.3577614692941521,0.7779840034700376,0.6428571428571429,,byfarm_fold0_s4,byfarm_fold0,4,f0b043,0,8,,0.7229128324338023,,,
0.4197957659462474,0.23009653886349848,0.9582207613779616,0.3247863247863248,,byfarm_fold0_s4,byfarm_fold0,4,f0b062,0,8,0.0,0.8395915318924948,,,
0.7124583750198251,0.42185365131626706,0.954251496653081,0.5490576698348261,,byfarm_fold0_s4,byfarm_fold0,4,f0b063,0,5,,0.7124583750198251,,,
0.25889997144868965,0.1332192090056524,0.6408196681993173,0.24305555555555555,0.0,byfarm_fold0_s4,byfarm_fold0,4,f0b064,0,9,0.11501954887218044,0.6616803654738885,,,
0.0,0.0,0.0,0.0,,byfarm_fold0_s4,byfarm_fold0,4,f0b106,0,6,,,,,
0.05914225127137706,0.02035213634220197,0.12966028446707492,0.06983450632968317,0.008026315789473683,byfarm_fold1_s4,byfarm_fold1,4,f2b002,2,24,,0.19804606974578295,0.02940386901720254,0.0010927505330490404,
0.15583798774320667,0.06604983786153852,0.5257823506656049,0.20175953079178885,0.2311688311688312,byfarm_fold1_s4,byfarm_fold1,4,f2b007,2,7,0.0,0.48331596002680033,0.016864406779661018,0.04784074074074074,
0.0814886585756722,0.03001387982825595,0.19220424877990894,0.10199433338937602,0.29404049871106097,byfarm_fold1_s4,byfarm_fold1,4,f2b013,2,12,0.0,0.025170308431133968,0.006743827160493827,,
0.025831456451619956,0.007859689182783588,0.06474716499486662,0.0861344537815126,0.0685493868393108,byfarm_fold1_s4,byfarm_fold1,4,f2b016,2,5,,0.03449866118939124,0.0002777777777777778,0.0,
0.24254270180743795,0.06992593555174441,0.4304135060947065,0.3402369635676442,,byfarm_fold1_s4,byfarm_fold1,4,f2b020,2,11,,0.3441265151195183,0.1409588884953576,,
0.11653996349157077,0.045080305656543036,0.4878156753937907,0.14055331131781382,0.17463652197856677,byfarm_fold1_s4,byfarm_fold1,4,f2b024,2,16,0.005277777777777777,0.4105542751796545,0.09446442678052919,0.014306779232896315,0.0
0.07785310003500376,0.023992035128444753,0.550061077448426,0.12368480725623583,0.1921184377613152,byfarm_fold1_s4,byfarm_fold1,4,f2b026,2,26,0.009062500000000001,0.15107463437367247,0.0350099280400311,0.002,
0.09256485878597097,0.04212023374287126,0.6851407668856154,0.1077524884981975,0.16035820730221625,byfarm_fold1_s4,byfarm_fold1,4,f2b027,2,7,0.021666666666666667,0.2575896616941803,0.11473295038609584,0.0010416666666666667,0.0
0.3665741702838794,0.2143392723862829,0.6668631100082747,0.4615384615384615,,byfarm_fold1_s4,byfarm_fold1,4,f2b031,2,5,0.0,0.15472251085163835,,,0.945
0.4507990502598345,0.2271605188927616,0.49625366503279916,0.47146645552203115,0.5728601137424667,byfarm_fold3_s4,byfarm_fold3,4,f3b005,3,6,0.5320370370370369,,0.2475,,
0.7198051771351361,0.3221624945747654,0.6692300640542735,0.7181118236624485,0.7198051771351361,byfarm_fold3_s4,byfarm_fold3,4,f3b041,3,6,,,,,
0.5061197446009731,0.3190383290951714,0.577962589798529,0.44791666666666663,0.6277769391733585,byfarm_fold3_s4,byfarm_fold3,4,f3b048,3,6,0.38446255002858776,,,,
0.006301775221653519,0.0008787614001609945,0.018678754008827358,0.2692307692307692,,byfarm_fold2_s4,byfarm_fold2,4,f5b000,5,8,,,0.009562798092209859,0.003040752351097179,
0.02987442434600959,0.010411713787209799,0.5542889986873757,0.16666666666666666,,byfarm_fold2_s4,byfarm_fold2,4,f5b001,5,5,,,0.05666061339790153,0.003088235294117647,
0.30105761564557354,0.10666491805691751,0.8164561742925862,0.23862243215698878,,byfarm_fold2_s4,byfarm_fold2,4,f5b009,5,5,,,0.5308998727229943,0.0712153585681527,
0.24652522327924506,0.12455854933433073,0.26854534979897504,0.22452647770294965,,byfarm_fold2_s4,byfarm_fold2,4,f5b022,5,6,,0.7346300980838074,0.0,0.004945571753927712,
0.5283325964436816,0.18892862675947214,0.6563770814730812,0.45517241379310347,,byfarm_fold2_s4,byfarm_fold2,4,f5b023,5,6,,0.5283325964436816,,,
0.3487805372231515,0.12699963680457121,0.524291338088274,0.34782608695652173,,byfarm_fold2_s4,byfarm_fold2,4,f5b025,5,7,,0.3487805372231515,,,
0.0,0.0,0.0,0.0,,byfarm_fold2_s4,byfarm_fold2,4,f5b031,5,6,,,,,0.0
0.35471630435334617,0.23464766773713358,0.770916546747277,0.33035714285714285,0.7541925283136482,byfarm_fold2_s4,byfarm_fold2,4,f5b032,5,12,0.6210080645161292,0.04366462458360712,,,0.0
0.19115384615384617,0.04084615384615385,0.4653708061650416,0.16666666666666666,,byfarm_fold2_s4,byfarm_fold2,4,f5b043,5,7,,,,,0.19115384615384617
0.22809999999999997,0.09391800731775964,0.2857142857142857,0.6666666666666666,,byfarm_fold2_s4,byfarm_fold2,4,f5b045,5,6,,,,,0.22809999999999997
0.6468878812064112,0.25027860461602114,0.6215752869374267,0.6535947712418301,,byfarm_fold2_s4,byfarm_fold2,4,f5b046,5,6,,0.6468878812064112,,,
0.2671873106312904,0.14289431630760258,0.7440708370138401,0.3333333333333333,0.46524786313466915,byfarm_fold2_s4,byfarm_fold2,4,f5b049,5,6,,0.06912675812791164,,,
0.4489029843312709,0.23661815164197536,0.5221104469843053,0.46502057613168724,,byfarm_fold4_s4,byfarm_fold4,4,f6b009,6,7,,0.4489029843312709,,,
0.4820063198833252,0.3739164014187944,0.9962540695722584,0.47619047619047616,,byfarm_fold4_s4,byfarm_fold4,4,f6b018,6,6,,0.4820063198833252,,,
0.2860376045115831,0.11446141666707332,0.3579878838699064,0.4112903225806452,0.2860376045115831,byfarm_fold0_s42,byfarm_fold0,42,f0b021,0,7,,,,,
0.6775454389131175,0.4212352593187535,0.7238432836334936,0.6744186046511628,0.6775454389131175,byfarm_fold0_s42,byfarm_fold0,42,f0b023,0,5,,,,,
0.23653448275862068,0.11841360742705573,0.5489166010077833,0.2121956007886999,,byfarm_fold0_s42,byfarm_fold0,42,f0b033,0,7,0.23653448275862068,,,,
0.6903272622192662,0.32770608235836307,0.6447352185187484,0.7083333333333334,,byfarm_fold0_s42,byfarm_fold0,42,f0b043,0,8,,0.6903272622192662,,,
0.3966379760058757,0.21437656510199954,0.8927159356778819,0.3333333333333333,,byfarm_fold0_s42,byfarm_fold0,42,f0b062,0,8,0.0,0.7932759520117514,,,
0.7412343779751078,0.4289213989286907,0.8396202009239064,0.6052631578947368,,byfarm_fold0_s42,byfarm_fold0,42,f0b063,0,5,,0.7412343779751078,,,
0.21852123048565483,0.1046742939155919,0.8876725201466006,0.19166666666666665,0.0,byfarm_fold0_s42,byfarm_fold0,42,f0b064,0,9,0.01949596774193548,0.636067723715029,,,
0.0,0.0,0.0,0.0,,byfarm_fold0_s42,byfarm_fold0,42,f0b106,0,6,,,,,
0.05439709539626583,0.018302981283503602,0.48830394448572795,0.055800771726319025,0.025,byfarm_fold1_s42,byfarm_fold1,42,f2b002,2,24,,0.15604238067670828,0.03631466222852778,0.0002313386798272671,
0.1580955178418581,0.05752465993159115,0.5639927600834735,0.19530791788856305,0.1908076923076923,byfarm_fold1_s42,byfarm_fold1,42,f2b007,2,7,0.0,0.5114022508744476,0.008652173913043477,0.07961547211410713,
0.07035526249951644,0.028879828888551416,0.10360469341558592,0.08187134502923976,0.2767339861181479,byfarm_fold1_s42,byfarm_fold1,42,f2b013,2,12,0.0,0.0012346829275369474,0.0034523809523809524,,
0.016141549756625965,0.004256261962409187,0.29459550138196566,0.11449579831932773,0.031121751025991795,byfarm_fold1_s42,byfarm_fold1,42,f2b016,2,5,,0.032867892976588625,0.000576555023923445,0.0,
0.3062808181815165,0.12815463827140552,0.4639109653556164,0.35463644730786936,,byfarm_fold1_s42,byfarm_fold1,42,f2b020,2,11,,0.385761489389424,0.22680014697360898,,
0.21623512274727907,0.10340430138467788,0.6505488377057936,0.2250167395754087,0.14134384539391848,byfarm_fold1_s42,byfarm_fold1,42,f2b024,2,16,0.0,0.4704755659635717,0.6364550403157214,0.049136284810462935,0.0
0.08067079180814943,0.025874929628595993,0.34414888298310864,0.11451245038378524,0.18608600764864736,byfarm_fold1_s42,byfarm_fold1,42,f2b026,2,26,0.008978873239436618,0.16122553231337275,0.03415665593831862,0.012906889900971804,
0.1381951025869744,0.06435208862712606,0.5995320312642882,0.11770482603815939,0.14068855080709522,byfarm_fold1_s42,byfarm_fold1,42,f2b027,2,7,0.046470588235294125,0.3149446816934294,0.29809703647416413,0.0027855477855477854,0.02618421052631579
0.37841468525784555,0.2474948395863807,0.9241446814301989,0.3333333333333333,,byfarm_fold1_s42,byfarm_fold1,42,f2b031,2,5,0.0,0.24024405577353658,,,0.895
0.4577924671862365,0.24104873785423425,0.39190522814244066,0.5271317829457365,0.6300440682253763,byfarm_fold3_s42,byfarm_fold3,42,f3b005,3,6,0.2483333333333333,,0.495,,
0.911354567845947,0.5643398494800219,0.8288028186653044,0.8709677419354839,0.911354567845947,byfarm_fold3_s42,byfarm_fold3,42,f3b041,3,6,,,,,
0.5735207798151594,0.3648727531974334,0.6422488824517525,0.6041666666666666,0.853388888888889,byfarm_fold3_s42,byfarm_fold3,42,f3b048,3,6,0.29365267074142976,,,,
0.004136025587684626,0.0005187407700994657,0.013412262640128118,0.2653846153846154,,byfarm_fold2_s42,byfarm_fold2,42,f5b000,5,8,,,0.006513157894736841,0.001758893280632411,
0.04004085635891018,0.012928333597534055,0.09105259300384269,0.148958256986772,,byfarm_fold2_s42,byfarm_fold2,42,f5b001,5,5,,,0.07933510638297873,0.000746606334841629,
0.24776635856919998,0.09047109775717499,0.29346445273066113,0.2719263590391909,,byfarm_fold2_s42,byfarm_fold2,42,f5b009,5,5,,,0.38681292289788727,0.10871979424051272,
0.2258851680036781,0.10351742250791414,0.9514112840377953,0.19535132332122743,,byfarm_fold2_s42,byfarm_fold2,42,f5b022,5,6,,0.6740305040110344,0.0,0.0036250000000000006,
0.4844482375534269,0.17067428071099655,0.7533174159630674,0.4212187161471358,,byfarm_fold2_s42,byfarm_fold2,42,f5b023,5,6,,0.4844482375534269,,,
0.2938823639426893,0.08932897651100939,0.45872901558063583,0.34268993951648724,,byfarm_fold2_s42,byfarm_fold2,42,f5b025,5,7,,0.2938823639426893,,,
0.18367818019226467,0.05318585960205678,0.46516474462958013,0.16666666666666666,,byfarm_fold2_s42,byfarm_fold2,42,f5b031,5,6,,,,,0.18367818019226467
0.24155984761021382,0.1430638799195219,0.31282938464728066,0.2597409364664055,0.7101501905622233,byfarm_fold2_s42,byfarm_fold2,42,f5b032,5,12,0.23600459370261356,0.014930760022172331,,,0.005153846153846155
0.8066666666666668,0.45866666666666667,0.972106077301937,0.6666666666666666,,byfarm_fold2_s42,byfarm_fold2,42,f5b043,5,7,,,,,0.8066666666666668
0.24708333333333332,0.07392129629629629,0.2413793103448276,0.5833333333333334,,byfarm_fold2_s42,byfarm_fold2,42,f5b045,5,6,,,,,0.24708333333333332
0.6844317774649298,0.276913463469726,0.6375312992644694,0.738562091503268,,byfarm_fold2_s42,byfarm_fold2,42,f5b046,5,6,,0.6844317774649298,,,
0.3047623876502889,0.13557442031422978,0.36961907387732196,0.40444905174627943,0.4584187428767059,byfarm_fold2_s42,byfarm_fold2,42,f5b049,5,6,,0.1511060324238719,,,
0.4554427166609531,0.23891159993573483,0.6205949417273479,0.448559670781893,,byfarm_fold4_s42,byfarm_fold4,42,f6b009,6,7,,0.4554427166609531,,,
0.48453351698806246,0.3815700950381449,0.9974953692263365,0.47619047619047616,,byfarm_fold4_s42,byfarm_fold4,42,f6b018,6,6,,0.48453351698806246,,,
