mAP50,mAP50_95,precision,recall,AP50::Algal,AP50::Leaf_rot,AP50::Phomopsis,AP50::Psyllid,AP50::Psyllid_damage,AP50::leaf_hopper_damage,model,group,n_images
0.2548310265919063,0.14746643060419481,0.44196193214276835,0.2458508315999575,0.6063034410677652,0.5261146849071756,0.18246499744543654,0.09149093035430769,0.052419980539561026,0.07019212523719166,random_s1,o1t1,78
0.3286067327665483,0.16972029998539034,0.41738085093339905,0.2963608728808165,0.6632042013759823,0.5126869669015424,0.4244514551709565,0.024801410305424574,0.017889630078835657,,random_s1,o1t10,20
0.062066966760969206,0.02379676863187192,0.5057971607808831,0.07333333333333333,0.14674651745643177,,0.0,0.03945438282647584,,,random_s1,o1t11,3
0.21192617372052505,0.10249074963787495,0.38195302696256483,0.17303396710513716,0.6861064700294043,0.1119658709106985,0.1712297184161353,0.03151401799933336,0.031211050437664388,0.2395299145299145,random_s1,o1t2,41
0.3017345167841649,0.21850515570584603,0.5414241205428315,0.2794286027785098,,0.5188139896434114,0.2753110836279881,,0.11107847708109514,,random_s1,o1t3,21
0.24147921052398763,0.14829398223960505,0.5853292695792178,0.2405064768351033,,0.48841993514876203,0.3784729896879771,0.09902391725921136,0.0,,random_s1,o1t4,23
0.3259845496182178,0.20407823520577698,0.43451569583411065,0.3157165363519664,,0.4810452991821588,0.6616819763800137,0.0275,0.13371092291069875,,random_s1,o1t5,16
0.3572152865487058,0.2246246874380808,0.8293570680291579,0.31817654795359324,0.7174900932400933,0.4519615330321852,0.3670078251598606,0.2044631351575441,0.04515384615384615,,random_s1,o1t6,18
0.22351948755550383,0.13673624555067737,0.723632559721423,0.2516453340792678,0.2553268551236749,0.3131462148561226,0.32440389985006085,0.001200980392156863,,,random_s1,o1t7,21
0.2909560783705843,0.1592871059676187,0.5516140577061343,0.2552667445679778,0.6807081362713143,0.2847645590376779,0.36767776821289566,0.12089463421338661,0.0007352941176470588,,random_s1,o1t8,12
0.32772993084422614,0.19163276946995023,0.4896820407350316,0.32980324430203967,0.5457951311497493,0.26525,0.21986363636363637,0.2800109558635189,,,random_s1,o1t9,8
0.3070803326883173,0.182240035460952,0.48474896799816397,0.3193531305600271,0.7464323467230445,0.3253739837398374,0.1485983336237206,0.007916666666666666,,,random_s1,o2t1,15
0.5792592592592593,0.31629708994708994,0.6464646011108081,0.4260982009652499,0.875,0.715,0.14777777777777779,,,,random_s1,o2t2,5
0.2847332857915006,0.1636619946514949,0.45098518653137226,0.28447300766883893,0.6300658426513842,0.5434159038735817,0.21166638537682525,0.11510922576014561,0.13625947420418383,0.07188288288288289,random_s2,o1t1,78
0.3393445807518349,0.18571452429449908,0.3727278292819672,0.3070062060350698,0.7144254056019623,0.5795442289525781,0.398959833826283,0.0014685897435897436,0.0023248456347613315,,random_s2,o1t10,20
0.08886751660588603,0.031040929644594126,0.4813357497372577,0.20000000000000004,0.17658285652762395,,0.0,0.09001969329003413,,,random_s2,o1t11,3
0.24535999161614397,0.13955521936126183,0.2675735064398553,0.29402904515794437,0.6485268006113671,0.07319013004994313,0.4918009828929454,0.055748893045686095,0.06789314309692177,0.135,random_s2,o1t2,41
0.38393230882004686,0.25481734961026636,0.636563296001463,0.3278930917315741,,0.6004627179421269,0.2717900044248931,,0.27954420409312053,,random_s2,o1t3,21
0.24588055905158404,0.17000058383784739,0.7457796089946582,0.22789726264114674,,0.5993601902107405,0.34432424596285804,0.03983780003273761,0.0,,random_s2,o1t4,23
0.3711591955850216,0.249904541830191,0.4987210558301922,0.31307065363541864,,0.6254525016330643,0.6775482493842333,0.0014102564102564104,0.18022577491253217,,random_s2,o1t5,16
0.3660299601779173,0.22166895850946453,0.7136118464495654,0.312014652014652,0.6815652680652682,0.5043602245862884,0.40600687098114596,0.167368967109635,0.07084847014724892,,random_s2,o1t6,18
0.2710051300795205,0.16279208835640932,0.7745638871992675,0.25658600776936613,0.500794949464952,0.29362921020757093,0.28875443624693353,0.0008419243986254295,,,random_s2,o1t7,21
0.2898161028555855,0.15468259187321334,0.5309110002137177,0.21873071342235995,0.7245774882666315,0.4018355094898371,0.16864366881342815,0.15117574644220802,0.0028481012658227852,,random_s2,o1t8,12
0.3067386990482049,0.18042708683363734,0.47512277776542444,0.27270181022288964,0.48455835969307787,0.3435,0.014964157706093193,0.3839322787936484,,,random_s2,o1t9,8
0.2685539249374838,0.168680396104137,0.4094764314066249,0.2591989324747946,0.45240576496674056,0.4336657764278732,0.17626915835532134,0.011875,,,random_s2,o2t1,15
0.6613235294117646,0.30261192810457516,0.6951829580774872,0.5068104703942697,0.8839705882352942,0.6916666666666667,0.4083333333333333,,,,random_s2,o2t2,5
0.2652118917899003,0.16258933399483524,0.4608794019598286,0.27246135727178233,0.6493772376769915,0.40118254888191546,0.23253873193280528,0.09525287631225864,0.052262061198589005,0.1606578947368421,random_s3,o1t1,78
0.29480298844589375,0.1610563141390287,0.37292620562598355,0.2582931969749078,0.6798278712104948,0.3960897193896382,0.39193535639065524,0.001681475758161097,0.004480519480519481,,random_s3,o1t10,20
0.058830862294290714,0.020541230503450313,0.4579188219671773,0.10666666666666667,0.11421389835828198,,0.0,0.062278688524590155,,,random_s3,o1t11,3
0.20194511638660695,0.11539276044965027,0.33727482993508345,0.2043821654798175,0.6630567171462678,0.057571839080459764,0.3334008215535207,0.028244661386553405,0.019813325819506594,0.10958333333333332,random_s3,o1t2,41
0.36957614856382937,0.2650547033963056,0.656652767084743,0.2988693118756937,,0.5925824307192334,0.3151489762132084,,0.20099703875904631,,random_s3,o1t3,21
0.24197447097091856,0.17342366287786573,0.7729340564594057,0.22185562292123265,,0.5351998175682846,0.39319243200059495,0.035458015267175576,0.004047619047619047,,random_s3,o1t4,23
0.38904644815675826,0.27928477451099215,0.466715269916303,0.3397712685260824,,0.6998657084785134,0.7353613701659891,0.00019366197183098594,0.12076505201069952,,random_s3,o1t5,16
0.35476814135391316,0.21979781160106895,0.408566232438844,0.4347726390930481,0.7241618819776716,0.38852710980775496,0.4505639140398854,0.19271175272622448,0.01787604821802935,,random_s3,o1t6,18
0.2841010421032778,0.16917133444097246,0.7244551497333643,0.2869385744129035,0.38618063528511287,0.33185043458416047,0.40968888801752207,0.008684210526315789,,,random_s3,o1t7,21
0.2984096644366295,0.15352490757135862,0.30867272313111577,0.31089431030639997,0.685384685835177,0.491026657127236,0.19718026291826632,0.10142772826541534,0.017028988037052554,,random_s3,o1t8,12
0.27512110243817356,0.1564836291849771,0.4687883698335625,0.27613288657869306,0.4719661905305207,0.243125,0.10281787802840434,0.2825753411937691,,,random_s3,o1t9,8
0.3272705293624929,0.1952788925367261,0.480744992349447,0.3692954963376004,0.5646940559440561,0.46951793054521695,0.26808441667498417,0.0067857142857142855,,,random_s3,o2t1,15
0.5564090909090909,0.3404160173160173,0.5927579585309339,0.4968456540215656,0.939,0.715,0.015227272727272728,,,,random_s3,o2t2,5
0.27822001417102754,0.16968463073982337,0.5000597947413318,0.2546598744354076,0.6237147432564571,0.5189007554781235,0.19821772118892556,0.0679400087177233,0.05073204157012098,0.20981481481481482,random_s4,o1t1,78
0.2912998007220208,0.16097618969298125,0.3927732999859764,0.2619536019536019,0.6401736907079771,0.39560248085248084,0.4026209511719027,0.009818181818181818,0.008283699059561129,,random_s4,o1t10,20
0.06034611513740041,0.017042060647976653,0.48526070660524395,0.14,0.13089218796888236,,0.0,0.050146157443318885,,,random_s4,o1t11,3
0.1875100881463907,0.09809012065065224,0.5295754306071121,0.17573212881201605,0.6769164623608289,0.07002619414483821,0.1757132567344007,0.019590240235276755,0.03781437540299969,0.14500000000000002,random_s4,o1t2,41
0.3423097058194231,0.25113739545787056,0.6252654302563451,0.2656876003123869,,0.5807597599971888,0.2689374675920616,,0.17723188986901897,,random_s4,o1t3,21
0.22324312379355446,0.15484030847795008,0.8601229443632746,0.18981840267678382,,0.5059712912395171,0.3867810781485373,0.00022012578616352203,0.0,,random_s4,o1t4,23
0.3345925302981387,0.23317552240669676,0.5260787767975181,0.28555918740323766,,0.5964265436318068,0.6182567107803488,0.0,0.12368686678039897,,random_s4,o1t5,16
0.30578294843583576,0.18753254304374067,0.478803867106201,0.2748862842208034,0.5676936138796604,0.4267189969917631,0.3520260803554084,0.07050126103638034,0.11197478991596639,,random_s4,o1t6,18
0.24420777234315824,0.15798424339808573,0.7048386007431989,0.28626564772019014,0.3081666666666667,0.33449190484459845,0.3319850178613678,0.0021874999999999998,,,random_s4,o1t7,21
0.27285343209079527,0.15452783833027373,0.6116395998866195,0.21723247967426543,0.7015592324388877,0.28019578666947087,0.26062474046809614,0.12188740087752174,0.0,,random_s4,o1t8,12
0.21146535302570507,0.11908599527644044,0.38727118757765827,0.2225848345310018,0.45234691977109764,0.095,0.06048863636363636,0.2380258559680864,,,random_s4,o1t9,8
0.3051072948329287,0.17449732361339432,0.44791099627198616,0.33742717619214657,0.6503770053475935,0.350162925962926,0.21782403062989103,0.0020652173913043477,,,random_s4,o2t1,15
0.46641304347826096,0.25622167325428197,0.683135524769443,0.3804704229559743,0.8692391304347827,0.23833333333333334,0.29166666666666674,,,,random_s4,o2t2,5
0.249305846727875,0.1565605804230625,0.5194808897680555,0.23722218572091044,0.6076265845521582,0.5309825209087994,0.16286206676985598,0.04818464358578354,0.030762597883986303,0.11541666666666667,random_s42,o1t1,78
0.2781981840248676,0.15757490336126448,0.3728317112808991,0.24586155908529933,0.6639434758409443,0.3229424320239369,0.39262101096663204,0.006484001292824821,0.005,,random_s42,o1t10,20
0.0777852385516619,0.021182933157705523,0.15137165886001527,0.1190683704367919,0.11636363636363636,,0.0,0.11699207929134936,,,random_s42,o1t11,3
0.15965759829904583,0.08851663859358712,0.5516121227198428,0.13296007555074815,0.6116249899793345,0.08224242424242424,0.18626983946029602,0.02842723298111725,0.01313110313110313,0.036250000000000004,random_s42,o1t2,41
0.31642101526047306,0.2179830666430106,0.6633363778197005,0.26839391416944136,,0.45799783387240944,0.320057866622717,,0.17120734528629267,,random_s42,o1t3,21
0.2336605331944305,0.160107223998713,0.3011240749561412,0.2493897921341185,,0.4992334321267908,0.40406421648341334,0.03134448416751787,0.0,,random_s42,o1t4,23
0.3438834744156527,0.24224032856450162,0.45896866361277927,0.2919904160185539,,0.523653846153846,0.7648791282917997,0.0025277777777777777,0.08447314543918742,,random_s42,o1t5,16
0.3144006887316827,0.2022466921801175,0.5989707232562227,0.3439470285394993,0.6721177398989898,0.36132573150594915,0.4459425242216303,0.09261744803184432,0.0,,random_s42,o1t6,18
0.24974254323844314,0.16133742757329514,0.7211293461692097,0.289620253164557,0.27620129870129867,0.29806102650867267,0.42470784774380116,0.0,,,random_s42,o1t7,21
0.3038449043258918,0.17141661366899663,0.5522087550577228,0.2511816435278604,0.6872551742801943,0.27402380952380956,0.4265584804245085,0.1310537240676133,0.0003333333333333333,,random_s42,o1t8,12
0.22482282959502908,0.1278841294208865,0.41999569921208885,0.24332339791356186,0.4383280756047442,0.185,0.029979640718562867,0.24598360205680933,,,random_s42,o1t9,8
0.27913553099785904,0.16313368542888346,0.47463173465518266,0.31798363061105245,0.46927990708478506,0.48299900793650796,0.1611986928411107,0.0030645161290322577,,,random_s42,o2t1,15
0.43801632140615193,0.2686534839924671,0.5748288246777574,0.3766275185011711,0.8357156308851225,0.4783333333333334,0.0,,,,random_s42,o2t2,5
