model,config,seed,checkpoint,eval_on,mAP50,mAP50_95,precision,recall,AP50::Algal,AP50::Leaf_rot,AP50::Psyllid,AP50::Psyllid_damage,AP50::leaf_hopper_damage,AP50::Phomopsis
yolo11l,byfarm_fold0,42,best,outer,0.20562632547101023,0.10342694910936076,0.3663902820780489,0.22847345517426415,0.35744142942714624,0.3382494848410652,0.16493626361576308,0.01249194535313378,0.1550125041179427,
yolo11l,byfarm_fold0,42,best,sabah,0.2838777924711395,0.16543318572694116,0.42489781429590506,0.3346224867615429,,,,,,
yolo11l,byfarm_fold0,42,last,outer,0.2003429159711204,0.1130474866308056,0.42892539107286165,0.1963472544261272,0.34616936381745467,0.38682258937093816,0.10624855123485921,0.007030488161376059,0.15544358727097396,
yolo11l,byfarm_fold0,1,best,outer,0.16671539653481718,0.08975711250440657,0.4079389539219487,0.18189274504488337,0.3644605319095926,0.3070115582585101,0.04011714474191219,0.01408964913067827,0.10789809863339275,
yolo11l,byfarm_fold0,1,best,sabah,0.2774934553941811,0.16254371142574653,0.38445076889345314,0.2932743702988162,,,,,,
yolo11l,byfarm_fold0,1,last,outer,0.19880136316675998,0.11596127597521327,0.38361730014317347,0.23242252716577116,0.36271155101770536,0.45256379008804304,0.08617965707865533,0.006752392616224992,0.08579942503317116,
yolo11l,byfarm_fold0,2,best,outer,0.19806247258519358,0.1119433540071873,0.349211502337998,0.2625490413938022,0.3505451039471612,0.47291614607920296,0.07159788213272505,0.009253230766878714,0.086,
yolo11l,byfarm_fold0,2,best,sabah,0.2688367669484321,0.15882917373923278,0.37708334442008967,0.2807978222818764,,,,,,
yolo11l,byfarm_fold0,2,last,outer,0.17464615382600296,0.10222018702893493,0.3853142259229395,0.23386388229561322,0.3455513238322917,0.39527629655056756,0.04851036341774424,0.006781674218300165,0.07711111111111112,
yolo11l,byfarm_fold0,3,best,outer,0.2131698273374119,0.114595777088434,0.3447002028462465,0.30834902254826824,0.3710723840986445,0.4516272389469901,0.056930566321474224,0.029653045283460456,0.1565659020364903,
yolo11l,byfarm_fold0,3,best,sabah,0.2698542129170577,0.1584456252804355,0.3778932881847222,0.30880301483768874,,,,,,
yolo11l,byfarm_fold0,3,last,outer,0.18855998206913493,0.10511336258372028,0.436343634777063,0.1689591606613659,0.3490260441404512,0.3901114951785934,0.06268484366123635,0.024465635643060892,0.11651189172233277,
yolo11l,byfarm_fold0,4,best,outer,0.17795910406727605,0.09127717207232727,0.3982043577731219,0.21569936041958998,0.3502957823609465,0.3040067004913972,0.02810378019182283,0.007252893655850105,0.20013636363636364,
yolo11l,byfarm_fold0,4,best,sabah,0.2754261490473448,0.15974211322926418,0.4332142668698424,0.312830705456739,,,,,,
yolo11l,byfarm_fold0,4,last,outer,0.19822492213551784,0.10633862013301842,0.39430546774707154,0.2698197232322467,0.34208013674298965,0.37348405829391995,0.06298319078362964,0.019042742098429325,0.19353448275862067,
yolo11l,byfarm_fold1,42,best,outer,0.437891124100472,0.3229027947350334,0.307614052275023,0.4823768176946661,0.30778443780772946,0.33203684288642,0.1936464414442729,0.3609878983639377,0.995,
yolo11l,byfarm_fold1,42,best,sabah,0.3011437615033683,0.1777720175449859,0.4502403550399781,0.3538679940279001,,,,,,
yolo11l,byfarm_fold1,42,last,outer,0.4503871713168709,0.3193411350399117,0.384395972080951,0.4705168660334971,0.296676842440504,0.36106139974645013,0.20711633083198713,0.3920812835654133,0.995,
yolo11l,byfarm_fold1,1,best,outer,0.3850472732251892,0.24275022625937456,0.38279432248039424,0.5349589367437778,0.2779673692009007,0.64278010397694,0.22065005532794416,0.39348169476301875,0.3903571428571427,
yolo11l,byfarm_fold1,1,best,sabah,0.2862398946612442,0.17647972727762065,0.4053925308456828,0.33161511275281835,,,,,,
yolo11l,byfarm_fold1,1,last,outer,0.35656790262539084,0.21569041025988311,0.3922330728719178,0.5236399568917907,0.2669800963389255,0.6046711490335988,0.21776709052949167,0.3617545105582716,0.33166666666666667,
yolo11l,byfarm_fold1,2,best,outer,0.3934098342030375,0.27088923627146555,0.3466589696341732,0.45581835442471136,0.28529746910874937,0.33671618243138657,0.1870560683711043,0.3296461177706139,0.8283333333333331,
yolo11l,byfarm_fold1,2,best,sabah,0.2863176329078465,0.1773375508122342,0.39376486929744564,0.3135685513795607,,,,,,
yolo11l,byfarm_fold1,2,last,outer,0.33221117972490416,0.2238978601706566,0.364308830784421,0.45840657847992805,0.27400150361539166,0.3811772673960854,0.17513252062231105,0.33324460699073255,0.4975,
yolo11l,byfarm_fold1,3,best,outer,0.3895618750712858,0.2678875928592795,0.3015157102379227,0.4637328915117401,0.3189667519334968,0.22870836512860085,0.17355093737815988,0.39824998758283825,0.8283333333333331,
yolo11l,byfarm_fold1,3,best,sabah,0.31594021400294053,0.18528553693724586,0.40375910121956404,0.3983697193433615,,,,,,
yolo11l,byfarm_fold1,3,last,outer,0.4238046738031689,0.3037256969262617,0.3516716942171274,0.4413269954712497,0.2923715133148004,0.3255540405127309,0.1694687137935706,0.33662910139474267,0.995,
yolo11l,byfarm_fold1,4,best,outer,0.42365641484685446,0.3053932523469006,0.31959176988037713,0.4802617987825812,0.20089551256985216,0.369539020960729,0.19824283367516743,0.35460470702852354,0.995,
yolo11l,byfarm_fold1,4,best,sabah,0.29117435440444556,0.1797582960602466,0.382728515286021,0.32248817873877683,,,,,,
yolo11l,byfarm_fold1,4,last,outer,0.42820252817432475,0.30742457268810397,0.33802034313520446,0.4762929699927225,0.20226575453102352,0.38508422247519636,0.20363419338716707,0.3550284704782369,0.995,
yolo11l,byfarm_fold2,42,best,outer,0.10585647949127823,0.04274891167738329,0.18495780485601307,0.1506895128575906,0.14862215694344263,0.00012195121951219515,0.11916960110245603,0.02140099222411531,0.07931034482758621,0.26651383063055695
yolo11l,byfarm_fold2,42,best,sabah,0.2683575330685887,0.16371714169011026,0.38738883892217624,0.3171737816752524,,,,,,
yolo11l,byfarm_fold2,42,last,outer,0.09422224084171521,0.036222153260601346,0.19031107188313864,0.111989968055606,0.16374747995713515,0.0007130358705161854,0.11382864706996898,0.01806069038027986,0.012127659574468083,0.25685593219792296
yolo11l,byfarm_fold2,1,best,outer,0.09210206886620766,0.03473931886003834,0.191784410986241,0.11850199170610849,0.14518304458264872,0.0007586206896551724,0.09268776805158738,0.024286335874873593,0.046125,0.24357164399848108
yolo11l,byfarm_fold2,1,best,sabah,0.2678015611518702,0.16291506192837701,0.39730233877638627,0.2754099400962485,,,,,,
yolo11l,byfarm_fold2,1,last,outer,0.08339145086067339,0.031962266843445976,0.1835604324960773,0.10822408049367271,0.1330126179063913,0.00014563106796116503,0.09278169028972191,0.01799097584627434,0.021166666666666667,0.23525112338702486
yolo11l,byfarm_fold2,2,best,outer,0.09243913525495667,0.03428861580729669,0.19765698750405847,0.1259457762231676,0.16359683248634344,0.00013297872340425532,0.10799892512769863,0.03891432301168864,0.0032222222222222227,0.24076952995838286
yolo11l,byfarm_fold2,2,best,sabah,0.2740087244613132,0.17105554350253982,0.3956890796879297,0.30966582946432064,,,,,,
yolo11l,byfarm_fold2,2,last,outer,0.09913571022145166,0.03516310483326836,0.21168072879919822,0.15179998516547613,0.16097541567854887,0.00031645569620253165,0.10658695770640965,0.04059648109339223,0.038705128205128204,0.24763382294902847
yolo11l,byfarm_fold2,3,best,outer,0.12971605326288016,0.06113624759643348,0.25122693488138953,0.16301672956313845,0.15915654809199797,3.9370078740157485e-05,0.10998593619059337,0.020430660104508534,0.21661450924608824,0.27206929586535267
yolo11l,byfarm_fold2,3,best,sabah,0.2854057571141369,0.17582761847600842,0.42167970796514814,0.3013998141238441,,,,,,
yolo11l,byfarm_fold2,3,last,outer,0.13249077492389327,0.06904269361253387,0.2601239867912781,0.16302647935696019,0.1549839125381141,0.0,0.11112621509482942,0.02162842584465975,0.2417724867724868,0.26543360929326953
yolo11l,byfarm_fold2,4,best,outer,0.09255907696325405,0.037790310646046966,0.1902616379551624,0.11093197153760674,0.1553999708022808,0.0009798728813559324,0.11785638261311628,0.01720344265513985,0.026149425287356316,0.2377653675402751
yolo11l,byfarm_fold2,4,best,sabah,0.2788514575472353,0.1690973108270509,0.38718678368021114,0.30001859479440457,,,,,,
yolo11l,byfarm_fold2,4,last,outer,0.09692428872821257,0.036173232262801495,0.2113420219402057,0.13910898393287055,0.163554515517467,0.0007994041708043694,0.10132104220067045,0.014677828660789958,0.055261363636363636,0.24593157818318004
yolo11l,byfarm_fold3,42,best,outer,0.3125051202220861,0.1834033424122494,0.4871013609579303,0.3022024367385192,0.71815688482786,0.2325,0.006513157894736841,,0.2928504381657475,
yolo11l,byfarm_fold3,42,best,sabah,0.2825004096022879,0.1700095645827418,0.39908677148366084,0.2948342596153259,,,,,,
yolo11l,byfarm_fold3,42,last,outer,0.2885485487966106,0.16931245608026294,0.419697821018989,0.3123270431707209,0.6962825171209184,0.21336363636363637,0.0029289940828402363,,0.24161904761904762,
yolo11l,byfarm_fold3,1,best,outer,0.31335718109780836,0.19000266825034606,0.5423587233089081,0.296268973861852,0.7198153607264848,0.1831027253668763,0.003510638297872341,,0.34700000000000003,
yolo11l,byfarm_fold3,1,best,sabah,0.29104555805166615,0.17600132419591213,0.37758754161683744,0.3200227577471632,,,,,,
yolo11l,byfarm_fold3,1,last,outer,0.31013775507233676,0.18744015938550093,0.4159278876476181,0.3411050125033521,0.6903283218139836,0.18489495798319328,0.0016610738255033557,,0.3636666666666667,
yolo11l,byfarm_fold3,2,best,outer,0.31725925896139484,0.18790810797748053,0.4378734471809933,0.41679487481599187,0.6546376516382646,0.19002300708867056,0.01546875,,0.40890762711864415,
yolo11l,byfarm_fold3,2,best,sabah,0.30029668887967054,0.18054387600190364,0.42309204235690223,0.3221050122894598,,,,,,
yolo11l,byfarm_fold3,2,last,outer,0.3669858866026681,0.21995458434320678,0.460207641503659,0.37715750320556407,0.7105382741114665,0.29802800525730466,0.0030182926829268293,,0.45635897435897443,
yolo11l,byfarm_fold3,3,best,outer,0.26648821734879136,0.1642715762750198,0.3399642093225099,0.30479621902817333,0.655140480803365,0.15212121212121213,0.00275,,0.2559411764705882,
yolo11l,byfarm_fold3,3,best,sabah,0.27132972505456826,0.1655797766402226,0.37134533217814125,0.2875371887276145,,,,,,
yolo11l,byfarm_fold3,3,last,outer,0.26108610063423976,0.16373603913011,0.3174420872690782,0.25758029534051097,0.6711864544285333,0.1901992337164751,0.0028448275862068963,,0.1801138868057438,
yolo11l,byfarm_fold3,4,best,outer,0.30725922826548596,0.19677033662664786,0.38762154595761367,0.3239456419868791,0.6846534616553821,0.22656682027649772,0.007388059701492537,,0.31042857142857144,
yolo11l,byfarm_fold3,4,best,sabah,0.28730726589285743,0.17395544430321247,0.3737596506223763,0.31750336643896343,,,,,,
yolo11l,byfarm_fold3,4,last,outer,0.30102964241166197,0.20420975013700104,0.3881058397500724,0.27887307219576934,0.6926515386562926,0.26114445034519385,0.005322580645161291,,0.245,
yolo11l,byfarm_fold4,42,best,outer,0.2505837558983014,0.15477206623323894,0.461512418489568,0.2374002643767054,0.011812355773336454,0.3296966468360527,0.27180310430664817,0.07076654718361997,0.5688401253918497,
yolo11l,byfarm_fold4,42,best,sabah,0.2740487464569525,0.16682206726590387,0.4210725704186698,0.2747139913987463,,,,,,
yolo11l,byfarm_fold4,42,last,outer,0.22849253377142534,0.14099829537557085,0.3691199273866828,0.26146438156463275,0.012439900744362445,0.27182415390422054,0.2529618005898734,0.07927213634991334,0.525964677268757,
yolo11l,byfarm_fold4,1,best,outer,0.2823333457267136,0.163884657600389,0.3745669184204649,0.32154312963913617,0.012119709571600275,0.423060363463185,0.2433951957687054,0.10035780459642202,0.6327336552336552,
yolo11l,byfarm_fold4,1,best,sabah,0.28359965854000585,0.16914016575316626,0.43386641690377603,0.30334543700722244,,,,,,
yolo11l,byfarm_fold4,1,last,outer,0.26587467349319893,0.15204700288830084,0.3158611199739035,0.3133404646164012,0.015318334319230315,0.3572526676662894,0.25286125764706835,0.11335737651803253,0.590583731315374,
yolo11l,byfarm_fold4,2,best,outer,0.28902117489366586,0.16490172603272873,0.42675051080589455,0.2878334487952155,0.02568609255213608,0.39758662345425066,0.27033446907149206,0.06188757827933909,0.6896111111111112,
yolo11l,byfarm_fold4,2,best,sabah,0.295039639111966,0.17682413378498596,0.4053534027352163,0.3102213551684705,,,,,,
yolo11l,byfarm_fold4,2,last,outer,0.2679904616185602,0.1470152163857996,0.4080500175408478,0.297650281434508,0.02346885115483199,0.2965855508101674,0.26452953909800214,0.0670755195264257,0.6882928475033738,
yolo11l,byfarm_fold4,3,best,outer,0.27485449516510424,0.15573678193526055,0.4088850032376886,0.3109127671153392,0.019155801795905557,0.4369578083289673,0.2827180552527902,0.09560800587224944,0.5398328045756088,
yolo11l,byfarm_fold4,3,best,sabah,0.2992021655640557,0.17784192019957865,0.44204638830903065,0.3225413676478709,,,,,,
yolo11l,byfarm_fold4,3,last,outer,0.2590668542233147,0.14771565009894172,0.411908173639183,0.273105141825683,0.01638059969779931,0.3677281639147938,0.27581096812367656,0.08769231715808176,0.5477222222222222,
yolo11l,byfarm_fold4,4,best,outer,0.2540403062160368,0.13523297777974208,0.37264712508191034,0.28564347426068365,0.014262703643352257,0.25625064794905605,0.28267290742739826,0.1784429753455211,0.5385722967148563,
yolo11l,byfarm_fold4,4,best,sabah,0.2684605167771826,0.1556381565691266,0.3849277426556055,0.2926250902844023,,,,,,
yolo11l,byfarm_fold4,4,last,outer,0.2682931934050815,0.15777759876882147,0.3507102376570913,0.3226364178715096,0.018121699138452862,0.33422199528553986,0.2836652924058951,0.11703043239885322,0.5884265477966667,
yolo11l,byfarm_fold5,42,best,outer,0.3058614484111523,0.15342245107823735,0.36357497746083317,0.42552071195559865,0.5032759874066715,0.35318549318549314,0.23606079011690045,0.07177945133273803,0.3369990157570167,0.3338679526680939
yolo11l,byfarm_fold5,42,best,sabah,0.2593356203017464,0.15815895743780242,0.36290138989484194,0.31206633175983456,,,,,,
yolo11l,byfarm_fold5,42,last,outer,0.3115008297894561,0.16188197798741263,0.3870118329093339,0.4258629637213305,0.5045462708164294,0.26894366197183095,0.2212315186022351,0.051373847346462345,0.45310687778556236,0.3698028022142163
yolo11l,byfarm_fold5,1,best,outer,0.2744639144797348,0.1358981574994512,0.3532154447570055,0.38895035465666233,0.5534775801623593,0.11357352941176471,0.18862176262603225,0.08470117456496756,0.34005481691341,0.366354623199875
yolo11l,byfarm_fold5,1,best,sabah,0.2854567901129211,0.17044646557467988,0.3945666645140358,0.35205476721461676,,,,,,
yolo11l,byfarm_fold5,1,last,outer,0.27413501573136795,0.1422638394087145,0.31419137554190557,0.40724050610181234,0.5198416128318374,0.13899797570850203,0.1685222993911632,0.08290290243471843,0.38617567040945744,0.34836963361252893
yolo11l,byfarm_fold5,2,best,outer,0.27636952666335896,0.13761065451127358,0.36122131218510406,0.4072526844860343,0.5147146985611243,0.10596153846153847,0.23255998269673794,0.0446923182021539,0.3890921228816589,0.3711964991769401
yolo11l,byfarm_fold5,2,best,sabah,0.2627648797214853,0.1597178731342197,0.3784137609390359,0.3052264076620484,,,,,,
yolo11l,byfarm_fold5,2,last,outer,0.27625669231702,0.13786155643580764,0.3599243908310967,0.4082148825527181,0.5227024312775473,0.1001367461430575,0.23938326712892077,0.03877968439433291,0.3991502104279845,0.357387814530277
yolo11l,byfarm_fold5,3,best,outer,0.30288859229707726,0.16895357269076478,0.37343206064371337,0.3770665038748599,0.5234243253482527,0.24377925430489175,0.22587072298396468,0.04003821747173319,0.4463660197121418,0.3378530139614796
yolo11l,byfarm_fold5,3,best,sabah,0.27279733262639544,0.16276938381240572,0.41554029347748717,0.30950356874672597,,,,,,
yolo11l,byfarm_fold5,3,last,outer,0.30288859229707726,0.16895357269076478,0.37343206064371337,0.3770665038748599,0.5234243253482527,0.24377925430489175,0.22587072298396468,0.04003821747173319,0.4463660197121418,0.3378530139614796
yolo11l,byfarm_fold5,4,best,outer,0.31349695674797884,0.16758319988426365,0.3598668801362795,0.40262237088445924,0.49757232086799935,0.2930989879822896,0.20708365353987201,0.08225614952890375,0.47105445864601875,0.3299161699227895
yolo11l,byfarm_fold5,4,best,sabah,0.2668550787972788,0.16015506767303106,0.3689312566450093,0.33122287895060026,,,,,,
yolo11l,byfarm_fold5,4,last,outer,0.2971773134996818,0.16696899211611163,0.3401670096916267,0.39615061875414853,0.5119421349737376,0.2547801302931596,0.2178727464498441,0.06575772617698064,0.40482199631175975,0.3278891467926093
yolo11l,byfarm_fold6,42,best,outer,0.0646045746386564,0.03127877927257975,0.08517718679284417,0.20095291929250653,0.0,0.0013888888888888887,,,0.03730392156862746,0.21972548809710926
yolo11l,byfarm_fold6,42,best,sabah,0.2853264547169144,0.16456305292611165,0.37768481690831884,0.29760181285385406,,,,,,
yolo11l,byfarm_fold6,42,last,outer,0.09920654701417203,0.05781206686645669,0.11699013493952846,0.19337606837606838,0.0,0.00016891891891891893,,,0.12375,0.27290726913776925
yolo11l,byfarm_fold6,1,best,outer,0.06566176667916708,0.02975751078577902,0.0990327704749854,0.0645956607495069,0.0,6.648936170212766e-05,,,0.02051546391752577,0.24206511343744042
yolo11l,byfarm_fold6,1,best,sabah,0.2647061006888611,0.1535636437068623,0.3496313987,0.29746494017175246,,,,,,
yolo11l,byfarm_fold6,1,last,outer,0.06173591332664988,0.0310264443963836,0.09687883661378587,0.17825443786982248,0.0,0.00012626262626262626,,,0.04975,0.19706739068033688
yolo11l,byfarm_fold6,2,best,outer,0.09099136439627536,0.04520631296619247,0.0994760953614155,0.3259529192925065,0.0,0.0003333333333333333,,,0.13266666666666665,0.23096545758510145
yolo11l,byfarm_fold6,2,best,sabah,0.2855531985882933,0.16016060524838324,0.403599515739786,0.3489917187066139,,,,,,
yolo11l,byfarm_fold6,2,last,outer,0.1011000546142353,0.04855571370434868,0.10728689449288856,0.3134451019066404,0.0,0.000125,,,0.16583333333333333,0.23844188512360784
yolo11l,byfarm_fold6,3,best,outer,0.09836811393446332,0.05661148816729779,0.11354251028238621,0.3129680409230128,0.0,0.00029069767441860465,,,0.15307692307692314,0.24010483498651153
yolo11l,byfarm_fold6,3,best,sabah,0.27931433512954523,0.16488206759617824,0.45205361283378603,0.2929667839624695,,,,,,
yolo11l,byfarm_fold6,3,last,outer,0.0974483524458453,0.055180621270377504,0.12587618750964974,0.30917159763313606,0.0,0.0,,,0.14661904761904762,0.24317436216433358
yolo11l,byfarm_fold6,4,best,outer,0.07530300984637658,0.032337400994539085,0.0984378497814657,0.08234714003944774,0.0,5.411255411255411e-05,,,0.003664825046040515,0.29749310178535326
yolo11l,byfarm_fold6,4,best,sabah,0.28123797657875804,0.16259283080230466,0.359533473860744,0.33702247944376656,,,,,,
yolo11l,byfarm_fold6,4,last,outer,0.07532169583231686,0.0326506794450237,0.10288568061692524,0.3233230705088116,0.0,0.0001838235294117647,,,0.0621875,0.23891545979985568
yolo11l,byfarm_fold7,42,best,outer,0.21660388034794242,0.16272606738928247,0.2629052397979843,0.24333950410387697,,0.45138041018037045,0.052108834422396166,0.0709020951009236,0.2920241816880796,
yolo11l,byfarm_fold7,42,best,sabah,0.28611462799129256,0.17292525607434772,0.3941767229592937,0.2871910263221073,,,,,,
yolo11l,byfarm_fold7,42,last,outer,0.23638881307554088,0.17874148780568527,0.30760282351378054,0.2603913715606327,,0.48653245266202594,0.05304383816676586,0.08662525078135958,0.31935371069201207,
yolo11l,byfarm_fold7,1,best,outer,0.2690422654406196,0.20067397183737706,0.2852682972311278,0.307458659449121,,0.49123790291673236,0.04743881946780954,0.07060290056471712,0.4668894388132193,
yolo11l,byfarm_fold7,1,best,sabah,0.28264302605629915,0.17293152205324205,0.40887207954952204,0.28619932733188164,,,,,,
yolo11l,byfarm_fold7,1,last,outer,0.2690422654406196,0.20067397183737706,0.2852682972311278,0.307458659449121,,0.49123790291673236,0.04743881946780954,0.07060290056471712,0.4668894388132193,
yolo11l,byfarm_fold7,2,best,outer,0.23071166554158248,0.15615209233228955,0.388735381117666,0.20865070802584174,,0.4625244435012595,0.05742133949942359,0.09791303906836771,0.3049878400972792,
yolo11l,byfarm_fold7,2,best,sabah,0.2926703093237723,0.17357145374129065,0.4048665758182837,0.3055289466464392,,,,,,
yolo11l,byfarm_fold7,2,last,outer,0.24148761434547422,0.17578644482158454,0.23691014426418694,0.3065916687787407,,0.45622806050546544,0.0497844145838215,0.08801711863130601,0.37192086366130395,
yolo11l,byfarm_fold7,3,best,outer,0.2200027378195886,0.16033822608716203,0.27588519191101774,0.2900396841407985,,0.5105719572583769,0.08386186329021847,0.06571121726229162,0.2198659134674673,
yolo11l,byfarm_fold7,3,best,sabah,0.2859249315465566,0.17522535980321977,0.39494706923880135,0.31433265035955954,,,,,,
yolo11l,byfarm_fold7,3,last,outer,0.21640984594952517,0.16455963236843382,0.26698582782694014,0.279647284290648,,0.5178794495046888,0.04459690546734462,0.0710507278088427,0.23211230101722463,
yolo11l,byfarm_fold7,4,best,outer,0.2498570009899243,0.18087647997993056,0.27322497540686924,0.3561983300839385,,0.5785986672296785,0.06297745040881611,0.04916762996453255,0.3086842563566702,
yolo11l,byfarm_fold7,4,best,sabah,0.2824206680528915,0.16982453806259076,0.4254026725787509,0.3166732418829303,,,,,,
yolo11l,byfarm_fold7,4,last,outer,0.2754776226501954,0.17688613382277465,0.29355029926981147,0.324057900730301,,0.5030289626091917,0.0660207059938683,0.09245911259601201,0.4404017094017094,
yolo11l,random,42,best,outer,0.4679037108513749,0.2573667337210966,0.5832506467393149,0.4836861778056329,0.5302847003864211,0.48886301569897933,0.41695041561345386,0.3636377829833143,0.5459314738201863,0.461754876605895
yolo11l,random,42,best,sabah,0.281241363837767,0.16756610304244926,0.4122053062106204,0.294959601971117,,,,,,
yolo11l,random,42,last,outer,0.4714389544923551,0.2621875035287738,0.5876818492141945,0.46612877201022845,0.5272008389971335,0.5029824420469591,0.4203264254563572,0.35670012926625455,0.5610730789852154,0.4603508122022113
yolo11l,random,1,best,outer,0.464741658604033,0.2599518649975564,0.6065807295426883,0.4444432750924138,0.5008647602533425,0.5027966751799984,0.4139389016426154,0.34514894151192566,0.5826378775748342,0.4430627954614822
yolo11l,random,1,best,sabah,0.277416919225168,0.1629724066592756,0.3934856332006605,0.28536769757803165,,,,,,
yolo11l,random,1,last,outer,0.48196248999134855,0.27125094372906544,0.572613595591622,0.4767126328908726,0.5140392239412079,0.5172387119435924,0.4185841438964988,0.3671781985047579,0.5982551655981552,0.4764794960638789
yolo11l,random,2,best,outer,0.47145788896273294,0.2608159491770977,0.5756096043497112,0.4605171550862526,0.5360707755889216,0.47738161790650696,0.4089599597313428,0.3507089058423545,0.5947201753164811,0.46090589939079063
yolo11l,random,2,best,sabah,0.2819453893200044,0.16812389404961509,0.41761845805910935,0.31355518436168334,,,,,,
yolo11l,random,2,last,outer,0.4707211842568529,0.26401465882031167,0.6234945264510405,0.4463398166319961,0.5109310050452482,0.4820664518576364,0.4127029518065961,0.3533437068072859,0.5916633787825378,0.473619611241813
yolo11l,random,3,best,outer,0.49022320589114404,0.2681351905134689,0.5916058916608666,0.4860883798740822,0.504369045817253,0.5293463136331522,0.413453931153258,0.3897472266788168,0.6642627724599239,0.44015994560446015
yolo11l,random,3,best,sabah,0.26891379083961736,0.15634802438448692,0.4073141972569794,0.28733484842071,,,,,,
yolo11l,random,3,last,outer,0.4978511848584093,0.2735748194099851,0.6532050344339173,0.4715640525287452,0.5019023290704248,0.5222359676810736,0.4348022230396176,0.37454685165461,0.6957425869958254,0.4578771507089048
yolo11l,random,4,best,outer,0.4660386594903239,0.25152478056909916,0.6443344030548245,0.4469470950305035,0.5218283620304147,0.5134882162094263,0.40606689804704854,0.3919653636138465,0.5106140006765733,0.4522691163646343
yolo11l,random,4,best,sabah,0.2825985454926142,0.16713753377621718,0.3990728461380521,0.3016345732213149,,,,,,
yolo11l,random,4,last,outer,0.4426061909050177,0.24710620484620754,0.5523979262331878,0.4514257771850166,0.5029232362476022,0.5051442691081544,0.39468074244846896,0.3592343879892861,0.44876610296837827,0.4448884066682166
