model,config,seed,best_mAP50,last_mAP50,delta,best_mAP50_95,last_mAP50_95
rtdetr-l,random,42,0.5258128387611104,0.5240151091106564,0.0017977296504539941,0.3007738033550212,0.29420199733229574
rtdetr-l,random,1,0.5388368184836777,0.5356519817949653,0.003184836688712389,0.303379243903566,0.3002767887305083
rtdetr-l,random,2,0.5106608149205415,0.5042071858623626,0.006453629058178922,0.2902029318228048,0.2821636373737686
rtdetr-l,random,3,0.5216106845103194,0.5000117007906241,0.021598983719695375,0.3003067977081722,0.27975565508337785
rtdetr-l,random,4,0.5330328603538774,0.5231462506617427,0.009886609692134729,0.3052210949474558,0.29824919203645833
rtdetr-l,byfarm_fold0,42,0.2889167565512497,0.19806273794362603,0.09085401860762368,0.162020453913095,0.10721406953038465
rtdetr-l,byfarm_fold0,1,0.2998481902125713,0.2184780750709702,0.08137011514160111,0.16010234829107198,0.10969696479392763
rtdetr-l,byfarm_fold0,2,0.2526167377164505,0.22346781693012313,0.02914892078632736,0.1450481539043323,0.11786284264329451
rtdetr-l,byfarm_fold0,3,0.2940664231581692,0.14696302605195877,0.14710339710621045,0.16375795848589164,0.07653104381829402
rtdetr-l,byfarm_fold0,4,0.32215475240141334,0.21946447239286063,0.10269028000855271,0.15890301979281762,0.13161395684063212
rtdetr-l,byfarm_fold1,42,0.4808338229359861,0.22101701261413015,0.25981681032185594,0.35141495694619856,0.13911050277768666
rtdetr-l,byfarm_fold1,1,0.4174593549234996,0.2839948735047315,0.1334644814187681,0.31571408859264166,0.19472957295907747
rtdetr-l,byfarm_fold1,2,0.4431429247736456,0.27063793771048,0.17250498706316558,0.3107044213493116,0.1753304676753031
rtdetr-l,byfarm_fold1,3,0.4426003568101066,0.3928080374355386,0.04979231937456802,0.3138432782303436,0.2987046339938406
rtdetr-l,byfarm_fold1,4,0.415891142271802,0.3119808479020676,0.10391029436973442,0.31561894533374335,0.21253164975149416
rtdetr-l,byfarm_fold2,42,0.18022147636646482,0.12353099411106216,0.05669048225540266,0.1125974327269966,0.05849942261533824
rtdetr-l,byfarm_fold2,1,0.20739395863236476,0.11815178882281585,0.08924216980954891,0.13292605738164695,0.051841422349167214
rtdetr-l,byfarm_fold2,2,0.21798699487309667,0.18343577947651438,0.03455121539658229,0.15084326309181292,0.10727268847090715
rtdetr-l,byfarm_fold2,3,0.210848465593701,0.10865834980589079,0.1021901157878102,0.13102502054583529,0.05491987908171252
rtdetr-l,byfarm_fold2,4,0.20618861728266225,0.10618149257458198,0.10000712470808026,0.13323953418964088,0.040756321663244326
rtdetr-l,byfarm_fold3,42,0.36571300694406217,0.2505506791929803,0.11516232775108187,0.24685972045957935,0.16738828675572362
rtdetr-l,byfarm_fold3,1,0.4000130934027943,0.33122123674734705,0.06879185665544724,0.2678360811611262,0.20686185354253225
rtdetr-l,byfarm_fold3,2,0.3425845937511559,0.28555735142751987,0.05702724232363604,0.23270449752483463,0.1738327004130432
rtdetr-l,byfarm_fold3,3,0.37390956600622555,0.26795970585451045,0.10594986015171509,0.249173328862613,0.1706594199266683
rtdetr-l,byfarm_fold3,4,0.38261761239234604,0.3197086181655021,0.06290899422684393,0.2624290437648015,0.20907697860018395
rtdetr-l,byfarm_fold4,42,0.31781753716575045,0.3088100765161754,0.009007460649575028,0.17593511335721979,0.17218109871368004
rtdetr-l,byfarm_fold4,1,0.3883038205910311,0.24353468896591499,0.1447691316251161,0.2569375060344159,0.16300295912190862
rtdetr-l,byfarm_fold4,2,0.35481764765067003,0.2923612389683341,0.06245640868233593,0.22446670532892754,0.1775842399244741
rtdetr-l,byfarm_fold4,3,0.34629063333842697,0.27276183107692553,0.07352880226150144,0.2363684920632561,0.16030598214823502
rtdetr-l,byfarm_fold4,4,0.3587528419655087,0.26523670997296056,0.09351613199254816,0.24962539896953406,0.16323935090654015
rtdetr-l,byfarm_fold5,42,0.3795612106896164,0.270722537858012,0.10883867283160442,0.20847957471079873,0.12673743465443685
rtdetr-l,byfarm_fold5,1,0.3621053568009851,0.2854645815048095,0.07664077529617558,0.19998181341560847,0.15414140534098605
rtdetr-l,byfarm_fold5,2,0.38928674338573793,0.2512273309173289,0.13805941246840903,0.2144509223934445,0.12441558253109689
rtdetr-l,byfarm_fold5,3,0.34975919741432304,0.27210176652678936,0.07765743088753368,0.18904931207548578,0.13371167436107376
rtdetr-l,byfarm_fold5,4,0.3752511022286238,0.23941825464143743,0.13583284758718636,0.21521613872041237,0.11965343872977874
rtdetr-l,byfarm_fold6,42,0.11016397408669654,0.07176279842414474,0.0384011756625518,0.048819007463406686,0.031009490832941876
rtdetr-l,byfarm_fold6,1,0.11690945144073046,0.07316747076462392,0.043741980676106546,0.05020633375744854,0.035479331140223516
rtdetr-l,byfarm_fold6,2,0.11871720189926396,0.08920266815938482,0.02951453373987914,0.0562983266177439,0.042292099184301435
rtdetr-l,byfarm_fold6,3,0.12592203664842427,0.10169566177285118,0.024226374875573095,0.05074184780089345,0.04274126728074289
rtdetr-l,byfarm_fold6,4,0.17846029378812378,0.06635365560560334,0.11210663818252044,0.06115997348488471,0.030012939381284225
rtdetr-l,byfarm_fold7,42,0.31733804861898396,0.24127867269593994,0.07605937592304401,0.21767579028620565,0.18149382340937964
rtdetr-l,byfarm_fold7,1,0.297208470402045,0.0,0.297208470402045,0.22635283175229687,0.0
rtdetr-l,byfarm_fold7,2,0.32928026152543166,0.22926499451983312,0.10001526700559854,0.255720077040712,0.17360954164456482
rtdetr-l,byfarm_fold7,3,0.29191856748712397,0.2213543337489803,0.07056423373814366,0.22791090717451815,0.16642719425403554
rtdetr-l,byfarm_fold7,4,0.3825802723284234,0.268489848132421,0.1140904241960024,0.2808590661400481,0.18267699579644475
yolo11n,random,42,0.45980383391611895,0.43841129879611457,0.021392535120004386,0.2527273465120539,0.24588638491955497
yolo11n,random,1,0.47092543758693334,0.4641740201529226,0.0067514174340107536,0.2631981748565769,0.25802265306223016
yolo11n,random,2,0.4557574235765475,0.45087466751549937,0.004882756061048155,0.2539744580104481,0.2537496736512802
yolo11n,random,3,0.44450302828223553,0.43541356836215234,0.009089459920083198,0.24987645805711217,0.2439067690909889
yolo11n,random,4,0.44822725503289806,0.43746449397221343,0.010762761060684634,0.24883791783756543,0.24329600010491992
yolo11n,byfarm_fold0,42,0.25770793747356036,0.21792099327711245,0.039786944196447904,0.1366951522615077,0.1138094584753091
yolo11n,byfarm_fold0,1,0.23258234961023616,0.18310338157261266,0.0494789680376235,0.12550572550537226,0.0953438276221874
yolo11n,byfarm_fold0,2,0.2429290123376183,0.1836565352060105,0.0592724771316078,0.11954103539443532,0.08451164074964491
yolo11n,byfarm_fold0,3,0.2613359664967695,0.23667039569745346,0.024665570799316028,0.14428227570645846,0.1148065859884601
yolo11n,byfarm_fold0,4,0.26917447790880467,0.21242605779353685,0.05674842011526782,0.13714296745903376,0.10608057040812659
yolo11n,byfarm_fold1,42,0.47445719862454316,0.45075262295667473,0.023704575667868433,0.3454688773332565,0.32797602474819326
yolo11n,byfarm_fold1,1,0.44692520116022943,0.3581711868225609,0.08875401433766855,0.3370018219186285,0.2589636195509075
yolo11n,byfarm_fold1,2,0.47183837853574706,0.38762664375781586,0.0842117347779312,0.3409593360900173,0.2785912019679913
yolo11n,byfarm_fold1,3,0.4682556817366013,0.3443061653761459,0.12394951636045543,0.3288323218380228,0.24732260208482337
yolo11n,byfarm_fold1,4,0.4680266699164834,0.31588936050023203,0.15213730941625137,0.3353601934061457,0.21631679386791852
yolo11n,byfarm_fold2,42,0.16177706611337037,0.06466887808734319,0.09710818802602718,0.09924990702493218,0.025911111782330513
yolo11n,byfarm_fold2,1,0.11490237889365018,0.1350958361785284,-0.02019345728487823,0.06568643846637094,0.06008438656218314
yolo11n,byfarm_fold2,2,0.16516838607201506,0.08680353774580483,0.07836484832621023,0.09523383982332553,0.03834316961342334
yolo11n,byfarm_fold2,3,0.15319046157847468,0.08984856899104193,0.06334189258743275,0.08794363179457668,0.040373926794312655
yolo11n,byfarm_fold2,4,0.13890667674498727,0.11920927678684738,0.01969739995813989,0.07755175648755823,0.0489810577905529
yolo11n,byfarm_fold3,42,0.42924679985073555,0.4211290991023654,0.008117700748370149,0.2779400705405595,0.2728981027212014
yolo11n,byfarm_fold3,1,0.35722166339258155,0.2877139616686535,0.06950770172392806,0.22568163452923456,0.1664364318587221
yolo11n,byfarm_fold3,2,0.45273825775246634,0.3679909468184159,0.08474731093405047,0.25261051062696244,0.2133987924903614
yolo11n,byfarm_fold3,3,0.4534238742294587,0.36280466571417674,0.09061920851528193,0.2692640809882323,0.21826666876201414
yolo11n,byfarm_fold3,4,0.4072297485382892,0.3212779543403167,0.0859517941979725,0.24438409849135087,0.1995666392779743
yolo11n,byfarm_fold4,42,0.2482826409474189,0.1623800662081405,0.0859025747392784,0.1443407600338122,0.08246861896459082
yolo11n,byfarm_fold4,1,0.2758042351751223,0.14291549420927657,0.13288874096584574,0.1712510630933055,0.07457149564565942
yolo11n,byfarm_fold4,2,0.2696543092585138,0.19031513364881797,0.07933917560969583,0.1554606263696426,0.10166346228600089
yolo11n,byfarm_fold4,3,0.24760441086202872,0.16093098664921426,0.08667342421281446,0.13122565662154162,0.09427889852959737
yolo11n,byfarm_fold4,4,0.257115599593979,0.16305101981907363,0.09406457977490537,0.15407299842218536,0.08854958726255532
yolo11n,byfarm_fold5,42,0.28556217255401406,0.2465854436357241,0.03897672891828996,0.13845105905474384,0.12120678360944169
yolo11n,byfarm_fold5,1,0.28512631554820916,0.19944245381183867,0.08568386173637049,0.13921540083942036,0.0960975305633254
yolo11n,byfarm_fold5,2,0.27230350454936997,0.24069109590738977,0.0316124086419802,0.1422030513287354,0.12878929832332559
yolo11n,byfarm_fold5,3,0.26955975399687454,0.18626561034854194,0.0832941436483326,0.1434395664219935,0.08258168628540653
yolo11n,byfarm_fold5,4,0.25179680778943786,0.2376943872912827,0.01410242049815516,0.1352192032179961,0.10991150358883257
yolo11n,byfarm_fold6,42,0.19980997104574533,0.039711809139135634,0.1600981619066097,0.12237962303163481,0.018817605854599954
yolo11n,byfarm_fold6,1,0.16961727459459575,0.048367332894587514,0.12124994170000823,0.11707323110798758,0.025771389706189095
yolo11n,byfarm_fold6,2,0.18693427340606578,0.07773782965713283,0.10919644374893295,0.1307852703320261,0.03743848848622133
yolo11n,byfarm_fold6,3,0.11992733011678322,0.06236347369756231,0.05756385641922091,0.055815210785621495,0.028905657462110046
yolo11n,byfarm_fold6,4,0.19835861121066556,0.11238968243913824,0.08596892877152731,0.13513357867272352,0.053807099313481356
yolo11n,byfarm_fold7,42,0.2816936784938493,0.23027296569982414,0.05142071279402516,0.21566742419072682,0.16442801722337724
yolo11n,byfarm_fold7,1,0.32339053878987334,0.2648083884459964,0.058582150343876926,0.24119022068262339,0.1916361832109881
yolo11n,byfarm_fold7,2,0.290332591504574,0.25593878666788,0.03439380483669402,0.21173486666991784,0.19415268467313054
yolo11n,byfarm_fold7,3,0.2595004411546734,0.17480092368783753,0.08469951746683588,0.20056588137659528,0.1367229813756731
yolo11n,byfarm_fold7,4,0.30191019107177447,0.2806598329909399,0.021250358080834586,0.23225634603546177,0.21339577458235012
yolo11m,random,42,0.4801319032132139,0.4796091163548987,0.000522786858315194,0.2619328406170376,0.2635935871162222
yolo11m,random,1,0.5000829584350746,0.5000829584350746,0.0,0.28622546616687744,0.28622546616687744
yolo11m,random,2,0.49362372897374485,0.4838080099291416,0.009815719044603266,0.2741548862974537,0.2626451836834601
yolo11m,random,3,0.5083526310303229,0.5065912601310641,0.0017613708992587629,0.2843778336819974,0.2757331520277738
yolo11m,random,4,0.5006645393945862,0.49170651897444434,0.008958020420141877,0.2862023378015708,0.27920697981673687
yolo11m,byfarm_fold0,42,0.27573938424389405,0.17606665542801242,0.09967272881588163,0.14279628495146515,0.09216786269199112
yolo11m,byfarm_fold0,1,0.2426534032667534,0.2043326560719804,0.03832074719477299,0.13136719970685548,0.10564877570057192
yolo11m,byfarm_fold0,2,0.2396948972506392,0.17951415518261854,0.060180742068020654,0.12936374931670755,0.09533611064731104
yolo11m,byfarm_fold0,3,0.2519208873757829,0.2119241679486646,0.0399967194271183,0.1430475802858235,0.11519565281142632
yolo11m,byfarm_fold0,4,0.2310933781701517,0.1959957695274566,0.035097608642695094,0.1264757764470454,0.09852082111917419
yolo11m,byfarm_fold1,42,0.45506723443741554,0.3959413277686272,0.05912590666878831,0.31937567573920644,0.2718674684031216
yolo11m,byfarm_fold1,1,0.4512558655609783,0.4283260109451742,0.0229298546158041,0.2954070361384249,0.22062506582753244
yolo11m,byfarm_fold1,2,0.4485985458366099,0.3104178527705678,0.13818069306604208,0.3039310228064296,0.1722128568707104
yolo11m,byfarm_fold1,3,0.4740319125010569,0.2585781736569761,0.2154537388440808,0.32500275385231786,0.1575462474298232
yolo11m,byfarm_fold1,4,0.45620442922806026,0.46553567149461184,-0.009331242266551576,0.32071182617778626,0.31948259199847084
yolo11m,byfarm_fold2,42,0.1426808193925149,0.1143652774936404,0.028315541898874502,0.0832420141577223,0.05971779848422855
yolo11m,byfarm_fold2,1,0.1470746161858212,0.13751499548127805,0.009559620704543165,0.08519772111256853,0.05727702414186061
yolo11m,byfarm_fold2,2,0.16668499868496092,0.09844790618615257,0.06823709249880835,0.08100418868616208,0.03950348783649476
yolo11m,byfarm_fold2,3,0.1962444889208619,0.15730980885195878,0.03893468006890313,0.10222063395719427,0.07632389145432696
yolo11m,byfarm_fold2,4,0.1762417936293079,0.17357223676206904,0.0026695568672388537,0.10501347918680265,0.09563171638734161
yolo11m,byfarm_fold3,42,0.3571848353569368,0.3013201962759742,0.05586463908096262,0.2306000279825975,0.1721003141441581
yolo11m,byfarm_fold3,1,0.361823846390666,0.27677042873363134,0.08505341765703467,0.22053187863984247,0.1691309690337384
yolo11m,byfarm_fold3,2,0.3663272221467798,0.3075968728248881,0.058730349321891695,0.22878396856976796,0.1818010634870155
yolo11m,byfarm_fold3,3,0.33035858239178656,0.26308840229626634,0.06727018009552022,0.2022210031573975,0.15336170351890993
yolo11m,byfarm_fold3,4,0.32439326842209504,0.2957906562413417,0.02860261218075333,0.2114123075772433,0.1706625141355078
yolo11m,byfarm_fold4,42,0.3226440330685002,0.21749691227424642,0.10514712079425378,0.16788533704702302,0.11775088810985836
yolo11m,byfarm_fold4,1,0.3257118322920993,0.25914057224622244,0.06657126004587688,0.16715599806664014,0.13903188014713203
yolo11m,byfarm_fold4,2,0.30426826452902295,0.24633428160354245,0.05793398292548049,0.17624271100276043,0.12804844111833996
yolo11m,byfarm_fold4,3,0.33763494534211763,0.2892084540553864,0.04842649128673121,0.18565064947670126,0.158170218500994
yolo11m,byfarm_fold4,4,0.29316112636496205,0.26161315629569126,0.03154797006927079,0.1625006968633694,0.13358610502908
yolo11m,byfarm_fold5,42,0.36224145972635763,0.23768846339717464,0.12455299632918299,0.15939007756172033,0.11724895248612195
yolo11m,byfarm_fold5,1,0.29200549466965975,0.26257649475121747,0.029428999918442278,0.1570649992615166,0.1327102185645336
yolo11m,byfarm_fold5,2,0.31193623987378133,0.25661263088254277,0.05532360899123856,0.1642346570553709,0.12312788271634333
yolo11m,byfarm_fold5,3,0.29724420088702447,0.266602236504718,0.030641964382306486,0.1565220262153829,0.14181526195127656
yolo11m,byfarm_fold5,4,0.2936752220821051,0.23737544345135628,0.05629977863074884,0.15553217157916613,0.11972807336401828
yolo11m,byfarm_fold6,42,0.10737536930064195,0.05202990338338517,0.05534546591725678,0.04680328819415741,0.02293412303055169
yolo11m,byfarm_fold6,1,0.12205539620395567,0.06577813843579014,0.05627725776816553,0.08322199596191968,0.0329304005480628
yolo11m,byfarm_fold6,2,0.17861238034080845,0.0853999205552473,0.09321245978556116,0.1533972545763059,0.05190555692111837
yolo11m,byfarm_fold6,3,0.186146465633525,0.06373606967794879,0.1224103959555762,0.11689903159161656,0.033730548892914325
yolo11m,byfarm_fold6,4,0.15880981306594613,0.05214310602305777,0.10666670704288836,0.10264351278364528,0.028156144839070318
yolo11m,byfarm_fold7,42,0.297810647405915,0.2041953400997488,0.09361530730616621,0.21621863152761903,0.14327977095721695
yolo11m,byfarm_fold7,1,0.3013247270131005,0.22061766573295477,0.08070706128014571,0.2120533009153303,0.15680491046779454
yolo11m,byfarm_fold7,2,0.2688346480006557,0.24618329721812515,0.022651350782530555,0.20314487154217303,0.1891760714023122
yolo11m,byfarm_fold7,3,0.2875825333154697,0.19183085802008998,0.0957516752953797,0.21530388709481513,0.1327992175172584
yolo11m,byfarm_fold7,4,0.2445423957562355,0.19460756547950825,0.04993483027672724,0.18344888393995554,0.13592882805501316
