class,farm,focal,n_images,n_boxes,median_area,side_px,gated
Algal,0,ALL,54,765,0.00092771875,19.493424532390403,True
Algal,0,15.66,1,13,0.00021485,9.380967967112989,False
Algal,0,2.22,3,38,0.001332090918,23.358605266856152,False
Algal,0,5.10,1,18,0.000556034961,15.091451885938609,False
Algal,0,6.76,49,696,0.000942996289,19.65327657095376,True
Algal,1,ALL,29,156,0.00017547314449999998,8.47784170571732,True
Algal,1,2.22,9,46,0.000179747168,8.580468519422467,True
Algal,1,6.76,20,110,0.000168152832,8.299120434552087,True
Algal,2,ALL,50,567,0.000124509375,7.141361214782514,True
Algal,2,2.22,7,73,0.0001391625,7.549898012556197,True
Algal,2,5.70,15,122,6.713632799999999e-05,5.2439527027615345,True
Algal,2,6.76,28,372,0.000134881836,7.432872932157525,True
Algal,3,ALL,30,194,0.000371096875,12.328879916683428,True
Algal,3,2.22,16,105,0.0005273500000000001,14.69702554940965,True
Algal,3,6.76,14,89,0.00018555,8.717871299807081,True
Algal,4,ALL,8,53,0.00029664492200000004,11.022965120656059,True
Algal,4,5.70,8,53,0.00029664492200000004,11.022965120656059,True
Algal,5,ALL,26,276,0.0004876771485,14.133384592007676,True
Algal,5,5.70,15,154,0.000461425,13.747715446575114,True
Algal,5,6.76,10,115,0.0005840943359999999,15.467547964224968,True
Algal,5,9.00,1,7,0.00032959375,11.619018891455507,False
Algal,6,ALL,7,12,0.000444955664,13.500142220524937,True
Algal,6,2.22,5,7,0.000790405664,17.993058660894764,True
Algal,6,6.76,2,5,0.000266731836,10.452433210769634,False
Leaf_rot,0,ALL,26,82,0.013229003418,73.61113910280699,True
Leaf_rot,0,2.22,7,18,0.036264131835999996,121.87611907189037,True
Leaf_rot,0,6.76,19,64,0.009047824999999999,60.87683566020822,True
Leaf_rot,1,ALL,17,28,0.0172380958985,84.02811481894378,True
Leaf_rot,1,2.22,7,7,0.027936399414,106.9707866661473,True
Leaf_rot,1,6.76,10,21,0.015508944922000003,79.70234526067098,True
Leaf_rot,2,ALL,22,77,0.00029664492200000004,11.022965120656059,True
Leaf_rot,2,2.22,1,2,0.005029897461,45.38993280481477,False
Leaf_rot,2,5.70,6,48,0.000182491211,8.645715703491527,True
Leaf_rot,2,6.76,14,26,0.0010363890625,20.603518146180765,True
Leaf_rot,2,9.00,1,1,0.0014502125000000002,24.37225964082937,False
Leaf_rot,3,ALL,5,10,0.016963784082000003,83.35685910581805,True
Leaf_rot,3,2.22,4,9,0.020695762500000003,92.07053991369878,False
Leaf_rot,3,6.76,1,1,0.013231805664000002,73.61893506411513,False
Leaf_rot,4,ALL,33,59,0.014890175781000001,78.09619708985579,True
Leaf_rot,4,2.22,14,20,0.031092520312500004,112.85165625723002,True
Leaf_rot,4,6.76,19,39,0.0117993375,69.51984349809771,True
Leaf_rot,5,ALL,3,7,0.00477293125,44.21529870983572,False
Leaf_rot,5,5.70,3,7,0.00477293125,44.21529870983572,False
Leaf_rot,6,ALL,16,41,0.02225094375,95.46720148825983,True
Leaf_rot,6,2.22,7,14,0.0327273456055,115.78048522964826,True
Leaf_rot,6,6.76,9,27,0.014199894336,76.26451809344631,True
Leaf_rot,7,ALL,18,29,0.0030529386719999993,35.362178666637604,True
Leaf_rot,7,2.22,8,11,0.005276525586,46.48940610532254,True
Leaf_rot,7,6.76,10,18,0.0024395443359999996,31.610715904983863,True
Phomopsis,2,ALL,108,2726,3.8452539e-05,3.9686471214256374,True
Phomopsis,2,2.22,11,279,6.1027344000000005e-05,4.999680000000001,True
Phomopsis,2,5.70,42,1082,2.4412500000000004e-05,3.162176465664116,True
Phomopsis,2,6.76,51,1271,4.394375e-05,4.242565261725505,True
Phomopsis,2,9.00,4,94,4.9434961e-05,4.49984,False
Phomopsis,5,ALL,57,1151,6.835625000000001e-05,5.291381672115517,True
Phomopsis,5,5.70,35,782,6.3475e-05,5.0989567560433375,True
Phomopsis,5,6.76,18,310,7.32375e-05,5.4770503010288305,True
Phomopsis,5,9.00,4,59,0.00010071308599999999,6.4227782170646375,False
Phomopsis,6,ALL,80,1521,0.00011413691399999999,6.837432264702883,True
Phomopsis,6,2.22,38,782,9.826347650000001e-05,6.344187889273142,True
Phomopsis,6,6.76,42,739,0.0001391625,7.549898012556197,True
Psyllid,0,ALL,4,28,0.000195921289,8.958200710767759,False
Psyllid,0,2.22,1,6,0.0004922553710000001,14.199570414685088,False
Psyllid,0,5.10,1,8,9.06362305e-05,6.092995980041346,False
Psyllid,0,6.76,2,14,0.0007763593749999999,17.83246477635663,False
Psyllid,1,ALL,21,818,0.00014953027349999998,7.826084591007179,True
Psyllid,1,2.22,7,218,0.0002667259765,10.452318401885774,True
Psyllid,1,6.76,14,600,0.000115049121,6.86470101035726,True
Psyllid,2,ALL,48,425,1.8307422e-05,2.738379091944722,True
Psyllid,2,2.22,5,63,1.8307422e-05,2.738379091944722,True
Psyllid,2,5.70,10,168,5.494336000000001e-06,1.5001600000000002,True
Psyllid,2,6.76,33,194,3.0211816500000003e-05,3.517777713045553,True
Psyllid,3,ALL,1,2,7.7209668e-05,5.623618053602147,False
Psyllid,3,6.76,1,2,7.7209668e-05,5.623618053602147,False
Psyllid,4,ALL,50,1280,6.3475e-05,5.0989567560433375,True
Psyllid,4,2.22,16,283,9.337871099999999e-05,6.184490280176693,True
Psyllid,4,5.70,17,613,6.0424413999999995e-05,4.974921102329161,True
Psyllid,4,6.76,17,384,5.37125e-05,4.690483983556494,True
Psyllid,5,ALL,29,465,6.713632799999999e-05,5.2439527027615345,True
Psyllid,5,2.22,3,3,3.906250000000001e-05,4.0,False
Psyllid,5,5.70,20,343,0.000103751172,6.518932431863364,True
Psyllid,5,6.76,6,119,2.9293750000000004e-05,3.463916858124629,True
Psyllid,7,ALL,14,82,2.4412500000000004e-05,3.162176465664116,True
Psyllid,7,2.22,9,54,2.5633203000000002e-05,3.240271585654511,True
Psyllid,7,6.76,5,28,2.1361914e-05,2.958012842162792,True
Psyllid,8,ALL,1,2,1.8307422e-05,2.738379091944722,False
Psyllid,8,2.22,1,2,1.8307422e-05,2.738379091944722,False
Psyllid_damage,0,ALL,4,39,0.000162348828,8.154635488407806,False
Psyllid_damage,0,2.22,1,8,0.000194403418,8.923432075877532,False
Psyllid_damage,0,5.10,1,6,0.000296025586,11.011452221464706,False
Psyllid_damage,0,6.76,2,25,0.000128170703,7.2456000406315555,False
Psyllid_damage,1,ALL,21,360,0.000360415918,12.150158847225004,True
Psyllid_damage,1,2.22,5,77,0.000576794336,15.370587497737358,True
Psyllid_damage,1,6.76,16,283,0.0003222625,11.489069588091107,True
Psyllid_damage,2,ALL,26,292,0.00013976816400000002,7.566309534667479,True
Psyllid_damage,2,2.22,5,28,0.0001901262695,8.824722091216245,True
Psyllid_damage,2,5.70,7,60,8.7584082e-05,5.989527526207723,True
Psyllid_damage,2,6.76,14,204,0.00015594501950000003,7.992188685660518,True
Psyllid_damage,4,ALL,26,625,0.00013427265599999999,7.41606903268841,True
Psyllid_damage,4,2.22,10,244,0.00011413691399999999,6.837432264702883,True
Psyllid_damage,4,5.70,3,28,0.0001382487305,7.525070100191758,False
Psyllid_damage,4,6.76,13,353,0.00014771367199999997,7.778400867222002,True
Psyllid_damage,5,ALL,35,500,0.000147399707,7.770129985219038,True
Psyllid_damage,5,2.22,3,61,3.2954297e-05,3.673973332946226,False
Psyllid_damage,5,5.70,17,217,0.000197143164,8.986091473738735,True
Psyllid_damage,5,6.76,15,222,0.000153191211,7.921307974419376,True
Psyllid_damage,7,ALL,25,339,6.713632799999999e-05,5.2439527027615345,True
Psyllid_damage,7,2.22,11,171,6.1027344000000005e-05,4.999680000000001,True
Psyllid_damage,7,6.76,14,168,7.385683599999999e-05,5.500159999999999,True
Psyllid_damage,8,ALL,1,21,1.8307422e-05,2.738379091944722,False
Psyllid_damage,8,2.22,1,21,1.8307422e-05,2.738379091944722,False
leaf_hopper_damage,0,ALL,18,24,0.0164592333985,82.10786807624224,True
leaf_hopper_damage,0,2.22,5,5,0.020792855664000003,92.28625943212998,True
leaf_hopper_damage,0,6.76,13,19,0.011279262500000001,67.97047829756681,True
leaf_hopper_damage,1,ALL,2,2,0.0364791012695,122.2368188394446,False
leaf_hopper_damage,1,6.76,2,2,0.0364791012695,122.2368188394446,False
leaf_hopper_damage,2,ALL,7,7,0.018682319335999998,87.47729991275222,True
leaf_hopper_damage,2,2.22,1,1,0.116294025,218.25222253163884,False
leaf_hopper_damage,2,6.76,6,6,0.015292083496,79.14314499665527,True
leaf_hopper_damage,3,ALL,8,11,0.006351348828,51.00502406576042,True
leaf_hopper_damage,3,2.22,5,6,0.016102972461000002,81.21439232073094,True
leaf_hopper_damage,3,6.76,3,5,0.0042296886720000005,41.62307629249909,False
leaf_hopper_damage,4,ALL,14,19,0.016841980078,83.05705894112072,True
leaf_hopper_damage,4,2.22,2,2,0.0582250765625,154.43118648770397,False
leaf_hopper_damage,4,5.70,9,13,0.016841980078,83.05705894112072,True
leaf_hopper_damage,4,6.76,3,4,0.006278683789,50.71241347021851,False
leaf_hopper_damage,5,ALL,31,41,0.022598769922000002,96.21047843167189,True
leaf_hopper_damage,5,5.70,11,13,0.010960623828,67.00351871318998,True
leaf_hopper_damage,5,6.76,14,20,0.023685562793000003,98.496733549965,True
leaf_hopper_damage,5,9.00,6,8,0.031225243457,113.09226198103565,True
leaf_hopper_damage,6,ALL,2,2,0.027702175195499997,106.52141080588821,False
leaf_hopper_damage,6,2.22,2,2,0.027702175195499997,106.52141080588821,False
leaf_hopper_damage,7,ALL,19,19,0.009281621289000001,61.65834963712864,True
leaf_hopper_damage,7,2.22,13,13,0.008902551953,60.38613483200262,True
leaf_hopper_damage,7,6.76,6,6,0.0113479768555,68.17720528162474,True
