mAP50,mAP50_95,precision,recall,AP50::Algal,burst,farm,n_images,fold,seed,model,AP50::Leaf_rot,AP50::leaf_hopper_damage,AP50::Psyllid_damage,AP50::Psyllid,AP50::Phomopsis
0.47576414011322193,0.21146986754102923,0.5698387259257379,0.5085714285714286,0.47576414011322193,f0b000,0,11,byfarm_fold0,42,yolo11s,,,,,
0.46091979712936487,0.21113808115674143,0.5114955500440029,0.4857142857142857,0.46091979712936487,f0b000,0,11,byfarm_fold0,1,yolo11s,,,,,
0.5649159514641565,0.24902958358395985,0.5006630264350739,0.6342857142857142,0.5649159514641565,f0b000,0,11,byfarm_fold0,2,yolo11s,,,,,
0.4307330659143136,0.19751864322508528,0.5540026785230225,0.49142857142857144,0.4307330659143136,f0b000,0,11,byfarm_fold0,3,yolo11s,,,,,
0.4661485708772079,0.2081225252333286,0.5102019951317158,0.5257142857142857,0.4661485708772079,f0b000,0,11,byfarm_fold0,4,yolo11s,,,,,
0.2220908907295007,0.09649487427022521,0.33473321494672953,0.3114754098360656,0.2220908907295007,f0b009,0,8,byfarm_fold0,42,yolo11s,,,,,
0.22181656604269973,0.09006311939371155,0.3601190079403089,0.2786885245901639,0.22181656604269973,f0b009,0,8,byfarm_fold0,1,yolo11s,,,,,
0.2628278417789685,0.1080494111136642,0.3463071580626305,0.3770491803278688,0.2628278417789685,f0b009,0,8,byfarm_fold0,2,yolo11s,,,,,
0.2196374103281482,0.1062306050985968,0.37409363818462527,0.2786885245901639,0.2196374103281482,f0b009,0,8,byfarm_fold0,3,yolo11s,,,,,
0.2160286755405525,0.0974629759118053,0.29577909655695395,0.3442622950819672,0.2160286755405525,f0b009,0,8,byfarm_fold0,4,yolo11s,,,,,
0.5970930833678798,0.38391372359364134,0.7663048835621414,0.5465116279069767,0.5970930833678798,f0b010,0,5,byfarm_fold0,42,yolo11s,,,,,
0.5260148939011002,0.32686443603516163,0.6677815066526391,0.5232558139534884,0.5260148939011002,f0b010,0,5,byfarm_fold0,1,yolo11s,,,,,
0.6538803619209335,0.4314734699659553,0.8788192056568735,0.5903260696040266,0.6538803619209335,f0b010,0,5,byfarm_fold0,2,yolo11s,,,,,
0.6600826878831256,0.448733102867222,0.8392340145107595,0.5930232558139535,0.6600826878831256,f0b010,0,5,byfarm_fold0,3,yolo11s,,,,,
0.6231537733618767,0.4043660783093289,0.7633508842928051,0.6001647011904214,0.6231537733618767,f0b010,0,5,byfarm_fold0,4,yolo11s,,,,,
0.40878803721058615,0.2130668280408181,0.4792754356609978,0.37333333333333335,0.40878803721058615,f0b012,0,12,byfarm_fold0,42,yolo11s,,,,,
0.3530827296459069,0.17105241110965075,0.3247841111007821,0.42,0.3530827296459069,f0b012,0,12,byfarm_fold0,1,yolo11s,,,,,
0.4512022506707173,0.22427639721175635,0.4888616490375925,0.46,0.4512022506707173,f0b012,0,12,byfarm_fold0,2,yolo11s,,,,,
0.40006405555546587,0.2026197697100382,0.5963210044369013,0.36,0.40006405555546587,f0b012,0,12,byfarm_fold0,3,yolo11s,,,,,
0.3999947272378007,0.20599083696941137,0.4513262744704424,0.46,0.3999947272378007,f0b012,0,12,byfarm_fold0,4,yolo11s,,,,,
0.4476533597121833,0.28929585384760964,0.574468085106383,0.54,,f0b015,0,20,byfarm_fold0,42,yolo11s,0.4476533597121833,,,,
0.6732422015562727,0.4212381228408274,0.9382725350710591,0.6,,f0b015,0,20,byfarm_fold0,1,yolo11s,0.6732422015562727,,,,
0.691266882185943,0.4086448597539101,0.7472701529699802,0.7,,f0b015,0,20,byfarm_fold0,2,yolo11s,0.691266882185943,,,,
0.47920430040267237,0.2943885760085341,0.8592634988057691,0.4,,f0b015,0,20,byfarm_fold0,3,yolo11s,0.47920430040267237,,,,
0.6982343828675611,0.4173186583940079,0.9366544082143512,0.6,,f0b015,0,20,byfarm_fold0,4,yolo11s,0.6982343828675611,,,,
0.8850000000000002,0.3516166666666667,0.7112885027727398,0.8333333333333334,,f0b017,0,6,byfarm_fold0,42,yolo11s,,0.8850000000000002,,,
0.9550000000000002,0.6150500000000002,0.9800293979909779,0.8333333333333334,,f0b017,0,6,byfarm_fold0,1,yolo11s,,0.9550000000000002,,,
0.541904761904762,0.25973179271708685,0.48494322860515754,0.8333333333333334,,f0b017,0,6,byfarm_fold0,2,yolo11s,,0.541904761904762,,,
0.835,0.25270000000000004,1.0,0.8248428290880304,,f0b017,0,6,byfarm_fold0,3,yolo11s,,0.835,,,
0.34672222222222226,0.1590796594982079,0.3641974552799668,0.5,,f0b017,0,6,byfarm_fold0,4,yolo11s,,0.34672222222222226,,,
0.195,0.1655,1.0,0.19897177098259514,,f0b019,0,5,byfarm_fold0,42,yolo11s,0.195,,,,
0.10833333333333334,0.10300000000000001,0.9653016598870915,0.1,,f0b019,0,5,byfarm_fold0,1,yolo11s,0.10833333333333334,,,,
0.095,0.076,0.9693584616851003,0.1,,f0b019,0,5,byfarm_fold0,2,yolo11s,0.095,,,,
0.095,0.095,0.6094803545491574,0.1,,f0b019,0,5,byfarm_fold0,3,yolo11s,0.095,,,,
0.20534482758620692,0.1575689655172414,1.0,0.19260834046834469,,f0b019,0,5,byfarm_fold0,4,yolo11s,0.20534482758620692,,,,
0.3080835737965119,0.12093038868070319,0.6010043611066902,0.28246621852763276,0.3080835737965119,f0b025,0,5,byfarm_fold0,42,yolo11s,,,,,
0.14866695626656473,0.06424482027620218,0.14102564102564102,0.34375,0.14866695626656473,f0b025,0,5,byfarm_fold0,1,yolo11s,,,,,
0.32178262925636203,0.11150679317532282,0.45345455455326317,0.375,0.32178262925636203,f0b025,0,5,byfarm_fold0,2,yolo11s,,,,,
0.1619353971560214,0.06464189634135675,0.1411764705882353,0.375,0.1619353971560214,f0b025,0,5,byfarm_fold0,3,yolo11s,,,,,
0.30752200982003464,0.10561484711040596,0.4393344197260142,0.359375,0.30752200982003464,f0b025,0,5,byfarm_fold0,4,yolo11s,,,,,
0.0,0.0,0.0,0.0,,f0b035,0,6,byfarm_fold0,42,yolo11s,,,,,
0.0,0.0,0.0,0.0,,f0b035,0,6,byfarm_fold0,1,yolo11s,,,,,
0.0,0.0,0.0,0.0,,f0b035,0,6,byfarm_fold0,2,yolo11s,,,,,
0.0,0.0,0.0,0.0,,f0b035,0,6,byfarm_fold0,3,yolo11s,,,,,
0.0,0.0,0.0,0.0,,f0b035,0,6,byfarm_fold0,4,yolo11s,,,,,
0.0,0.0,0.0,0.0,,f0b036,0,10,byfarm_fold0,42,yolo11s,,,,,
0.0,0.0,0.0,0.0,,f0b036,0,10,byfarm_fold0,1,yolo11s,,,,,
0.0,0.0,0.0,0.0,,f0b036,0,10,byfarm_fold0,2,yolo11s,,,,,
0.0,0.0,0.0,0.0,,f0b036,0,10,byfarm_fold0,3,yolo11s,,,,,
0.0,0.0,0.0,0.0,,f0b036,0,10,byfarm_fold0,4,yolo11s,,,,,
0.43918732212649914,0.17709049785229614,0.4401622883530882,0.5565217391304348,,f1b007,1,6,byfarm_fold1,42,yolo11s,,,0.43918732212649914,,
0.21800304877558296,0.07456029637047623,0.21771951347056034,0.3739130434782609,,f1b007,1,6,byfarm_fold1,1,yolo11s,,,0.21800304877558296,,
0.18290190591042527,0.06947797526117669,0.21495327102803738,0.4,,f1b007,1,6,byfarm_fold1,2,yolo11s,,,0.18290190591042527,,
0.35722753222983844,0.14137893585974076,0.40846743444163947,0.45217391304347826,,f1b007,1,6,byfarm_fold1,3,yolo11s,,,0.35722753222983844,,
0.17175501261780152,0.05943914752800985,0.2837844476895693,0.22608695652173913,,f1b007,1,6,byfarm_fold1,4,yolo11s,,,0.17175501261780152,,
0.5092047644527414,0.22129685864979853,0.5277883720143144,0.5681818181818182,,f1b008,1,10,byfarm_fold1,42,yolo11s,,,,0.5092047644527414,
0.5236140015878681,0.20677686988212685,0.5521054989541162,0.5454545454545454,,f1b008,1,10,byfarm_fold1,1,yolo11s,,,,0.5236140015878681,
0.5344741770661167,0.250901811486702,0.6084910809161953,0.5909090909090909,,f1b008,1,10,byfarm_fold1,2,yolo11s,,,,0.5344741770661167,
0.609930274930002,0.2741919740923077,0.6364722761230307,0.5909090909090909,,f1b008,1,10,byfarm_fold1,3,yolo11s,,,,0.609930274930002,
0.6445387779931862,0.28968007326954004,0.7552185291318155,0.5681818181818182,,f1b008,1,10,byfarm_fold1,4,yolo11s,,,,0.6445387779931862,
0.62813009123493,0.33676218497085836,0.5774907472302291,0.7333333333333333,,f1b009,1,5,byfarm_fold1,42,yolo11s,0.62813009123493,,,,
0.814227106227106,0.5698473102920472,0.7215098373509458,0.7333333333333333,,f1b009,1,5,byfarm_fold1,1,yolo11s,0.814227106227106,,,,
0.5584895033282129,0.28148808017830784,0.772252484535037,0.4,,f1b009,1,5,byfarm_fold1,2,yolo11s,0.5584895033282129,,,,
0.8293389299039454,0.5876666253208435,0.6682147212687918,0.8058826074880756,,f1b009,1,5,byfarm_fold1,3,yolo11s,0.8293389299039454,,,,
0.8094640009113693,0.4534129372889054,0.7498569559560463,0.7994278238241853,,f1b009,1,5,byfarm_fold1,4,yolo11s,0.8094640009113693,,,,
0.3736461626213976,0.1294542381580981,0.4336479191451838,0.4088123393614373,,f1b010,1,5,byfarm_fold1,42,yolo11s,,,0.3736461626213976,,
0.24092656578398652,0.0860400080058902,0.38442356617536244,0.2711864406779661,,f1b010,1,5,byfarm_fold1,1,yolo11s,,,0.24092656578398652,,
0.1267787798071774,0.03854251478506371,0.13802083333333334,0.4491525423728814,,f1b010,1,5,byfarm_fold1,2,yolo11s,,,0.1267787798071774,,
0.30573204531212167,0.10496749748412033,0.4975949657462278,0.2796610169491525,,f1b010,1,5,byfarm_fold1,3,yolo11s,,,0.30573204531212167,,
0.45109522697253157,0.13850888360476382,0.5540248141221868,0.5053514745755634,,f1b010,1,5,byfarm_fold1,4,yolo11s,,,0.45109522697253157,,
0.7927777777777778,0.5648194444444445,1.0,0.5579561963425169,,f1b013,1,6,byfarm_fold1,42,yolo11s,0.7927777777777778,,,,
0.9166666666666667,0.7246282051282052,0.8548647879798152,0.8434744421646061,,f1b013,1,6,byfarm_fold1,1,yolo11s,0.9166666666666667,,,,
0.8639999999999999,0.7398999999999998,0.8465838313715867,0.8571428571428571,,f1b013,1,6,byfarm_fold1,2,yolo11s,0.8639999999999999,,,,
0.9775,0.8573999999999999,1.0,0.8421747500311645,,f1b013,1,6,byfarm_fold1,3,yolo11s,0.9775,,,,
0.818116883116883,0.7554718614718613,0.8297933943805346,0.8571428571428571,,f1b013,1,6,byfarm_fold1,4,yolo11s,0.818116883116883,,,,
0.34317238425792146,0.19645048940980178,0.4572492797905311,0.37142857142857144,0.34317238425792146,f1b014,1,27,byfarm_fold1,42,yolo11s,,,,,
0.2629313378568422,0.14621118686013856,0.3887148244635142,0.34285714285714286,0.2629313378568422,f1b014,1,27,byfarm_fold1,1,yolo11s,,,,,
0.30253814158655473,0.16985816252334074,0.46433919236830956,0.32857142857142857,0.30253814158655473,f1b014,1,27,byfarm_fold1,2,yolo11s,,,,,
0.21777597134923588,0.13555573390191678,0.27678849597004773,0.35,0.21777597134923588,f1b014,1,27,byfarm_fold1,3,yolo11s,,,,,
0.35762850906205557,0.20558274895853748,0.5527449407189897,0.35714285714285715,0.35762850906205557,f1b014,1,27,byfarm_fold1,4,yolo11s,,,,,
0.23808368910698813,0.08249268073940422,0.36441420903016014,0.31105183401191605,,f1b016,1,7,byfarm_fold1,42,yolo11s,,,,0.23808368910698813,
0.28124144637736326,0.09919710887576644,0.517885113334203,0.27530364372469635,,f1b016,1,7,byfarm_fold1,1,yolo11s,,,,0.28124144637736326,
0.29202880314704643,0.10404935068289696,0.3815764895845094,0.31983805668016196,,f1b016,1,7,byfarm_fold1,2,yolo11s,,,,0.29202880314704643,
0.2331101307558271,0.08563969880532311,0.3433570668852385,0.3157894736842105,,f1b016,1,7,byfarm_fold1,3,yolo11s,,,,0.2331101307558271,
0.2936871152704814,0.10494280730780388,0.4049756190779408,0.29959514170040485,,f1b016,1,7,byfarm_fold1,4,yolo11s,,,,0.2936871152704814,
0.8383333333333333,0.572375,0.782314924355873,0.8,,f1b017,1,5,byfarm_fold1,42,yolo11s,0.8383333333333333,,,,
0.995,0.8550000000000001,1.0,0.8864072991736133,,f1b017,1,5,byfarm_fold1,1,yolo11s,0.995,,,,
0.995,0.76575,1.0,0.9909306277534116,,f1b017,1,5,byfarm_fold1,2,yolo11s,0.995,,,,
0.5880735930735932,0.5162987012987014,0.9719973339818123,0.4,,f1b017,1,5,byfarm_fold1,3,yolo11s,0.5880735930735932,,,,
0.995,0.7348333333333332,0.9841055428824314,1.0,,f1b017,1,5,byfarm_fold1,4,yolo11s,0.995,,,,
0.07329075732985799,0.026533474464197376,0.14564174362868618,0.13626549089973625,,f1b018,1,7,byfarm_fold1,42,yolo11s,,,0.0,0.14658151465971597,
0.07214279937418877,0.025746474705700885,0.6308019478446373,0.12124463519313304,,f1b018,1,7,byfarm_fold1,1,yolo11s,,,0.0,0.14428559874837754,
0.08558282083165765,0.03129427488722939,0.6592409920302347,0.13626609442060086,,f1b018,1,7,byfarm_fold1,2,yolo11s,,,0.0,0.1711656416633153,
0.08172847920802939,0.02971450352719922,0.6495328028180625,0.13304721030042918,,f1b018,1,7,byfarm_fold1,3,yolo11s,,,0.0,0.16345695841605878,
0.06497667902267515,0.023638631815742973,0.13958078625257875,0.09978540772532189,,f1b018,1,7,byfarm_fold1,4,yolo11s,,,0.0,0.1299533580453503,
0.04860931575808102,0.01689225768635058,0.15592229458762288,0.07253192816573098,0.0007352941176470588,f2b001,2,29,byfarm_fold2,42,yolo11s,0.00348,,0.004569143253681978,0.06972288845207272,0.16453925296700334
0.04495810993422263,0.016063829990407195,0.13211241496543824,0.06983321842476772,0.0,f2b001,2,29,byfarm_fold2,1,yolo11s,0.0,,0.004473412704988166,0.06548730340760159,0.15482983355852342
0.03662457047800788,0.013274059185238886,0.16839379250027936,0.04292327390918941,0.0,f2b001,2,29,byfarm_fold2,2,yolo11s,0.011190950238102945,,0.0007450736618620528,0.06777505459357774,0.10341177389649667
0.03223231352431963,0.011337236948284066,0.1386142905110629,0.05805344889851932,6.345177664974618e-05,f2b001,2,29,byfarm_fold2,3,yolo11s,0.0007627118644067798,,0.006379170535240673,0.049767453114789834,0.1041887803305111
0.03683838965295351,0.012226699527394408,0.1569460253370408,0.049092264087391764,0.008539518900343643,f2b001,2,29,byfarm_fold2,4,yolo11s,0.0,,0.0069206808460560015,0.061899797763387776,0.1068319507549801
0.20350612203118462,0.09750847521205064,0.6546003694030237,0.24723273657289005,0.17783762685402033,f2b002,2,12,byfarm_fold2,42,yolo11s,0.00875,,0.03578016821375455,0.23608289193451365,0.5590799231536345
0.21452158183742004,0.09822516079579088,0.510230353489478,0.20381244671781756,0.16064675324675326,f2b002,2,12,byfarm_fold2,1,yolo11s,0.0,,0.04886845269751564,0.32137040732658584,0.5417222959162454
0.19868261300737308,0.08700820896405766,0.726143684002021,0.18608169985160716,0.17943936527952922,f2b002,2,12,byfarm_fold2,2,yolo11s,0.03944444444444444,,0.05330654555965279,0.21716007688585848,0.5040626328673805
0.19633026916032376,0.08844751472761059,0.6373459802476534,0.22934606198634513,0.251,f2b002,2,12,byfarm_fold2,3,yolo11s,0.0,,0.060310238408624865,0.22185637357668436,0.4484847338163096
0.23030916611743568,0.1058619575480655,0.7463965153992291,0.20445012787723785,0.2500700280112045,f2b002,2,12,byfarm_fold2,4,yolo11s,0.0,,0.05194278606965174,0.266568906113106,0.5829641103932163
0.08797930281243835,0.03365016182406201,0.15413480034227925,0.09156223893065998,0.33769140220747484,f2b005,2,11,byfarm_fold2,42,yolo11s,0.0,,,0.001810850439882698,0.012414958602395809
0.10966847085430675,0.041701583283534405,0.460023121762936,0.11661527620947575,0.41245307362409755,f2b005,2,11,byfarm_fold2,1,yolo11s,0.0,,,0.016852380952380952,0.009368428840748512
0.060286169996507794,0.022802437627028195,0.4053160078638677,0.0894749895572264,0.22903140801760208,f2b005,2,11,byfarm_fold2,2,yolo11s,0.0,,,0.0037714932126696834,0.008341778755759418
0.0829277620609878,0.029904088105779693,0.3926765277006258,0.08506683375104428,0.33007682338497263,f2b005,2,11,byfarm_fold2,3,yolo11s,0.0,,,0.00023972602739726024,0.0013944988315812978
0.10268442881118296,0.03222155044455413,0.45138435235033963,0.10916329901694002,0.38209722574423755,f2b005,2,11,byfarm_fold2,4,yolo11s,0.0,,,0.02362618724559023,0.005014302254904063
0.10418604178386622,0.039086873408272896,0.38111479219216854,0.15034432161060646,0.11583333333333334,f2b006,2,25,byfarm_fold2,42,yolo11s,0.0,,0.0,0.10027998092732185,0.3048168946586759
0.08651428463593872,0.03397127202279735,0.1454590023890526,0.13802674119129815,0.028915548931942377,f2b006,2,25,byfarm_fold2,1,yolo11s,0.0,,0.0,0.13108578287375264,0.2725700913739985
0.07402273784915034,0.028059932891466702,0.33801669681718244,0.15303852265877582,0.02483974358974359,f2b006,2,25,byfarm_fold2,2,yolo11s,0.0,,0.00020264681555004136,0.08226382363394882,0.26280747520650927
0.06975428981439583,0.02630567151624996,0.10766431335704682,0.09453394706559264,0.02236842105263158,f2b006,2,25,byfarm_fold2,3,yolo11s,0.0,,0.0,0.08595660181593359,0.24044642620341394
0.11184651260829973,0.0458028944626706,0.6367916784337768,0.17156830238830917,0.13344059405940595,f2b006,2,25,byfarm_fold2,4,yolo11s,0.0,,0.0,0.1335510850937808,0.2922408838883118
0.15824534300369977,0.06842247028036616,0.4267741103153544,0.17962903632255112,0.16126932071141376,f2b009,2,49,byfarm_fold2,42,yolo11s,0.0032142857142857142,0.259642857142857,0.1436343115891574,0.2109332975260274,0.17077798533845728
0.13245655459388375,0.0526473343849582,0.18881692309390422,0.1825771038956626,0.18408024544056972,f2b009,2,49,byfarm_fold2,1,yolo11s,0.0,0.133,0.10285099315557608,0.21313824667224396,0.1616698422949128
0.14969231266384583,0.07001794393292368,0.2655224356764168,0.17999333143914983,0.1990514716707734,f2b009,2,49,byfarm_fold2,2,yolo11s,0.1553787878787879,0.04483974358974359,0.06821875382359557,0.24091890623637868,0.18974621278379578
0.1089109058942655,0.05174255735198024,0.18515739675481704,0.2031545608061506,0.1969290985359023,f2b009,2,49,byfarm_fold2,3,yolo11s,0.003084033613445378,0.02727304737516005,0.08807550675659157,0.2347283879611395,0.10337536112335421
0.12163890410570244,0.05167602893800099,0.43978198372067906,0.16054422326327292,0.18486828680899986,f2b009,2,49,byfarm_fold2,4,yolo11s,0.0,0.09133620689655172,0.05324727527647304,0.21692943280319382,0.18345222284899626
0.4203424194069636,0.16592867958562488,0.668608234183164,0.4188034188034188,,f2b010,2,5,byfarm_fold2,42,yolo11s,0.0,0.945,,,0.3160272582208907
0.3842281967632046,0.2908630324837368,0.7673156316003408,0.39005216524922054,,f2b010,2,5,byfarm_fold2,1,yolo11s,0.0,0.995,,,0.15768459028961374
0.33142069961806675,0.22946805978434137,0.3026159447953109,0.4230034417594288,,f2b010,2,5,byfarm_fold2,2,yolo11s,0.0,0.7866666666666666,,,0.2075954321875336
0.39484036523525295,0.2804219925271723,0.9756014016154904,0.3333333333333333,,f2b010,2,5,byfarm_fold2,3,yolo11s,0.0,0.995,,,0.1895210957057588
0.3464657082781331,0.20189311071302493,0.6651617609629995,0.4153425106860749,,f2b010,2,5,byfarm_fold2,4,yolo11s,0.0,0.895,,,0.14439712483439932
0.5360647986315609,0.3457311227581683,0.368964690490887,0.6319669216648232,0.4042591945262433,f3b001,3,10,byfarm_fold3,42,yolo11s,0.995,0.4975,,0.2475,
0.3848939306907963,0.276829319144392,0.6759122992648031,0.45588235294117646,0.463742389429852,f3b001,3,10,byfarm_fold3,1,yolo11s,0.8283333333333331,0.0,,0.2475,
0.2938971800423859,0.21503098879715649,0.7621459113221344,0.2676560967646203,0.4330887201695437,f3b001,3,10,byfarm_fold3,2,yolo11s,0.495,0.0,,0.2475,
0.3870928922804605,0.2840251364820229,0.6272266079227884,0.32378273757276294,0.4921638623549248,f3b001,3,10,byfarm_fold3,3,yolo11s,0.995,0.05236842105263158,,0.008839285714285713,
0.4856269669468488,0.23339052803386245,0.8362187302247838,0.384259660233717,0.4525078677873951,f3b001,3,10,byfarm_fold3,4,yolo11s,0.995,0.0,,0.495,
0.8095714285714286,0.4085289377289378,0.7767665392695718,0.8888888888888888,,f3b004,3,6,byfarm_fold3,42,yolo11s,,0.8095714285714286,,,
0.4972143386760901,0.2682880452436544,0.6553017040894795,0.42550284014913253,,f3b004,3,6,byfarm_fold3,1,yolo11s,,0.4972143386760901,,,
0.5664616572656461,0.3846463179335662,0.6095829805924234,0.5555555555555556,,f3b004,3,6,byfarm_fold3,2,yolo11s,,0.5664616572656461,,,
0.7745416666666666,0.43821221264367816,0.6664242290329219,0.8879999508984915,,f3b004,3,6,byfarm_fold3,3,yolo11s,,0.7745416666666666,,,
0.6283461148822596,0.35188487757459047,0.7894950692016285,0.5555555555555556,,f3b004,3,6,byfarm_fold3,4,yolo11s,,0.6283461148822596,,,
0.8311563490839239,0.4932597138120001,0.8560035982500197,0.7549426242263112,0.8311563490839239,f3b010,3,10,byfarm_fold3,42,yolo11s,,,,,
0.7905536192732241,0.48377424909119887,0.8325529623293633,0.6984126984126984,0.7905536192732241,f3b010,3,10,byfarm_fold3,1,yolo11s,,,,,
0.794040728368306,0.48059891790863507,0.8073076361374918,0.7315426335794342,0.794040728368306,f3b010,3,10,byfarm_fold3,2,yolo11s,,,,,
0.8210821059840677,0.4786282525132666,0.908797411909939,0.6984126984126984,0.8210821059840677,f3b010,3,10,byfarm_fold3,3,yolo11s,,,,,
0.7605449007658305,0.4129305958443556,0.8425680696717018,0.6666666666666666,0.7605449007658305,f3b010,3,10,byfarm_fold3,4,yolo11s,,,,,
0.8119580419580419,0.5241079545454546,0.8719296517530856,0.6828060498172791,0.8119580419580419,f3b012,3,5,byfarm_fold3,42,yolo11s,,,,,
0.795,0.4970161290322581,0.9329517669864926,0.8,0.795,f3b012,3,5,byfarm_fold3,1,yolo11s,,,,,
0.6855128205128205,0.42354102564102564,0.9732835674099344,0.6,0.6855128205128205,f3b012,3,5,byfarm_fold3,2,yolo11s,,,,,
0.9616666666666668,0.5272916666666667,1.0,0.8648731488705597,0.9616666666666668,f3b012,3,5,byfarm_fold3,3,yolo11s,,,,,
0.787463768115942,0.567070487483531,0.9899839189352896,0.7,0.787463768115942,f3b012,3,5,byfarm_fold3,4,yolo11s,,,,,
0.4312232473671331,0.2916068879338679,0.9270841338403588,0.34375,0.8624464947342662,f3b017,3,5,byfarm_fold3,42,yolo11s,0.0,,,,
0.5915940110614024,0.44681722462320284,0.606559541326835,0.575,0.8287677322677323,f3b017,3,5,byfarm_fold3,1,yolo11s,0.3544202898550725,,,,
0.4578514687926453,0.3256606011635423,0.4252842615454079,0.5375,0.8767029375852906,f3b017,3,5,byfarm_fold3,2,yolo11s,0.03900000000000001,,,,
0.5408416289592761,0.36286654026120935,0.6800396559451611,0.475,0.8866832579185522,f3b017,3,5,byfarm_fold3,3,yolo11s,0.195,,,,
0.57154789791782,0.3858527347389916,0.8264590182484044,0.46901511127386275,0.8420088393139008,f3b017,3,5,byfarm_fold3,4,yolo11s,0.3010869565217392,,,,
0.15867350744133651,0.06603717476890031,0.22553542742590243,0.2786259541984733,,f4b002,4,11,byfarm_fold4,42,yolo11s,,,,0.15867350744133651,
0.17168588455647027,0.06438365835325868,0.28260131816485995,0.25190839694656486,,f4b002,4,11,byfarm_fold4,1,yolo11s,,,,0.17168588455647027,
0.13423334131164366,0.05167362444211797,0.23804713487317625,0.1984732824427481,,f4b002,4,11,byfarm_fold4,2,yolo11s,,,,0.13423334131164366,
0.1209460576901472,0.05268302048090266,0.22132244919148608,0.1717557251908397,,f4b002,4,11,byfarm_fold4,3,yolo11s,,,,0.1209460576901472,
0.11945374738843588,0.04666648563493216,0.2739809277050804,0.16793893129770993,,f4b002,4,11,byfarm_fold4,4,yolo11s,,,,0.11945374738843588,
0.27827789681019255,0.12689795851655783,0.5374626718597636,0.24125874125874125,,f4b003,4,9,byfarm_fold4,42,yolo11s,,,,0.27827789681019255,
0.26333740117062204,0.12086356491333886,0.6669479080258708,0.23776223776223776,,f4b003,4,9,byfarm_fold4,1,yolo11s,,,,0.26333740117062204,
0.2426386021843364,0.1020874400892908,0.42593237048318655,0.24125874125874125,,f4b003,4,9,byfarm_fold4,2,yolo11s,,,,0.2426386021843364,
0.2348565864267666,0.11155652148709969,0.5570010090540338,0.2202797202797203,,f4b003,4,9,byfarm_fold4,3,yolo11s,,,,0.2348565864267666,
0.28072616239233983,0.1347988250272665,0.6771786961028571,0.23076923076923078,,f4b003,4,9,byfarm_fold4,4,yolo11s,,,,0.28072616239233983,
0.35645051017835977,0.23035259557761764,0.6744784556006473,0.3381400963922174,0.11910770099593587,f4b005,4,14,byfarm_fold4,42,yolo11s,,0.995,0.0,0.3116943397175032,
0.3654738300017232,0.20153967290271352,0.7621367923879705,0.34043523082178073,0.13195964565222812,f4b005,4,14,byfarm_fold4,1,yolo11s,,0.995,0.0,0.33493567435466454,
0.33042965749730263,0.16513853264972408,0.8663457798770174,0.2863142033542977,0.09818683069194391,f4b005,4,14,byfarm_fold4,2,yolo11s,,0.8859090909090908,0.0,0.3376227083881759,
0.37021665834861817,0.1894702783697677,0.6367921644380663,0.37989120230659934,0.2144062087332061,f4b005,4,14,byfarm_fold4,3,yolo11s,,0.9378571428571427,0.0,0.3286032818041238,
0.3472013964473577,0.15882150381415494,0.7035966914106808,0.2845780922431866,0.07377492882640871,f4b005,4,14,byfarm_fold4,4,yolo11s,,0.9616666666666666,0.0,0.35336399029635557,
0.1276201367364673,0.035564818555239894,0.18808194956839006,0.20123839009287925,,f4b006,4,7,byfarm_fold4,42,yolo11s,,,0.021166666666666667,0.23407360680626793,
0.13633474466760884,0.03403829123028422,0.25063184012114503,0.2944541661058016,,f4b006,4,7,byfarm_fold4,1,yolo11s,,,0.112057749792572,0.16061173954264568,
0.20987406698793495,0.048745705419948646,0.2527524069521617,0.3361152241216853,,f4b006,4,7,byfarm_fold4,2,yolo11s,,,0.15680943496801708,0.2629386990078528,
0.09784464262394588,0.01956072654815441,0.09816597592222016,0.4683672095840624,,f4b006,4,7,byfarm_fold4,3,yolo11s,,,0.10342339305328027,0.0922658921946115,
0.2573405686310202,0.06656927569349856,0.4897437799374913,0.25775735100769437,,f4b006,4,7,byfarm_fold4,4,yolo11s,,,0.25191936286709804,0.2627617743949423,
0.1935816692268305,0.10851476361153782,0.28205128205128205,0.3142857142857143,,f4b007,4,11,byfarm_fold4,42,yolo11s,0.1935816692268305,,,,
0.2286346142726534,0.1410879395716499,0.20162882170045218,0.22857142857142856,,f4b007,4,11,byfarm_fold4,1,yolo11s,0.2286346142726534,,,,
0.38116783762559564,0.2593084440285996,0.3741244394850843,0.3142857142857143,,f4b007,4,11,byfarm_fold4,2,yolo11s,0.38116783762559564,,,,
0.25371144429864184,0.15305297077886965,0.3176296623078603,0.2661968660111978,,f4b007,4,11,byfarm_fold4,3,yolo11s,0.25371144429864184,,,,
0.25572206132028363,0.1462993669340968,0.9564157175715008,0.22857142857142856,,f4b007,4,11,byfarm_fold4,4,yolo11s,0.25572206132028363,,,,
0.15382774592411275,0.037165288727654434,0.5124610623625419,0.1705316742081448,,f4b009,4,6,byfarm_fold4,42,yolo11s,,,0.11340008059281423,0.19425541125541124,
0.1917236789159921,0.05240980928199326,0.30756829283750753,0.21464932126696834,,f4b009,4,6,byfarm_fold4,1,yolo11s,,,0.17473307211769848,0.2087142857142857,
0.20242392726201705,0.07012538534255916,0.6606713819021914,0.1699706199011692,,f4b009,4,6,byfarm_fold4,2,yolo11s,,,0.16984785452403411,0.235,
0.1543172483751093,0.03712540917254846,0.3192298695109117,0.153633404153096,,f4b009,4,6,byfarm_fold4,3,yolo11s,,,0.1676344967502186,0.14100000000000001,
0.17333343824014813,0.057592754554748694,0.3402968564076253,0.1831111945186872,,f4b009,4,6,byfarm_fold4,4,yolo11s,,,0.18653867135209112,0.16012820512820514,
0.36366029651425247,0.2960394120245807,0.9605110288534502,0.2780819286256295,,f4b010,4,21,byfarm_fold4,42,yolo11s,0.7095289679038789,,0.01779162512462612,,
0.48083913746857276,0.32158520749781994,0.9287185141760705,0.40476190476190477,,f4b010,4,21,byfarm_fold4,1,yolo11s,0.9338513393863292,,0.027826935550816244,,
0.3930268663432232,0.2936449388774089,0.42990369078763013,0.4175824175824176,,f4b010,4,21,byfarm_fold4,2,yolo11s,0.76942454926963,,0.016629183416816372,,
0.4566713296526832,0.29902195335233417,0.8938231421495562,0.4418130901576669,,f4b010,4,21,byfarm_fold4,3,yolo11s,0.8845695970695969,,0.02877306223576952,,
0.4586829627029318,0.2796412612932089,0.6022367529289643,0.4062604425572592,,f4b010,4,21,byfarm_fold4,4,yolo11s,0.8760060772560774,,0.04135984814978623,,
0.29151882239330745,0.14314820363207756,0.3537341312591718,0.2547892720306513,,f4b011,4,10,byfarm_fold4,42,yolo11s,0.0335,0.7524285714285713,0.08862789575135092,,
0.3691709049197776,0.12377898816505158,0.3666826651942834,0.4233716475095785,,f4b011,4,10,byfarm_fold4,1,yolo11s,0.4670000000000001,0.37410476190476194,0.26640795285457075,,
0.169305136009909,0.08408125113599503,0.203941213394537,0.21363815045747522,,f4b011,4,10,byfarm_fold4,2,yolo11s,0.037222222222222226,0.28140476190476194,0.18928842390274286,,
0.2731472215189074,0.1405046796621433,0.44381306229219497,0.2569103160380021,,f4b011,4,10,byfarm_fold4,3,yolo11s,0.04586206896551725,0.6092727272727273,0.16430686831847763,,
0.19675064084604713,0.09640922682276251,0.17591580651689942,0.48084291187739464,,f4b011,4,10,byfarm_fold4,4,yolo11s,0.05583333333333333,0.4733333333333334,0.06108525587147467,,
0.08729140615338063,0.024097499285579353,0.1525388734060524,0.192015063183118,,f5b000,5,13,byfarm_fold5,42,yolo11s,,,0.009653619195866651,0.1649291931108946,
0.12491355938972228,0.0448163098454869,0.4195002199674694,0.14166666666666666,,f5b000,5,13,byfarm_fold5,1,yolo11s,,,0.01895211877944456,0.230875,
0.15160492691244848,0.03982212659063945,0.3048084671170344,0.18870095768819284,,f5b000,5,13,byfarm_fold5,2,yolo11s,,,0.018152161517204668,0.2850576923076923,
0.20109116510250524,0.048065371243957176,0.4094948128133784,0.17291666666666666,,f5b000,5,13,byfarm_fold5,3,yolo11s,,,0.012510330882173099,0.38967199932283736,
0.1476193505601113,0.052706901241702575,0.18828646828445864,0.1388888888888889,,f5b000,5,13,byfarm_fold5,4,yolo11s,,,0.005199903054938294,0.2900387980652843,
0.18374974096447758,0.07104938620993363,0.48822850263449535,0.2950680272108844,0.0,f5b002,5,18,byfarm_fold5,42,yolo11s,,0.099,0.09795446903293048,0.5380444948249798,
0.29062394384290774,0.11636804188556109,0.26915837151077043,0.27617357764847306,0.0,f5b002,5,18,byfarm_fold5,1,yolo11s,,0.495,0.19794968793784512,0.46954608743378584,
0.1292327845383966,0.047389491937181824,0.18016344609155233,0.25298008037075803,0.0,f5b002,5,18,byfarm_fold5,2,yolo11s,,0.011511627906976745,0.06553786203693958,0.43988164820967,
0.2655632395556802,0.09324428914492724,0.24329419365422578,0.2747418587489041,0.0,f5b002,5,18,byfarm_fold5,3,yolo11s,,0.495,0.08322033798161771,0.48403262024110283,
0.1709681319616716,0.0705409400029463,0.18840487263612765,0.29597151360544216,0.0,f5b002,5,18,byfarm_fold5,4,yolo11s,,0.1283582949308756,0.17502923935375503,0.3804849935620558,
0.16327595350020244,0.06570281306633212,0.21633221671592415,0.1773672208522973,,f5b003,5,15,byfarm_fold5,42,yolo11s,,,0.02443924390782596,0.0,0.46538861659278136
0.1383203829480911,0.05154278993815158,0.17637232911624923,0.14677187832723124,,f5b003,5,15,byfarm_fold5,1,yolo11s,,,0.03718149264983038,0.0,0.37777965619444287
0.14231194600732142,0.053022635762083874,0.5090627743215933,0.16746031746031745,,f5b003,5,15,byfarm_fold5,2,yolo11s,,,0.009189869171418988,0.0,0.41774596885054527
0.10862999132965188,0.04099839798458579,0.16614879763225954,0.14404761904761906,,f5b003,5,15,byfarm_fold5,3,yolo11s,,,0.00677932967944722,0.0,0.3191106443095084
0.1549560040591033,0.05601196132746835,0.5607333064577792,0.15436507936507937,,f5b003,5,15,byfarm_fold5,4,yolo11s,,,0.015344322165357697,0.0,0.44952369001195225
0.2879789036224667,0.10562951432314263,0.45432717506918857,0.3347826086956522,,f5b004,5,7,byfarm_fold5,42,yolo11s,,,,,0.2879789036224667
0.27127429137026815,0.09694023892349596,0.5617866350785571,0.22608695652173913,,f5b004,5,7,byfarm_fold5,1,yolo11s,,,,,0.27127429137026815
0.34478130714590227,0.14085836970848037,0.5528816726396517,0.3391304347826087,,f5b004,5,7,byfarm_fold5,2,yolo11s,,,,,0.34478130714590227
0.2641217221293379,0.0951262588943623,0.2710526315789474,0.44782608695652176,,f5b004,5,7,byfarm_fold5,3,yolo11s,,,,,0.2641217221293379
0.38905428578922124,0.14834603431597454,0.6243088548205759,0.3695652173913043,,f5b004,5,7,byfarm_fold5,4,yolo11s,,,,,0.38905428578922124
0.3397492557918525,0.2001310533608207,0.31873380874273505,0.42490939293264873,0.7674108533509868,f5b005,5,18,byfarm_fold5,42,yolo11s,0.124375,0.44977056277056277,,,0.01744060704586046
0.3415417979622538,0.23040094197148037,0.3323291731468663,0.5243506493506493,0.6394481103070521,f5b005,5,18,byfarm_fold5,1,yolo11s,0.24875,0.45591635423400134,,,0.022052727307961678
0.2874696749958028,0.17085286315496884,0.2793380310459094,0.28016460283902145,0.6500978741616631,f5b005,5,18,byfarm_fold5,2,yolo11s,0.06520408163265307,0.4121529411764706,,,0.022423803012424456
0.2811427492292816,0.18996261559454158,0.28138344964071227,0.33415246522079045,0.5561350430974625,f5b005,5,18,byfarm_fold5,3,yolo11s,0.0807142857142857,0.45934706672637715,,,0.02837460137900119
0.3077654153606158,0.19866065850062237,0.3051714014785057,0.5451819190094265,0.615705744245234,f5b005,5,18,byfarm_fold5,4,yolo11s,0.14132352941176474,0.4680975051298734,,,0.005934882655591018
0.2781283089048148,0.12350859365389295,0.32577450271431646,0.3133570822157662,0.6223426668056289,f5b006,5,9,byfarm_fold5,42,yolo11s,,,0.0309375,0.12845825088137947,0.33077481793225094
0.19895270501074208,0.09766510388009204,0.3547512735052559,0.23907987497113628,0.5427484038252999,f5b006,5,9,byfarm_fold5,1,yolo11s,,,0.0,0.023098480880041905,0.2299639353376265
0.23091567937392915,0.10921223142968525,0.24715222074251034,0.3011027320682752,0.5527154000693844,f5b006,5,9,byfarm_fold5,2,yolo11s,,,0.017812500000000002,0.08464611970943842,0.2684886977168939
0.23485210203823154,0.10547628507888311,0.26902461715407017,0.30565704105930364,0.5149525878116082,f5b006,5,9,byfarm_fold5,3,yolo11s,,,0.0209375,0.1132152435660358,0.2903030767752821
0.22308743357963565,0.10395929168893603,0.32403870906774623,0.23888706797498388,0.560995303914094,f5b006,5,9,byfarm_fold5,4,yolo11s,,,0.04013513513513513,0.048667530286881325,0.24255176498243217
0.22349444421096565,0.11389716766027032,0.28223827515500494,0.26926637220740146,0.11005947693588145,f5b007,5,10,byfarm_fold5,42,yolo11s,0.35382352941176476,0.42300000000000004,0.0,0.0017410714285714286,0.4523425874895761
0.20574223059774852,0.10017129840444307,0.2279190153446046,0.231879963280703,0.13644760838427245,f5b007,5,10,byfarm_fold5,1,yolo11s,0.4367748917748918,0.20051476251604622,0.0,0.005735294117647059,0.45498082679363366
0.25428063159246617,0.13767630762717556,0.5297055581205545,0.23936136508802464,0.21435926573426575,f5b007,5,10,byfarm_fold5,2,yolo11s,0.4078205128205129,0.39,0.0,0.0325,0.48100401100001844
0.30280680842318874,0.17205743838682241,0.7516925106172222,0.32194779607551866,0.16064656005492686,f5b007,5,10,byfarm_fold5,3,yolo11s,0.755,0.445,0.0,0.0121875,0.4440067904842055
0.2028170081554946,0.1104570800200899,0.4004754768977407,0.2634722409686987,0.10440888903587708,f5b007,5,10,byfarm_fold5,4,yolo11s,0.4621296296296296,0.3016852974611596,0.0,0.0,0.3486782328063013
0.6185142913163763,0.3101890279689943,0.7211544971290658,0.5983935501886815,,f5b009,5,21,byfarm_fold5,42,yolo11s,,0.7718119690364409,,,0.46521661359631156
0.56814563605107,0.24836795362946568,0.4908443579749941,0.6363095196901902,,f5b009,5,21,byfarm_fold5,1,yolo11s,,0.5565554017939242,,,0.5797358703082159
0.7267497365406625,0.3759797937268967,0.7189000154350597,0.6857585139318885,,f5b009,5,21,byfarm_fold5,2,yolo11s,,0.913262056044314,,,0.540237417037011
0.6332951378401358,0.28555183165513415,0.6104069891138594,0.5309597523219814,,f5b009,5,21,byfarm_fold5,3,yolo11s,,0.5972354269173491,,,0.6693548487629225
0.5459947608791593,0.2645976704823413,0.5601190402887204,0.5389514844254525,,f5b009,5,21,byfarm_fold5,4,yolo11s,,0.4943700453055716,,,0.597619476452747
0.24588523105081442,0.12161955774555687,0.3791194744219635,0.25496246872393663,0.5463806413972055,f5b010,5,10,byfarm_fold5,42,yolo11s,,,,0.0008685047059349364,0.19040654704930285
0.19473302458413688,0.09639250381340574,0.22998054581913263,0.26994717820405895,0.4572446989578351,f5b010,5,10,byfarm_fold5,1,yolo11s,,,,0.005804914908995335,0.12114945988558021
0.20227977647773743,0.10930587496747786,0.31689231135737655,0.26011712073653004,0.49013313473395653,f5b010,5,10,byfarm_fold5,2,yolo11s,,,,0.01575968992248062,0.10094650477677505
0.20447500577177638,0.10177655259766998,0.30969868811540874,0.2656626737367526,0.5187192110356257,f5b010,5,10,byfarm_fold5,3,yolo11s,,,,0.0062499999999999995,0.08845580627970348
0.19133168800360664,0.10619907903129876,0.3400537249295002,0.23049763691965527,0.47882505815230203,f5b010,5,10,byfarm_fold5,4,yolo11s,,,,0.0067548886070796735,0.08841511725143825
0.431023312911978,0.17767373254429095,0.6528443872820684,0.339322758119037,0.6235714285714286,f5b011,5,5,byfarm_fold5,42,yolo11s,,,,0.07386230496500698,0.5956362051994984
0.180340014016543,0.06171441392179992,0.2439576894590807,0.24326923076923077,0.12773809523809526,f5b011,5,5,byfarm_fold5,1,yolo11s,,,,0.03827126073101306,0.37501068608052074
0.4329554820085608,0.17423594138457119,0.4585452440299958,0.5094017094017095,0.6692857142857142,f5b011,5,5,byfarm_fold5,2,yolo11s,,,,0.0869115717629673,0.542669159977001
0.21951304435524857,0.05797236276228577,0.31300040144638724,0.32895299145299145,0.13111218568665375,f5b011,5,5,byfarm_fold5,3,yolo11s,,,,0.10079259224244302,0.42663435513664894
0.3217731912091539,0.1210011616035865,0.34028960610205333,0.39352690970552967,0.6213157894736842,f5b011,5,5,byfarm_fold5,4,yolo11s,,,,0.052257405177071545,0.29174637897670586
0.4429157473067673,0.17450986935523682,0.4964998386860433,0.4619289340101523,,f6b001,6,9,byfarm_fold6,42,yolo11s,,,,,0.4429157473067673
0.25729078465527244,0.10225933217893228,0.3597919278692562,0.34517766497461927,,f6b001,6,9,byfarm_fold6,1,yolo11s,,,,,0.25729078465527244
0.3412829332639026,0.15955079305702802,0.3996006732269759,0.3553299492385787,,f6b001,6,9,byfarm_fold6,2,yolo11s,,,,,0.3412829332639026
0.370574683526089,0.15698014197373805,0.46868115419585127,0.38578680203045684,,f6b001,6,9,byfarm_fold6,3,yolo11s,,,,,0.370574683526089
0.37756899536965427,0.15871305174607128,0.5094685837702879,0.44813516325190855,,f6b001,6,9,byfarm_fold6,4,yolo11s,,,,,0.37756899536965427
0.20249415008879557,0.0908591713717424,0.5053915220911873,0.17632090279134516,,f6b006,6,6,byfarm_fold6,42,yolo11s,0.195,,,,0.20998830017759113
0.14783016925116185,0.054510289536425185,0.165,0.3191780821917808,,f6b006,6,6,byfarm_fold6,1,yolo11s,0.065,,,,0.2306603385023237
0.0842934964308304,0.03319846459186276,0.3571428571428571,0.1821917808219178,,f6b006,6,6,byfarm_fold6,2,yolo11s,0.065,,,,0.10358699286166079
0.15308658494424346,0.061412308741968825,0.2762560978289172,0.19246575342465755,,f6b006,6,6,byfarm_fold6,3,yolo11s,0.0975,,,,0.20867316988848691
0.10875,0.06196071428571428,0.9754895189321585,0.1,,f6b006,6,6,byfarm_fold6,4,yolo11s,0.195,,,,0.0225
0.1278810301495029,0.058425023368691396,0.15136051763517452,0.125,0.0,f6b007,6,23,byfarm_fold6,42,yolo11s,0.0,,,,0.38364309044850864
0.09283300561443845,0.04282969193738818,0.1366828220814015,0.07675438596491228,0.0,f6b007,6,23,byfarm_fold6,1,yolo11s,0.0,,,,0.27849901684331535
0.05278159887879926,0.025526364136593996,0.053406998158379376,0.12719298245614036,0.0,f6b007,6,23,byfarm_fold6,2,yolo11s,0.0,,,,0.15834479663639778
0.11702117063133409,0.05541750822235652,0.15664301472315958,0.11513157894736842,0.0,f6b007,6,23,byfarm_fold6,3,yolo11s,0.0,,,,0.35106351189400226
0.10424727533534456,0.05478947985739165,0.5001322733647623,0.09429824561403509,0.0,f6b007,6,23,byfarm_fold6,4,yolo11s,0.0,,,,0.3127418260060337
0.22893425558723463,0.08086180542781848,0.3941102407942985,0.30973451327433627,,f6b013,6,10,byfarm_fold6,42,yolo11s,,,,,0.22893425558723463
0.21266139138711473,0.06360846364474997,0.2020618556701031,0.5781710914454278,,f6b013,6,10,byfarm_fold6,1,yolo11s,,,,,0.21266139138711473
0.18461578886879731,0.06678506453365433,0.3514601806334193,0.20648967551622419,,f6b013,6,10,byfarm_fold6,2,yolo11s,,,,,0.18461578886879731
0.3055063393663878,0.11068771461100294,0.4373361694650902,0.3691424808448951,,f6b013,6,10,byfarm_fold6,3,yolo11s,,,,,0.3055063393663878
0.11535541177527996,0.031398074697066035,0.260752688172043,0.2861356932153392,,f6b013,6,10,byfarm_fold6,4,yolo11s,,,,,0.11535541177527996
0.3482916133755555,0.19594799080756514,0.6789409230965217,0.2868217054263566,,f6b017,6,8,byfarm_fold6,42,yolo11s,,,,,0.3482916133755555
0.31187184365961207,0.18990344852103794,0.5179851953131603,0.27906976744186046,,f6b017,6,8,byfarm_fold6,1,yolo11s,,,,,0.31187184365961207
0.15245602688355353,0.0980005193540221,0.36508529534711076,0.17054263565891473,,f6b017,6,8,byfarm_fold6,2,yolo11s,,,,,0.15245602688355353
0.34349631302094463,0.21499274047426592,0.553990198376439,0.31774842650446883,,f6b017,6,8,byfarm_fold6,3,yolo11s,,,,,0.34349631302094463
0.33282435123704274,0.22454065327626666,0.7241980484042154,0.2713178294573643,,f6b017,6,8,byfarm_fold6,4,yolo11s,,,,,0.33282435123704274
0.016312056737588655,0.004362133013628695,0.008,0.5714285714285714,,f7b002,7,11,byfarm_fold7,42,yolo11s,,0.016312056737588655,,,
0.016810897435897438,0.002813902243589744,0.03614457831325301,0.42857142857142855,,f7b002,7,11,byfarm_fold7,1,yolo11s,,0.016810897435897438,,,
0.01293125,0.006031926020408163,0.02857142857142857,0.42857142857142855,,f7b002,7,11,byfarm_fold7,2,yolo11s,,0.01293125,,,
0.006304347826086957,0.0032203290246768505,0.009900990099009901,0.14285714285714285,,f7b002,7,11,byfarm_fold7,3,yolo11s,,0.006304347826086957,,,
0.007250000000000001,0.0036250000000000006,0.008064516129032258,0.14285714285714285,,f7b002,7,11,byfarm_fold7,4,yolo11s,,0.007250000000000001,,,
0.30199726042771274,0.2002007857965677,0.7771170350415784,0.1625,,f7b004,7,16,byfarm_fold7,42,yolo11s,0.37521038850322724,0.6859644522144521,0.09317053902134066,0.053643661971830986,
0.37332306569599805,0.23796640494461058,0.4052062498242201,0.2953155818540434,,f7b004,7,16,byfarm_fold7,1,yolo11s,0.4266512500278279,0.8032677537516246,0.18290215938047938,0.08047109962406016,
0.3682150841563553,0.24808587837241408,0.3129944511698812,0.3958162488388971,,f7b004,7,16,byfarm_fold7,2,yolo11s,0.45367459153749484,0.7485540455351777,0.13506298545641637,0.1355687140963323,
0.41482005293490865,0.2819803775351012,0.41177626408146295,0.391727407579803,,f7b004,7,16,byfarm_fold7,3,yolo11s,0.5953210955710956,0.7712323232323233,0.157524015158438,0.13520277777777778,
0.37716507515018577,0.25367335720137113,0.30469346843724493,0.3365599091460931,,f7b004,7,16,byfarm_fold7,4,yolo11s,0.5904462910431759,0.6805193172840232,0.09175487189308996,0.14593982038045403,
0.995,0.8690000000000001,1.0,0.9857660226819511,,f7b005,7,8,byfarm_fold7,42,yolo11s,0.995,,,,
0.995,0.90175,0.9933270718626376,1.0,,f7b005,7,8,byfarm_fold7,1,yolo11s,0.995,,,,
0.995,0.8147500000000001,0.9927477090245571,1.0,,f7b005,7,8,byfarm_fold7,2,yolo11s,0.995,,,,
0.995,0.8901750000000002,0.9954258731587149,1.0,,f7b005,7,8,byfarm_fold7,3,yolo11s,0.995,,,,
0.995,0.9114285714285714,0.9931474668898467,1.0,,f7b005,7,8,byfarm_fold7,4,yolo11s,0.995,,,,
0.009631496162875366,0.0030190121000197015,0.016304347826086956,0.11029411764705882,,f7b006,7,6,byfarm_fold7,42,yolo11s,,,0.01926299232575073,0.0,
0.001519387265592931,0.000319405397292586,0.008669495328736667,0.07107843137254902,,f7b006,7,6,byfarm_fold7,1,yolo11s,,,0.0013219413197145809,0.0017168332114712813,
0.00968858403620448,0.0030746840295644267,0.0767167148589646,0.022058823529411766,,f7b006,7,6,byfarm_fold7,2,yolo11s,,,0.01937716807240896,0.0,
0.0025929120042639964,0.0005062737328801418,0.009191176470588236,0.07352941176470588,,f7b006,7,6,byfarm_fold7,3,yolo11s,,,0.005185824008527993,0.0,
0.03348662918115666,0.015714873765973837,0.06556789950225377,0.09558823529411764,,f7b006,7,6,byfarm_fold7,4,yolo11s,,,0.06681786530929687,0.00015539305301645338,
0.016314022890302707,0.004485239350217498,0.045205977953904554,0.07142857142857142,,f7b007,7,7,byfarm_fold7,42,yolo11s,,,0.008497464730433583,0.02413058105017183,
0.04760079508484317,0.011631782815328697,0.12624443444784744,0.22032967032967032,,f7b007,7,7,byfarm_fold7,1,yolo11s,,,0.03231025734870714,0.0628913328209792,
0.045572303757439585,0.01066644766847254,0.19560727794158272,0.17252747252747253,,f7b007,7,7,byfarm_fold7,2,yolo11s,,,0.023030640744370348,0.06811396677050882,
0.031789875804664317,0.0072575946905739305,0.0661151918857608,0.12417582417582418,,f7b007,7,7,byfarm_fold7,3,yolo11s,,,0.015594814434464106,0.04798493717486453,
0.06336426349321306,0.011392861642034003,0.13590824506781027,0.07692307692307693,,f7b007,7,7,byfarm_fold7,4,yolo11s,,,0.12159911970880977,0.005129407277616345,
