mAP50,mAP50_95,precision,recall,AP50::Algal,AP50::Leaf_rot,AP50::Phomopsis,AP50::Psyllid,AP50::Psyllid_damage,AP50::leaf_hopper_damage,group,n_images,config,seed,model,unit
0.2569090960881504,0.14452716816482852,0.3883694725348012,0.3007078588081911,0.54033083700516,0.4718910238799402,0.17932285571373616,0.13640729823199402,0.14149535930764634,0.07200720239042549,o1,261,byfarm_fold0,42,yolo11s,orchard
0.2594593344566647,0.14946434172466058,0.3599426641190178,0.3281755601591067,0.40731180356561547,0.5542287057039151,0.3114851007622742,0.1147960138697643,0.06078378144794261,0.10815060139047657,o1,261,byfarm_fold0,1,yolo11s,orchard
0.3009406191119191,0.16710563714213206,0.39060403433009916,0.31275804891879494,0.6056724717354344,0.5422662834703637,0.3086619695780094,0.130668403581011,0.07334753708328506,0.14502704922341092,o1,261,byfarm_fold0,2,yolo11s,orchard
0.25755273925624717,0.1543865580131662,0.38819778821465634,0.26514256739506603,0.5837767559159299,0.5145899721061087,0.2431003114653989,0.12629888949949986,0.0480898923453494,0.02946061420519625,o1,261,byfarm_fold0,3,yolo11s,orchard
0.3063349352775857,0.17094582079344062,0.48985580744119633,0.33114407343151436,0.6223647929027456,0.46284026751925444,0.3242338506446883,0.13608251053927098,0.1045440477208897,0.18794414233866533,o1,261,byfarm_fold0,4,yolo11s,orchard
0.29152385689642774,0.15925293967176662,0.38667458749151323,0.33733275568723536,0.5653772926619594,0.4718190232224211,0.38962592401892454,0.1469904303928238,0.08247879305749245,0.09285167802494536,o1,261,byfarm_fold1,42,yolo11s,orchard
0.2775788442629173,0.16511768252426726,0.3753010727710111,0.3126095282023265,0.5045094580049083,0.5278432979080919,0.3005065228057402,0.12946901345677628,0.056472001729215786,0.14667277167277165,o1,261,byfarm_fold1,1,yolo11s,orchard
0.3032741875689369,0.1739841899329138,0.4136387718571013,0.30308751835254044,0.5891891944580661,0.5195959930227328,0.33702981049187686,0.11769189565261787,0.02903979559078614,0.22709843619754141,o1,261,byfarm_fold1,2,yolo11s,orchard
0.31225447592518624,0.17467500072577377,0.4538107927987789,0.3308094857418312,0.5735398712640654,0.5222417846326783,0.3615598931667211,0.15138930068505763,0.057894800727476485,0.20690120507511814,o1,261,byfarm_fold1,3,yolo11s,orchard
0.2696202629363567,0.16240780352460243,0.40026355034534483,0.30125322302816837,0.5520953408643273,0.5762578872609104,0.2318015529024995,0.1306941354012967,0.07048491100825266,0.056387750180853624,o1,261,byfarm_fold1,4,yolo11s,orchard
0.26870384163055827,0.16144216062700467,0.4582240217923714,0.2922927855241278,0.4537663545982732,0.5735474731431167,0.2637746513219525,0.1363225322383799,0.06525224822116074,0.11955979026046627,o1,261,byfarm_fold2,42,yolo11s,orchard
0.2884453679242561,0.16891215338041668,0.38826069264062174,0.3414407582445036,0.5556372807984788,0.5101914273332793,0.3157274599187516,0.14064621227429908,0.08489114691186042,0.12357868030886743,o1,261,byfarm_fold2,1,yolo11s,orchard
0.2883221489198819,0.16707279741358894,0.4040915842370328,0.27296034826049587,0.6025777827169218,0.508868911825144,0.3709136912453091,0.14934738788389895,0.08540512401599122,0.01281999583202653,o1,261,byfarm_fold2,2,yolo11s,orchard
0.27720574381146057,0.16168887271325463,0.3696613808443348,0.33136898725127256,0.6093768888978707,0.49939939471474365,0.3181314410913775,0.12867128467677968,0.08200888261088868,0.025646570877103127,o1,261,byfarm_fold2,3,yolo11s,orchard
0.2707344862269883,0.15342140365373716,0.3788577574112045,0.29530969785983524,0.5360076589904774,0.5055124661190206,0.3041063998229461,0.13826230666566988,0.08476969872733728,0.05574838703647869,o1,261,byfarm_fold2,4,yolo11s,orchard
0.2793868328812236,0.1613085357200384,0.387583191862485,0.33608014462381924,0.49104415015625213,0.5618434192317918,0.23111902171798787,0.13649755202665834,0.12962935415465135,0.1261875,o1,261,byfarm_fold3,42,yolo11s,orchard
0.2570990157532508,0.14435035330202786,0.3426706273757994,0.3454891598429222,0.4496968956426821,0.4677710409293382,0.3250368469978746,0.14873874529743383,0.08910639458083351,0.06224417107134234,o1,261,byfarm_fold3,1,yolo11s,orchard
0.28933009335984744,0.16654784850863755,0.3772035349717751,0.3408277553235435,0.5699599872505494,0.5792124307234874,0.22509921741718608,0.15084179968343278,0.11766232773124422,0.09320479735318446,o1,261,byfarm_fold3,2,yolo11s,orchard
0.3225594160902481,0.17876836222318118,0.4607828970622451,0.3286917386367227,0.5346174520401786,0.6166703662407795,0.2964059971960191,0.1482304693400778,0.09467754187536812,0.24475466984906535,o1,261,byfarm_fold3,3,yolo11s,orchard
0.28967666205957177,0.16373799746917758,0.4280712872889032,0.34064719750569555,0.4526443944717476,0.5622872223650008,0.3349908090008235,0.15393147668196733,0.12154418876378736,0.11266188107410408,o1,261,byfarm_fold3,4,yolo11s,orchard
0.2698836965739062,0.15987162532021112,0.403596733959623,0.2872879589057192,0.5578621256646401,0.5782305966018177,0.21491242922489504,0.1108975414985378,0.11916516302120332,0.03823432343234323,o1,261,byfarm_fold4,42,yolo11s,orchard
0.2898948646013531,0.16795803181358607,0.420888092596649,0.2921597755243336,0.5685897895807785,0.5416205729204853,0.3970445169917285,0.1315045220538793,0.08858815144586249,0.012021634615384615,o1,261,byfarm_fold4,1,yolo11s,orchard
0.28072848682686913,0.15959659721958885,0.41159500045216474,0.31794962904467716,0.556123778338833,0.5418957050967932,0.278913985276425,0.1302932343161061,0.11129528246427531,0.06584893546878229,o1,261,byfarm_fold4,2,yolo11s,orchard
0.2754136703957802,0.1607672952424809,0.37615400875288824,0.31610923747139835,0.5816467371881839,0.548049370806167,0.29150696378386365,0.10936724689407575,0.10702742243851784,0.014884281263872881,o1,261,byfarm_fold4,3,yolo11s,orchard
0.24702264850004121,0.14526562392706988,0.4166591775981301,0.24740389164521862,0.5799516708704012,0.5139515087842932,0.15279580242195456,0.12264205331690176,0.10866796517301111,0.004126890433685712,o1,261,byfarm_fold4,4,yolo11s,orchard
0.2954477298076869,0.16417072977130268,0.39116480043648577,0.3464447764916125,0.5710665692524691,0.5873469905980325,0.20907967987449028,0.12348284634383654,0.07157511978598599,0.21013517299130718,o1,261,byfarm_fold5,42,yolo11s,orchard
0.2727497712504472,0.15178487634130886,0.4194927315815802,0.29737069966056945,0.5437531565031003,0.5015751894642644,0.2612652233475513,0.12991318640620583,0.08244682566831137,0.11754504611325017,o1,261,byfarm_fold5,1,yolo11s,orchard
0.2751449979301269,0.1635481496762342,0.3852423991582275,0.35369772581303455,0.5682692469341644,0.5112764415063688,0.30833248995924134,0.13343413064758508,0.0785545840201492,0.05100309451325308,o1,261,byfarm_fold5,2,yolo11s,orchard
0.27233013804488904,0.15492246847684077,0.44544026443628537,0.27485452335565597,0.5842689860471653,0.5410552597378022,0.1908949363404327,0.1483874910563907,0.10118611611027767,0.06818803897726573,o1,261,byfarm_fold5,3,yolo11s,orchard
0.26277892081342363,0.15011713098369445,0.40852355367576126,0.2917390636401452,0.5299281772131879,0.5442772309916502,0.25416234080220473,0.13115236415028703,0.08119288439897235,0.03596052732423963,o1,261,byfarm_fold5,4,yolo11s,orchard
0.26557920553005154,0.1469193597686374,0.37132985708948213,0.27992150629059503,0.5100051714593866,0.5179617332816887,0.24835964788601983,0.14206387671962284,0.12147907644118636,0.053605727392404615,o1,261,byfarm_fold6,42,yolo11s,orchard
0.24567648118568441,0.138996937945556,0.3542220704347338,0.2896754048366494,0.5776716519203374,0.5324883651075445,0.10080964782612456,0.14952826530625768,0.09972573295134848,0.013835224002493663,o1,261,byfarm_fold6,1,yolo11s,orchard
0.2442983410244044,0.1399196343484303,0.38265885857647497,0.29094399522138586,0.5254974902631362,0.5341805454463253,0.08783182867738534,0.14444682290699717,0.08084546711469073,0.09298789173789174,o1,261,byfarm_fold6,2,yolo11s,orchard
0.2881559989366828,0.15337991229588155,0.4334783988483757,0.2955975932496977,0.45255948222494824,0.5793304101216006,0.15473787683955037,0.1552512948657785,0.10098647310776268,0.28607045646045637,o1,261,byfarm_fold6,3,yolo11s,orchard
0.26225516365232665,0.1536110532603354,0.34838058168039004,0.33033208356508115,0.565003576279181,0.5677775740872959,0.14792330066456433,0.13199994931100484,0.06023630379413575,0.10059027777777776,o1,261,byfarm_fold6,4,yolo11s,orchard
0.21470916177441504,0.11972438524702161,0.3316542178061174,0.2573776699776727,0.4270244720006077,0.3932687669888214,0.3186622062164177,0.11465682335880713,0.02350822478172669,0.011134477300109722,o1,261,byfarm_fold7,42,yolo11s,orchard
0.3055685548968183,0.1723578934772133,0.48341752659526555,0.33326681229551464,0.5185630574673019,0.5179002087484336,0.2980972630156715,0.1529063938434358,0.10910325382727784,0.23684115247878906,o1,261,byfarm_fold7,1,yolo11s,orchard
0.2979124139124124,0.1637420781843914,0.3349670290001088,0.3416207338647345,0.609417225709727,0.5254558617359136,0.28717760892837574,0.15009245323437626,0.13670225252616652,0.07862908133991503,o1,261,byfarm_fold7,2,yolo11s,orchard
0.27777959140134284,0.15237254062571673,0.3825520827991073,0.28944655745662357,0.5934715974236958,0.49265001425060767,0.30118239821890164,0.1387808334536916,0.1090533415770734,0.0315393634840871,o1,261,byfarm_fold7,3,yolo11s,orchard
0.31549116878435063,0.18075029839711249,0.43015206992243193,0.3376429745851894,0.5976801680812709,0.5563074682446542,0.3365706599469611,0.1524865136703557,0.10048300811279019,0.14941919465007167,o1,261,byfarm_fold7,4,yolo11s,orchard
0.2610898240515469,0.15457492585166807,0.4253890055004384,0.2745761416769849,0.5864160149232935,0.5241496394905454,0.19486259789417046,0.1368703781160352,0.08925478043134878,0.034985533453887885,o1,261,random,42,yolo11s,orchard
0.2507231778067381,0.1521350830514246,0.3585156849861308,0.2696304404818377,0.537785195321515,0.5203153919835565,0.21533974812992268,0.11485718589692327,0.06829157950823914,0.047749966000271996,o1,261,random,1,yolo11s,orchard
0.25670292539909895,0.1517858138376371,0.4006162495358286,0.28735633489161333,0.5108864589873958,0.541432316170494,0.19813377494560258,0.12305158340527386,0.12730637842269446,0.03940704046313251,o1,261,random,2,yolo11s,orchard
0.3011627296069008,0.1646090972594926,0.49769154480635486,0.31525977004762856,0.5728371861503885,0.46766113543112986,0.24207824606916764,0.12936893488810308,0.09102651463749953,0.3040043604651163,o1,261,random,3,yolo11s,orchard
0.25168139774533915,0.14606898498209347,0.3490790307658537,0.2854058143844679,0.5139598531053889,0.5181442516520203,0.17347050167206424,0.13959010004321792,0.06966273869345838,0.09526094130588512,o1,261,random,4,yolo11s,orchard
0.35226427588866926,0.2230417543055215,0.4413488010877201,0.32285038027037805,0.7354001775764022,0.4732066167492638,0.2004503092290111,0.0,,,o2,20,byfarm_fold0,42,yolo11s,orchard
0.3083604999143739,0.18190393114225492,0.4537200036129422,0.3060872851460867,0.5601872477542432,0.5295558984488272,0.14369885345442523,0.0,,,o2,20,byfarm_fold0,1,yolo11s,orchard
0.36729182106909686,0.1897480832283512,0.5038828771379689,0.3891799658755831,0.6713373095126453,0.5021802310237727,0.24814974373996934,0.0475,,,o2,20,byfarm_fold0,2,yolo11s,orchard
0.321244278176683,0.19045379699703338,0.5548014702613272,0.2766812865497076,0.6521762740183793,0.38809460845359317,0.24470623023475951,0.0,,,o2,20,byfarm_fold0,3,yolo11s,orchard
0.3615732890963154,0.20520102461716574,0.4610816362109613,0.36943033155113275,0.6712462401527086,0.44955517080738505,0.23049174542516804,0.095,,,o2,20,byfarm_fold0,4,yolo11s,orchard
0.3812469702240259,0.22829143078417138,0.3920230496643907,0.37861087872032956,0.6589963601070413,0.630479845632788,0.18801167515627432,0.0475,,,o2,20,byfarm_fold1,42,yolo11s,orchard
0.37875569806775916,0.2073169716457198,0.43931307205230014,0.3377560524086923,0.6647380880150624,0.5927497372193026,0.16253496703667158,0.095,,,o2,20,byfarm_fold1,1,yolo11s,orchard
0.33559367982614724,0.1723238150746107,0.46431800850489846,0.26755000445121807,0.4798322108504419,0.48943760896911687,0.2781048994850302,0.095,,,o2,20,byfarm_fold1,2,yolo11s,orchard
0.35589080809484064,0.19025647955850733,0.4614485485167842,0.3798930399023789,0.6067939959824805,0.5059323928544335,0.21583684354244842,0.095,,,o2,20,byfarm_fold1,3,yolo11s,orchard
0.38021842589102384,0.23246834675830383,0.6334418026314341,0.26184033710513405,0.6816513568299283,0.576058892876337,0.16816345385783008,0.095,,,o2,20,byfarm_fold1,4,yolo11s,orchard
0.2924469955262604,0.16943676700925941,0.46297531495318156,0.2629160223408781,0.6447905253900827,0.3025714285714286,0.22242602814353019,0.0,,,o2,20,byfarm_fold2,42,yolo11s,orchard
0.26940188150439354,0.14929356822782175,0.40770727845464494,0.3061737323976103,0.58580481457246,0.2617132867132867,0.1350894247318275,0.095,,,o2,20,byfarm_fold2,1,yolo11s,orchard
0.33999481701107953,0.18636920482494249,0.43847934542304845,0.31492291308868453,0.6430560674325829,0.5154534682401732,0.10646973237156207,0.095,,,o2,20,byfarm_fold2,2,yolo11s,orchard
0.27473500063997425,0.13893355228608043,0.3432498943807924,0.2982180704695169,0.7100105550115906,0.26861337256672535,0.07281607498158096,0.0475,,,o2,20,byfarm_fold2,3,yolo11s,orchard
0.2503768308044648,0.1455061718675576,0.465974700141853,0.28492303649118234,0.6153467459314141,0.24901573221018408,0.137144845076261,0.0,,,o2,20,byfarm_fold2,4,yolo11s,orchard
0.386997387879824,0.2318830617153212,0.5008571686830832,0.3590082391243965,0.773658599978453,0.5479441661813476,0.22638678535949558,0.0,,,o2,20,byfarm_fold3,42,yolo11s,orchard
0.2983614110674583,0.1700901209973503,0.3608551855469008,0.34192251461988304,0.5762698329705083,0.43845400531036116,0.1787218059889638,0.0,,,o2,20,byfarm_fold3,1,yolo11s,orchard
0.3834868187884951,0.22811114903839408,0.47421727116121487,0.3738621912400067,0.6765901678576994,0.6079997201074787,0.24935738718880227,0.0,,,o2,20,byfarm_fold3,2,yolo11s,orchard
0.3790973702798584,0.215981506062742,0.40800175086820667,0.3429606694902725,0.6168286550895247,0.6402003281088269,0.16436049792108204,0.095,,,o2,20,byfarm_fold3,3,yolo11s,orchard
0.362280098888551,0.206373396863374,0.4845929667557434,0.3289378118480513,0.5778190518594988,0.641743757953507,0.20580758574119817,0.02375,,,o2,20,byfarm_fold3,4,yolo11s,orchard
0.37903406930124844,0.2346456879428386,0.4585652564439041,0.3357178941682657,0.7594757007461181,0.5573787361287361,0.19928184033013943,0.0,,,o2,20,byfarm_fold4,42,yolo11s,orchard
0.36313825499768887,0.1919804866273823,0.38663957391292597,0.37101608187134505,0.6470505237711007,0.5676920268564752,0.14281046936317962,0.095,,,o2,20,byfarm_fold4,1,yolo11s,orchard
0.3449569530119735,0.21019310062264834,0.39483498135660655,0.28799259212395933,0.6698277567567921,0.6043226585303482,0.10567739676075356,0.0,,,o2,20,byfarm_fold4,2,yolo11s,orchard
0.29661020117681797,0.170056716677838,0.3812887329830391,0.2795002467735237,0.5700529354475006,0.38271303715130234,0.1861748321084689,0.0475,,,o2,20,byfarm_fold4,3,yolo11s,orchard
0.2870796043574946,0.16327841968376716,0.4295861629600394,0.28439327485380117,0.4768314686761178,0.5105909780578899,0.16089597069597072,0.0,,,o2,20,byfarm_fold4,4,yolo11s,orchard
0.3435292317670376,0.19542403341769032,0.47383980351315996,0.3087346692596352,0.612235023456076,0.6224417485825443,0.13944015502952983,0.0,,,o2,20,byfarm_fold5,42,yolo11s,orchard
0.3620692580121437,0.19884003490384425,0.33259358212002077,0.3612207602339181,0.7571929639300048,0.6067975086561548,0.08428655946241517,0.0,,,o2,20,byfarm_fold5,1,yolo11s,orchard
0.2767656586327406,0.15512902783129995,0.4086646312092679,0.2649975439939855,0.6123173805372284,0.41368220600758654,0.08106304798614733,0.0,,,o2,20,byfarm_fold5,2,yolo11s,orchard
0.27843343581898067,0.1698982472927648,0.3351575969990127,0.30428315736534245,0.611912130551155,0.4656482156337729,0.03617339709099468,0.0,,,o2,20,byfarm_fold5,3,yolo11s,orchard
0.2869426814232757,0.1532222050923398,0.37882876257019094,0.33779239766081876,0.49938494134354783,0.49177956777782045,0.12493954990506784,0.03166666666666666,,,o2,20,byfarm_fold5,4,yolo11s,orchard
0.3546427468007455,0.19395359293746267,0.4010569756855518,0.34049948479235864,0.6361622463331325,0.5193758909002812,0.2630328499695681,0.0,,,o2,20,byfarm_fold6,42,yolo11s,orchard
0.2719665608706956,0.148534552696719,0.28398081890891536,0.2851089960208691,0.49354371562007177,0.4710009168941262,0.0758216109685843,0.0475,,,o2,20,byfarm_fold6,1,yolo11s,orchard
0.37446799315753226,0.2084562002871034,0.49343190103628065,0.3305899575706403,0.7554346435793043,0.5242183574879227,0.2182189715629021,0.0,,,o2,20,byfarm_fold6,2,yolo11s,orchard
0.35992051663987157,0.2144524932099418,0.5354700431025765,0.33289473684210524,0.6292616488572943,0.555844427661616,0.2545759900405761,0.0,,,o2,20,byfarm_fold6,3,yolo11s,orchard
0.3629997042541112,0.21483946975813728,0.4781060775378959,0.3289022269096845,0.7049008338967772,0.5493092948717948,0.19778868824787302,0.0,,,o2,20,byfarm_fold6,4,yolo11s,orchard
0.21755439629423248,0.12545418991626422,0.30008255950821394,0.22123538011695904,0.34332274955436726,0.3709128649465372,0.10848197067602545,0.0475,,,o2,20,byfarm_fold7,42,yolo11s,orchard
0.36785065834181113,0.21502773491215593,0.4248868130313546,0.3747919599151768,0.7491865652475409,0.4956664720449322,0.22654959607477143,0.0,,,o2,20,byfarm_fold7,1,yolo11s,orchard
0.38289076280022843,0.22948480494223383,0.4979890380820461,0.35314067663691134,0.7872919811371423,0.5675088672604403,0.17676220280333127,0.0,,,o2,20,byfarm_fold7,2,yolo11s,orchard
0.3300732181847474,0.17588076502971656,0.35631425704753034,0.3891043496742348,0.6298695456516312,0.5119786309202558,0.15944469616710286,0.019,,,o2,20,byfarm_fold7,3,yolo11s,orchard
0.3570493141365422,0.2090795502297631,0.45394188335135355,0.3418494152046783,0.7039975562072336,0.5032521605305,0.220947539808435,0.0,,,o2,20,byfarm_fold7,4,yolo11s,orchard
0.30412068819615534,0.1832408243609469,0.44768676292864296,0.31742022873728093,0.5601480573933404,0.42655811508752683,0.22977658030375422,0.0,,,o2,20,random,42,yolo11s,orchard
0.2784606386661825,0.17583208390036104,0.4286006595877985,0.2954432631146008,0.4333433764344673,0.47412304994155385,0.20637612828870883,0.0,,,o2,20,random,1,yolo11s,orchard
0.27210205800570186,0.16033626968379436,0.4228373818717307,0.30369152046783626,0.5959504120488776,0.34567796257796257,0.14677985739596724,0.0,,,o2,20,random,2,yolo11s,orchard
0.29247471153548427,0.15296933140302543,0.43963511058341687,0.3019125091894638,0.5347465838509318,0.4108804704534278,0.22427179183757756,0.0,,,o2,20,random,3,yolo11s,orchard
0.2873854572173688,0.17367773778934245,0.4205322551124696,0.24367032796525118,0.38244378234795806,0.5629349891487823,0.20416305737273482,0.0,,,o2,20,random,4,yolo11s,orchard
