model,config,k,draw,seed,n_train,mAP50,mAP50_95,sites
yolo11s,k01_d0,1,0,42,100,0.11373692656427088,0.0469361764318787,2
yolo11s,k01_d0,1,0,1,100,0.1119135147209383,0.04487356684030714,2
yolo11s,k01_d1,1,1,42,100,0.0832078142114654,0.045076004303469495,0
yolo11s,k01_d1,1,1,1,100,0.06559802661087895,0.03802556034419786,0
yolo11s,k01_d4,1,4,42,100,0.12172495195501774,0.05319377009477287,2
yolo11s,k01_d4,1,4,1,100,0.12857083069844494,0.05591206444932014,2
yolo11s,k01_d5,1,5,42,100,0.0578778598287411,0.0302487415515856,1
yolo11s,k01_d5,1,5,1,100,0.04855836123123355,0.02064851457951987,1
yolo11s,k02_d0,2,0,42,100,0.1454761986922339,0.07099829517036027,2;3
yolo11s,k02_d0,2,0,1,100,0.13698051428724334,0.06601845363227597,2;3
yolo11s,k02_d1,2,1,42,100,0.10826231024294437,0.06207559620596443,3;4
yolo11s,k02_d1,2,1,1,100,0.13170312125573802,0.06499996650388361,3;4
yolo11s,k02_d2,2,2,42,100,0.09717770707358646,0.05317929625508044,1;3
yolo11s,k02_d2,2,2,1,100,0.10616363791977705,0.05554500670847161,1;3
yolo11s,k02_d3,2,3,42,100,0.12977674896596592,0.0607619943883995,3;4
yolo11s,k02_d3,2,3,1,100,0.11712843647793875,0.05610455906443609,3;4
yolo11s,k02_d4,2,4,42,100,0.10541238924432335,0.06032555958823862,1;3
yolo11s,k02_d4,2,4,1,100,0.09875457557569854,0.04920214181639894,1;3
yolo11s,k02_d5,2,5,42,100,0.07811263394722193,0.04339713019520531,0;1
yolo11s,k02_d5,2,5,1,100,0.07398189974539228,0.039003652544287094,0;1
yolo11s,k03_d0,3,0,42,100,0.1376032202060196,0.06643145414594566,0;2;3
yolo11s,k03_d0,3,0,1,100,0.14644227251588213,0.06978490796899317,0;2;3
yolo11s,k03_d1,3,1,42,100,0.11010750254600488,0.05619263264512133,0;4;7
yolo11s,k03_d1,3,1,1,100,0.09101832121250637,0.04424055563234756,0;4;7
yolo11s,k03_d2,3,2,42,100,0.13479422679789327,0.05978042533817192,0;1;2
yolo11s,k03_d2,3,2,1,100,0.13094405815610774,0.05828743772419697,0;1;2
yolo11s,k03_d3,3,3,42,100,0.11307985960046485,0.045242071785874034,1;2;7
yolo11s,k03_d3,3,3,1,100,0.13410499491122319,0.054015639215568526,1;2;7
yolo11s,k03_d4,3,4,42,100,0.15152948464346824,0.06999492943962457,2;3;4
yolo11s,k03_d4,3,4,1,100,0.16571661746066293,0.07520451231253111,2;3;4
yolo11s,k03_d5,3,5,42,100,0.09399548559702169,0.04967784850923002,0;1;3
yolo11s,k03_d5,3,5,1,100,0.10147028282256855,0.056067823019361536,0;1;3
yolo11s,k04_d0,4,0,42,100,0.16731637854386658,0.0787333302770726,2;3;4;7
yolo11s,k04_d0,4,0,1,100,0.14508466441814347,0.06621568622568087,2;3;4;7
yolo11s,k04_d1,4,1,42,100,0.1823401559576181,0.0757190821279182,1;2;3;4
yolo11s,k04_d1,4,1,1,100,0.1531498915847814,0.06949110310909784,1;2;3;4
yolo11s,k04_d2,4,2,42,100,0.13797128805952222,0.06550861737720579,0;2;3;7
yolo11s,k04_d2,4,2,1,100,0.13382733267609895,0.06345780852117612,0;2;3;7
yolo11s,k04_d3,4,3,42,100,0.13928785471558006,0.06565696655767464,0;1;2;3
yolo11s,k04_d3,4,3,1,100,0.1311604349098684,0.059562491385748345,0;1;2;3
yolo11s,k04_d4,4,4,42,100,0.12583898934648927,0.05622357617518546,0;1;2;3
yolo11s,k04_d4,4,4,1,100,0.11892117007291507,0.05330345544812973,0;1;2;3
yolo11s,k04_d5,4,5,42,100,0.11422953516328432,0.05470560159327124,1;3;4;7
yolo11s,k04_d5,4,5,1,100,0.10977093937979855,0.052993168507967196,1;3;4;7
yolo11s,k06_d0,6,0,42,100,0.1543656266618498,0.06918922990046963,0;1;2;3;4;7
yolo11s,k06_d0,6,0,1,100,0.1458630696133817,0.06135198251418392,0;1;2;3;4;7
yolo11s,k06_d1,6,1,42,100,0.17160096475438322,0.0817286746021477,0;1;2;3;4;7
yolo11s,k06_d1,6,1,1,100,0.1508479489488934,0.07251215875080504,0;1;2;3;4;7
yolo11s,k06_d2,6,2,42,100,0.15787772886344528,0.0750730536954394,0;1;2;3;4;7
yolo11s,k06_d2,6,2,1,100,0.14220357537463216,0.06609256130566916,0;1;2;3;4;7
yolo11s,k06_d3,6,3,42,100,0.15660872108245663,0.07606853323497352,0;1;2;3;4;7
yolo11s,k06_d3,6,3,1,100,0.1393964602886714,0.06747906925594832,0;1;2;3;4;7
yolo11s,k06_d4,6,4,42,100,0.14366684121884085,0.06852823928480441,0;1;2;3;4;7
yolo11s,k06_d4,6,4,1,100,0.13187658605288763,0.062191312228794586,0;1;2;3;4;7
yolo11s,k06_d5,6,5,42,100,0.153486096414403,0.07195758891187583,0;1;2;3;4;7
yolo11s,k06_d5,6,5,1,100,0.12385711603351575,0.062226668856053165,0;1;2;3;4;7
